dataset,budget,method,cap,ndcg10_linear,ndcg10_exponential,recall
trec-covid-chrono-r1,128,balanced_cert,20,0.5557876152422155,0.5386165790064269,0.055458869627853985
trec-covid-chrono-r1,128,balanced_cert,100,0.5557876152422155,0.5386165790064269,0.055458869627853985
trec-covid-chrono-r1,128,balanced_zero,20,0.7044331191802493,0.6726557976015064,0.10515641392054287
trec-covid-chrono-r1,128,balanced_zero,100,0.7044331191802493,0.6726557976015064,0.2568363528373714
trec-covid-chrono-r1,128,blocker_cert,20,0.5557876152422155,0.5386165790064269,0.055458869627853985
trec-covid-chrono-r1,128,blocker_cert,100,0.5557876152422155,0.5386165790064269,0.055458869627853985
trec-covid-chrono-r1,128,blocker_zero,20,0.7044331191802493,0.6726557976015064,0.10515641392054287
trec-covid-chrono-r1,128,blocker_zero,100,0.7044331191802493,0.6726557976015064,0.2568363528373714
trec-covid-chrono-r1,128,fixed_topL_zero,20,0.7044331191802493,0.6726557976015064,0.10515641392054287
trec-covid-chrono-r1,128,fixed_topL_zero,100,0.7044331191802493,0.6726557976015064,0.2568363528373714
trec-covid-chrono-r1,256,balanced_cert,20,0.6478627484889915,0.623369428459329,0.0768395175588801
trec-covid-chrono-r1,256,balanced_cert,100,0.6478627484889915,0.623369428459329,0.08071211542065652
trec-covid-chrono-r1,256,balanced_zero,20,0.7019524784092841,0.671992754127885,0.10702151682682037
trec-covid-chrono-r1,256,balanced_zero,100,0.7019524784092841,0.671992754127885,0.26286064104006424
trec-covid-chrono-r1,256,blocker_cert,20,0.6478627484889915,0.623369428459329,0.0768395175588801
trec-covid-chrono-r1,256,blocker_cert,100,0.6478627484889915,0.623369428459329,0.08071211542065652
trec-covid-chrono-r1,256,blocker_zero,20,0.7019524784092841,0.671992754127885,0.10702151682682037
trec-covid-chrono-r1,256,blocker_zero,100,0.7019524784092841,0.671992754127885,0.26286064104006424
trec-covid-chrono-r1,256,fixed_topL_zero,20,0.7019524784092841,0.671992754127885,0.10702151682682037
trec-covid-chrono-r1,256,fixed_topL_zero,100,0.7019524784092841,0.671992754127885,0.26286064104006424
trec-covid-chrono-r1,512,balanced_cert,20,0.6860334754070411,0.6582081946611004,0.09110333150802546
trec-covid-chrono-r1,512,balanced_cert,100,0.6860334754070411,0.6582081946611004,0.1052392011580391
trec-covid-chrono-r1,512,balanced_zero,20,0.703658980508675,0.6731836401174071,0.10624333236134637
trec-covid-chrono-r1,512,balanced_zero,100,0.703658980508675,0.6731836401174071,0.2717585095594395
trec-covid-chrono-r1,512,blocker_cert,20,0.6860334754070411,0.6582081946611004,0.09143015876953299
trec-covid-chrono-r1,512,blocker_cert,100,0.6860334754070411,0.6582081946611004,0.10768403711650269
trec-covid-chrono-r1,512,blocker_zero,20,0.703658980508675,0.6731836401174071,0.10611610589824204
trec-covid-chrono-r1,512,blocker_zero,100,0.703658980508675,0.6731836401174071,0.2729168451203412
trec-covid-chrono-r1,512,fixed_topL_zero,20,0.703658980508675,0.6731836401174071,0.10624333236134637
trec-covid-chrono-r1,512,fixed_topL_zero,100,0.703658980508675,0.6731836401174071,0.2717585095594395
trec-covid-chrono-r1,1024,balanced_cert,20,0.6957614117944277,0.6671471362863891,0.09584750228734491
trec-covid-chrono-r1,1024,balanced_cert,100,0.6957614117944277,0.6671471362863891,0.12856765856904068
trec-covid-chrono-r1,1024,balanced_zero,20,0.7036186255619719,0.6738575948748494,0.10589854618116692
trec-covid-chrono-r1,1024,balanced_zero,100,0.7036186255619719,0.6738575948748494,0.27695018007865096
trec-covid-chrono-r1,1024,blocker_cert,20,0.6957614117944277,0.6671471362863891,0.09648625193925246
trec-covid-chrono-r1,1024,blocker_cert,100,0.6957614117944277,0.6671471362863891,0.1318321795276798
trec-covid-chrono-r1,1024,blocker_zero,20,0.7047319220066608,0.6753419901344347,0.10589854618116692
trec-covid-chrono-r1,1024,blocker_zero,100,0.7047319220066608,0.6753419901344347,0.27797256012841043
trec-covid-chrono-r1,1024,fixed_topL_zero,20,0.7036186255619719,0.6738575948748494,0.10589854618116692
trec-covid-chrono-r1,1024,fixed_topL_zero,100,0.7036186255619719,0.6738575948748494,0.27695018007865096
trec-covid-chrono-r1,2048,balanced_cert,20,0.7050889960444974,0.6755800394929924,0.09998776243347737
trec-covid-chrono-r1,2048,balanced_cert,100,0.7050889960444974,0.6755800394929924,0.1417299126727498
trec-covid-chrono-r1,2048,balanced_zero,20,0.706246183076777,0.6763514975145122,0.10553791788320774
trec-covid-chrono-r1,2048,balanced_zero,100,0.706246183076777,0.6763514975145122,0.2782917147780092
trec-covid-chrono-r1,2048,blocker_cert,20,0.7050889960444974,0.6755800394929924,0.10037720884565106
trec-covid-chrono-r1,2048,blocker_cert,100,0.7050889960444974,0.6755800394929924,0.1493779573127777
trec-covid-chrono-r1,2048,blocker_zero,20,0.706246183076777,0.6763514975145122,0.10553791788320774
trec-covid-chrono-r1,2048,blocker_zero,100,0.706246183076777,0.6763514975145122,0.27811068976652015
trec-covid-chrono-r1,2048,fixed_topL_zero,20,0.706246183076777,0.6763514975145122,0.10553791788320774
trec-covid-chrono-r1,2048,fixed_topL_zero,100,0.706246183076777,0.6763514975145122,0.2782917147780092
trec-covid-chrono-r1,4096,balanced_cert,20,0.7050889960444974,0.6755800394929924,0.10221861113057801
trec-covid-chrono-r1,4096,balanced_cert,100,0.7050889960444974,0.6755800394929924,0.1591846663816849
trec-covid-chrono-r1,4096,balanced_zero,20,0.706246183076777,0.6763514975145122,0.10558714259910947
trec-covid-chrono-r1,4096,balanced_zero,100,0.706246183076777,0.6763514975145122,0.27864977494066717
trec-covid-chrono-r1,4096,blocker_cert,20,0.7050889960444974,0.6755800394929924,0.10221861113057801
trec-covid-chrono-r1,4096,blocker_cert,100,0.7050889960444974,0.6755800394929924,0.1719186504461399
trec-covid-chrono-r1,4096,blocker_zero,20,0.706246183076777,0.6763514975145122,0.10558714259910947
trec-covid-chrono-r1,4096,blocker_zero,100,0.706246183076777,0.6763514975145122,0.27863431372888914
trec-covid-chrono-r1,4096,fixed_topL_zero,20,0.706246183076777,0.6763514975145122,0.10558714259910947
trec-covid-chrono-r1,4096,fixed_topL_zero,100,0.706246183076777,0.6763514975145122,0.27864977494066717
trec-covid-chrono-r1,8192,balanced_cert,20,0.706246183076777,0.6763514975145122,0.10287365229194828
trec-covid-chrono-r1,8192,balanced_cert,100,0.706246183076777,0.6763514975145122,0.20293772386054973
trec-covid-chrono-r1,8192,balanced_zero,20,0.706246183076777,0.6763514975145122,0.10638787140616739
trec-covid-chrono-r1,8192,balanced_zero,100,0.706246183076777,0.6763514975145122,0.27960000018578035
trec-covid-chrono-r1,8192,blocker_cert,20,0.706246183076777,0.6763514975145122,0.10287365229194828
trec-covid-chrono-r1,8192,blocker_cert,100,0.706246183076777,0.6763514975145122,0.20741636428727728
trec-covid-chrono-r1,8192,blocker_zero,20,0.706246183076777,0.6763514975145122,0.10600908352737952
trec-covid-chrono-r1,8192,blocker_zero,100,0.706246183076777,0.6763514975145122,0.27960000018578035
trec-covid-chrono-r1,8192,fixed_topL_zero,20,0.706246183076777,0.6763514975145122,0.10638787140616739
trec-covid-chrono-r1,8192,fixed_topL_zero,100,0.706246183076777,0.6763514975145122,0.27960000018578035
trec-covid-chrono-r1,10000,balanced_cert,20,0.706246183076777,0.6763514975145122,0.10287365229194828
trec-covid-chrono-r1,10000,balanced_cert,100,0.706246183076777,0.6763514975145122,0.20741636428727728
trec-covid-chrono-r1,10000,balanced_zero,20,0.706246183076777,0.6763514975145122,0.10600908352737952
trec-covid-chrono-r1,10000,balanced_zero,100,0.706246183076777,0.6763514975145122,0.27960000018578035
trec-covid-chrono-r1,10000,blocker_cert,20,0.706246183076777,0.6763514975145122,0.10287365229194828
trec-covid-chrono-r1,10000,blocker_cert,100,0.706246183076777,0.6763514975145122,0.20741636428727728
trec-covid-chrono-r1,10000,blocker_zero,20,0.706246183076777,0.6763514975145122,0.10600908352737952
trec-covid-chrono-r1,10000,blocker_zero,100,0.706246183076777,0.6763514975145122,0.27960000018578035
trec-covid-chrono-r1,10000,fixed_topL_zero,20,0.706246183076777,0.6763514975145122,0.10600908352737952
trec-covid-chrono-r1,10000,fixed_topL_zero,100,0.706246183076777,0.6763514975145122,0.27960000018578035
trec-covid-chrono-r2,128,balanced_cert,20,0.5265683433967587,0.5078186609089235,0.030555680604275114
trec-covid-chrono-r2,128,balanced_cert,100,0.5265683433967587,0.5078186609089235,0.030555680604275114
trec-covid-chrono-r2,128,balanced_zero,20,0.7000970843675656,0.670280100688083,0.07047293851249169
trec-covid-chrono-r2,128,balanced_zero,100,0.7000970843675656,0.670280100688083,0.21239794592738256
trec-covid-chrono-r2,128,blocker_cert,20,0.5265683433967587,0.5078186609089235,0.030555680604275114
trec-covid-chrono-r2,128,blocker_cert,100,0.5265683433967587,0.5078186609089235,0.030555680604275114
trec-covid-chrono-r2,128,blocker_zero,20,0.7000970843675656,0.670280100688083,0.07047293851249169
trec-covid-chrono-r2,128,blocker_zero,100,0.7000970843675656,0.670280100688083,0.21239794592738256
trec-covid-chrono-r2,128,fixed_topL_zero,20,0.7000970843675656,0.670280100688083,0.07047293851249169
trec-covid-chrono-r2,128,fixed_topL_zero,100,0.7000970843675656,0.670280100688083,0.21239794592738256
trec-covid-chrono-r2,256,balanced_cert,20,0.6119347535757357,0.5904331252671935,0.04511049922933347
trec-covid-chrono-r2,256,balanced_cert,100,0.6119347535757357,0.5904331252671935,0.04705513895049049
trec-covid-chrono-r2,256,balanced_zero,20,0.7137917215034015,0.684066779664236,0.0726435838899939
trec-covid-chrono-r2,256,balanced_zero,100,0.7137917215034015,0.684066779664236,0.21996208551490298
trec-covid-chrono-r2,256,blocker_cert,20,0.6119347535757357,0.5904331252671935,0.04511049922933347
trec-covid-chrono-r2,256,blocker_cert,100,0.6119347535757357,0.5904331252671935,0.04705513895049049
trec-covid-chrono-r2,256,blocker_zero,20,0.7137917215034015,0.684066779664236,0.0726435838899939
trec-covid-chrono-r2,256,blocker_zero,100,0.7137917215034015,0.684066779664236,0.21996208551490298
trec-covid-chrono-r2,256,fixed_topL_zero,20,0.7137917215034015,0.684066779664236,0.0726435838899939
trec-covid-chrono-r2,256,fixed_topL_zero,100,0.7137917215034015,0.684066779664236,0.21996208551490298
trec-covid-chrono-r2,512,balanced_cert,20,0.68088769729473,0.6562149837584976,0.05794101212901209
trec-covid-chrono-r2,512,balanced_cert,100,0.68088769729473,0.6562149837584976,0.06928371846045792
trec-covid-chrono-r2,512,balanced_zero,20,0.7095571966539175,0.6797920842255595,0.07254713858914087
trec-covid-chrono-r2,512,balanced_zero,100,0.7095571966539175,0.6797920842255595,0.22445845713878976
trec-covid-chrono-r2,512,blocker_cert,20,0.68088769729473,0.6562149837584976,0.05794101212901209
trec-covid-chrono-r2,512,blocker_cert,100,0.68088769729473,0.6562149837584976,0.07060717140047354
trec-covid-chrono-r2,512,blocker_zero,20,0.7095571966539175,0.6797920842255595,0.07254713858914087
trec-covid-chrono-r2,512,blocker_zero,100,0.7095571966539175,0.6797920842255595,0.22410921379591586
trec-covid-chrono-r2,512,fixed_topL_zero,20,0.7095571966539175,0.6797920842255595,0.07254713858914087
trec-covid-chrono-r2,512,fixed_topL_zero,100,0.7095571966539175,0.6797920842255595,0.22445845713878976
trec-covid-chrono-r2,1024,balanced_cert,20,0.6928941021801318,0.6665334012446769,0.06424195443017587
trec-covid-chrono-r2,1024,balanced_cert,100,0.6928941021801318,0.6665334012446769,0.09005457143256942
trec-covid-chrono-r2,1024,balanced_zero,20,0.7131798707184202,0.6837645525883468,0.07410834743197361
trec-covid-chrono-r2,1024,balanced_zero,100,0.7131798707184202,0.6837645525883468,0.22788590291332075
trec-covid-chrono-r2,1024,blocker_cert,20,0.6974602591900755,0.6710995582546205,0.06493226539742056
trec-covid-chrono-r2,1024,blocker_cert,100,0.6974602591900755,0.6710995582546205,0.09393831078691516
trec-covid-chrono-r2,1024,blocker_zero,20,0.7132767112807172,0.6838936733380763,0.07430676013038631
trec-covid-chrono-r2,1024,blocker_zero,100,0.7132767112807172,0.6838936733380763,0.22735600797869918
trec-covid-chrono-r2,1024,fixed_topL_zero,20,0.7131798707184202,0.6837645525883468,0.07410834743197361
trec-covid-chrono-r2,1024,fixed_topL_zero,100,0.7131798707184202,0.6837645525883468,0.22788590291332075
trec-covid-chrono-r2,2048,balanced_cert,20,0.7053578279043228,0.6786436781455404,0.0690219782605996
trec-covid-chrono-r2,2048,balanced_cert,100,0.7053578279043228,0.6786436781455404,0.1105644421890657
trec-covid-chrono-r2,2048,balanced_zero,20,0.7113636415945571,0.6826475539390299,0.07451254800140425
trec-covid-chrono-r2,2048,balanced_zero,100,0.7113636415945571,0.6826475539390299,0.22850084060443465
trec-covid-chrono-r2,2048,blocker_cert,20,0.7053578279043228,0.6786436781455404,0.06988707289613368
trec-covid-chrono-r2,2048,blocker_cert,100,0.7053578279043228,0.6786436781455404,0.11588196911275667
trec-covid-chrono-r2,2048,blocker_zero,20,0.7113636415945571,0.6826475539390299,0.07488291837177462
trec-covid-chrono-r2,2048,blocker_zero,100,0.7113636415945571,0.6826475539390299,0.2272398645826492
trec-covid-chrono-r2,2048,fixed_topL_zero,20,0.7113636415945571,0.6826475539390299,0.07451254800140425
trec-covid-chrono-r2,2048,fixed_topL_zero,100,0.7113636415945571,0.6826475539390299,0.22850084060443465
trec-covid-chrono-r2,4096,balanced_cert,20,0.7069376339771486,0.679696882194091,0.07114022306187652
trec-covid-chrono-r2,4096,balanced_cert,100,0.7069376339771486,0.679696882194091,0.12314922198285105
trec-covid-chrono-r2,4096,balanced_zero,20,0.7113636415945571,0.6826475539390299,0.07491884634688549
trec-covid-chrono-r2,4096,balanced_zero,100,0.7113636415945571,0.6826475539390299,0.22751358213144515
trec-covid-chrono-r2,4096,blocker_cert,20,0.7080948210094282,0.6804683402156106,0.07200087359233837
trec-covid-chrono-r2,4096,blocker_cert,100,0.7080948210094282,0.6804683402156106,0.13085037882371153
trec-covid-chrono-r2,4096,blocker_zero,20,0.7114165915692635,0.6826828539221675,0.07466439342067684
trec-covid-chrono-r2,4096,blocker_zero,100,0.7114165915692635,0.6826828539221675,0.2263368235405807
trec-covid-chrono-r2,4096,fixed_topL_zero,20,0.7113636415945571,0.6826475539390299,0.07491884634688549
trec-covid-chrono-r2,4096,fixed_topL_zero,100,0.7113636415945571,0.6826475539390299,0.22751358213144515
trec-covid-chrono-r2,8192,balanced_cert,20,0.7080948210094282,0.6804683402156106,0.07235886855738315
trec-covid-chrono-r2,8192,balanced_cert,100,0.7080948210094282,0.6804683402156106,0.13865129821975652
trec-covid-chrono-r2,8192,balanced_zero,20,0.7103562450992811,0.6819759562755126,0.07491884634688549
trec-covid-chrono-r2,8192,balanced_zero,100,0.7103562450992811,0.6819759562755126,0.22778301396084388
trec-covid-chrono-r2,8192,blocker_cert,20,0.7080948210094282,0.6804683402156106,0.07242860356435665
trec-covid-chrono-r2,8192,blocker_cert,100,0.7080948210094282,0.6804683402156106,0.14487314715477748
trec-covid-chrono-r2,8192,blocker_zero,20,0.7103562450992811,0.6819759562755126,0.07491884634688549
trec-covid-chrono-r2,8192,blocker_zero,100,0.7103562450992811,0.6819759562755126,0.2281237516778445
trec-covid-chrono-r2,8192,fixed_topL_zero,20,0.7103562450992811,0.6819759562755126,0.07491884634688549
trec-covid-chrono-r2,8192,fixed_topL_zero,100,0.7103562450992811,0.6819759562755126,0.22778301396084388
trec-covid-chrono-r2,10000,balanced_cert,20,0.7080948210094282,0.6804683402156106,0.07242860356435665
trec-covid-chrono-r2,10000,balanced_cert,100,0.7080948210094282,0.6804683402156106,0.15302185958262415
trec-covid-chrono-r2,10000,balanced_zero,20,0.7103562450992811,0.6819759562755126,0.07491884634688549
trec-covid-chrono-r2,10000,balanced_zero,100,0.7103562450992811,0.6819759562755126,0.22821014118016716
trec-covid-chrono-r2,10000,blocker_cert,20,0.7080948210094282,0.6804683402156106,0.07242860356435665
trec-covid-chrono-r2,10000,blocker_cert,100,0.7080948210094282,0.6804683402156106,0.15302185958262415
trec-covid-chrono-r2,10000,blocker_zero,20,0.7103562450992811,0.6819759562755126,0.07491884634688549
trec-covid-chrono-r2,10000,blocker_zero,100,0.7103562450992811,0.6819759562755126,0.22821014118016716
trec-covid-chrono-r2,10000,fixed_topL_zero,20,0.7103562450992811,0.6819759562755126,0.07491884634688549
trec-covid-chrono-r2,10000,fixed_topL_zero,100,0.7103562450992811,0.6819759562755126,0.22821014118016716
trec-covid-chrono-r3,128,balanced_cert,20,0.5199689360691008,0.5035682116378246,0.015453865935137414
trec-covid-chrono-r3,128,balanced_cert,100,0.5199689360691008,0.5035682116378246,0.015453865935137414
trec-covid-chrono-r3,128,balanced_zero,20,0.7387012716812019,0.7134391909059871,0.042433570788167584
trec-covid-chrono-r3,128,balanced_zero,100,0.7387012716812019,0.7134391909059871,0.13972582921752083
trec-covid-chrono-r3,128,blocker_cert,20,0.5199689360691008,0.5035682116378246,0.015453865935137414
trec-covid-chrono-r3,128,blocker_cert,100,0.5199689360691008,0.5035682116378246,0.015453865935137414
trec-covid-chrono-r3,128,blocker_zero,20,0.7387012716812019,0.7134391909059871,0.042433570788167584
trec-covid-chrono-r3,128,blocker_zero,100,0.7387012716812019,0.7134391909059871,0.13972582921752083
trec-covid-chrono-r3,128,fixed_topL_zero,20,0.7387012716812019,0.7134391909059871,0.042433570788167584
trec-covid-chrono-r3,128,fixed_topL_zero,100,0.7387012716812019,0.7134391909059871,0.13972582921752083
trec-covid-chrono-r3,256,balanced_cert,20,0.6542781520970503,0.6321293735028137,0.025541423770470542
trec-covid-chrono-r3,256,balanced_cert,100,0.6542781520970503,0.6321293735028137,0.026857424136821233
trec-covid-chrono-r3,256,balanced_zero,20,0.7634251429789407,0.7370528230887917,0.04454668480434497
trec-covid-chrono-r3,256,balanced_zero,100,0.7634251429789407,0.7370528230887917,0.14356062292449237
trec-covid-chrono-r3,256,blocker_cert,20,0.6542781520970503,0.6321293735028137,0.025541423770470542
trec-covid-chrono-r3,256,blocker_cert,100,0.6542781520970503,0.6321293735028137,0.026857424136821233
trec-covid-chrono-r3,256,blocker_zero,20,0.7634251429789407,0.7370528230887917,0.04454668480434497
trec-covid-chrono-r3,256,blocker_zero,100,0.7634251429789407,0.7370528230887917,0.14356062292449237
trec-covid-chrono-r3,256,fixed_topL_zero,20,0.7634251429789407,0.7370528230887917,0.04454668480434497
trec-covid-chrono-r3,256,fixed_topL_zero,100,0.7634251429789407,0.7370528230887917,0.14356062292449237
trec-covid-chrono-r3,512,balanced_cert,20,0.6899361324414068,0.6672607518228949,0.03355613596066734
trec-covid-chrono-r3,512,balanced_cert,100,0.6899361324414068,0.6672607518228949,0.03951846562067472
trec-covid-chrono-r3,512,balanced_zero,20,0.7643081069966732,0.7379762782836903,0.046030069852522934
trec-covid-chrono-r3,512,balanced_zero,100,0.7643081069966732,0.7379762782836903,0.14837410064999737
trec-covid-chrono-r3,512,blocker_cert,20,0.6899361324414068,0.6672607518228949,0.03365003267428236
trec-covid-chrono-r3,512,blocker_cert,100,0.6899361324414068,0.6672607518228949,0.03997399741106882
trec-covid-chrono-r3,512,blocker_zero,20,0.7643081069966732,0.7379762782836903,0.046030069852522934
trec-covid-chrono-r3,512,blocker_zero,100,0.7643081069966732,0.7379762782836903,0.14822367946219672
trec-covid-chrono-r3,512,fixed_topL_zero,20,0.7643081069966732,0.7379762782836903,0.046030069852522934
trec-covid-chrono-r3,512,fixed_topL_zero,100,0.7643081069966732,0.7379762782836903,0.14837410064999737
trec-covid-chrono-r3,1024,balanced_cert,20,0.721595619096011,0.6981592123091751,0.0370329607123734
trec-covid-chrono-r3,1024,balanced_cert,100,0.721595619096011,0.6981592123091751,0.04752076986347606
trec-covid-chrono-r3,1024,balanced_zero,20,0.753063577666584,0.7268782931929181,0.04569896265496876
trec-covid-chrono-r3,1024,balanced_zero,100,0.753063577666584,0.7268782931929181,0.15227535995569083
trec-covid-chrono-r3,1024,blocker_cert,20,0.721595619096011,0.6981592123091751,0.037077823879713014
trec-covid-chrono-r3,1024,blocker_cert,100,0.721595619096011,0.6981592123091751,0.048338633762074465
trec-covid-chrono-r3,1024,blocker_zero,20,0.7541239241365666,0.7282920884862282,0.04579474809558179
trec-covid-chrono-r3,1024,blocker_zero,100,0.7541239241365666,0.7282920884862282,0.1524622476077118
trec-covid-chrono-r3,1024,fixed_topL_zero,20,0.753063577666584,0.7268782931929181,0.04569896265496876
trec-covid-chrono-r3,1024,fixed_topL_zero,100,0.753063577666584,0.7268782931929181,0.15227535995569083
trec-covid-chrono-r3,2048,balanced_cert,20,0.7394795721475308,0.7152675089965075,0.03960912347071832
trec-covid-chrono-r3,2048,balanced_cert,100,0.7394795721475308,0.7152675089965075,0.0587045827707435
trec-covid-chrono-r3,2048,balanced_zero,20,0.7529228465166964,0.7274621096812542,0.04597895794243429
trec-covid-chrono-r3,2048,balanced_zero,100,0.7529228465166964,0.7274621096812542,0.1526909532513669
trec-covid-chrono-r3,2048,blocker_cert,20,0.742704502145069,0.7181243599748546,0.04059638947113098
trec-covid-chrono-r3,2048,blocker_cert,100,0.742704502145069,0.7181243599748546,0.06117778359961383
trec-covid-chrono-r3,2048,blocker_zero,20,0.7529228465166964,0.7274621096812542,0.04597895794243429
trec-covid-chrono-r3,2048,blocker_zero,100,0.7529228465166964,0.7274621096812542,0.15242466078998415
trec-covid-chrono-r3,2048,fixed_topL_zero,20,0.7529228465166964,0.7274621096812542,0.04597895794243429
trec-covid-chrono-r3,2048,fixed_topL_zero,100,0.7529228465166964,0.7274621096812542,0.1526909532513669
trec-covid-chrono-r3,4096,balanced_cert,20,0.7473332502741875,0.7227531081039731,0.04236838879392082
trec-covid-chrono-r3,4096,balanced_cert,100,0.7473332502741875,0.7227531081039731,0.07279503872361691
trec-covid-chrono-r3,4096,balanced_zero,20,0.756702481170863,0.731213775741647,0.04609685523964838
trec-covid-chrono-r3,4096,balanced_zero,100,0.756702481170863,0.731213775741647,0.1524459109623527
trec-covid-chrono-r3,4096,blocker_cert,20,0.7473332502741875,0.7227531081039731,0.0428210627786857
trec-covid-chrono-r3,4096,blocker_cert,100,0.7473332502741875,0.7227531081039731,0.08148025387040365
trec-covid-chrono-r3,4096,blocker_zero,20,0.7565061612451587,0.7310828957911775,0.04620885125756774
trec-covid-chrono-r3,4096,blocker_zero,100,0.7565061612451587,0.7310828957911775,0.15254183863835405
trec-covid-chrono-r3,4096,fixed_topL_zero,20,0.756702481170863,0.731213775741647,0.04609685523964838
trec-covid-chrono-r3,4096,fixed_topL_zero,100,0.756702481170863,0.731213775741647,0.1524459109623527
trec-covid-chrono-r3,8192,balanced_cert,20,0.7487523022348812,0.7236991427444356,0.043464971455528946
trec-covid-chrono-r3,8192,balanced_cert,100,0.7487523022348812,0.7236991427444356,0.0905590518362141
trec-covid-chrono-r3,8192,balanced_zero,20,0.7565126754401282,0.7310519386046861,0.04609685523964838
trec-covid-chrono-r3,8192,balanced_zero,100,0.7565126754401282,0.7310519386046861,0.15188735442917703
trec-covid-chrono-r3,8192,blocker_cert,20,0.7487523022348812,0.7236991427444356,0.04358111547411199
trec-covid-chrono-r3,8192,blocker_cert,100,0.7487523022348812,0.7236991427444356,0.09118581392870637
trec-covid-chrono-r3,8192,blocker_zero,20,0.7565126754401282,0.7310519386046861,0.04609685523964838
trec-covid-chrono-r3,8192,blocker_zero,100,0.7565126754401282,0.7310519386046861,0.1521798948320112
trec-covid-chrono-r3,8192,fixed_topL_zero,20,0.7565126754401282,0.7310519386046861,0.04609685523964838
trec-covid-chrono-r3,8192,fixed_topL_zero,100,0.7565126754401282,0.7310519386046861,0.15188735442917703
trec-covid-chrono-r3,10000,balanced_cert,20,0.7509607763500274,0.7259076168595818,0.043637421780418295
trec-covid-chrono-r3,10000,balanced_cert,100,0.7509607763500274,0.7259076168595818,0.09214654227345533
trec-covid-chrono-r3,10000,balanced_zero,20,0.7565126754401282,0.7310519386046861,0.04609685523964838
trec-covid-chrono-r3,10000,balanced_zero,100,0.7565126754401282,0.7310519386046861,0.15183461181314326
trec-covid-chrono-r3,10000,blocker_cert,20,0.7509607763500274,0.7259076168595818,0.043637421780418295
trec-covid-chrono-r3,10000,blocker_cert,100,0.7509607763500274,0.7259076168595818,0.09214654227345533
trec-covid-chrono-r3,10000,blocker_zero,20,0.7565126754401282,0.7310519386046861,0.04609685523964838
trec-covid-chrono-r3,10000,blocker_zero,100,0.7565126754401282,0.7310519386046861,0.15183461181314326
trec-covid-chrono-r3,10000,fixed_topL_zero,20,0.7565126754401282,0.7310519386046861,0.04609685523964838
trec-covid-chrono-r3,10000,fixed_topL_zero,100,0.7565126754401282,0.7310519386046861,0.15183461181314326
trec-covid-chrono-r4,128,balanced_cert,20,0.5118936910500074,0.5011619704116531,0.012657419973406385
trec-covid-chrono-r4,128,balanced_cert,100,0.5118936910500074,0.5011619704116531,0.012657419973406385
trec-covid-chrono-r4,128,balanced_zero,20,0.7736487945109743,0.7512209111645232,0.03147683616412867
trec-covid-chrono-r4,128,balanced_zero,100,0.7736487945109743,0.7512209111645232,0.11204693997972802
trec-covid-chrono-r4,128,blocker_cert,20,0.5118936910500074,0.5011619704116531,0.012657419973406385
trec-covid-chrono-r4,128,blocker_cert,100,0.5118936910500074,0.5011619704116531,0.012657419973406385
trec-covid-chrono-r4,128,blocker_zero,20,0.7736487945109743,0.7512209111645232,0.03147683616412867
trec-covid-chrono-r4,128,blocker_zero,100,0.7736487945109743,0.7512209111645232,0.11204693997972802
trec-covid-chrono-r4,128,fixed_topL_zero,20,0.7736487945109743,0.7512209111645232,0.03147683616412867
trec-covid-chrono-r4,128,fixed_topL_zero,100,0.7736487945109743,0.7512209111645232,0.11204693997972802
trec-covid-chrono-r4,256,balanced_cert,20,0.6421403635021465,0.6273169832813781,0.019888079198179906
trec-covid-chrono-r4,256,balanced_cert,100,0.6421403635021465,0.6273169832813781,0.019888079198179906
trec-covid-chrono-r4,256,balanced_zero,20,0.7929741083908555,0.7689855680980833,0.034899395843862285
trec-covid-chrono-r4,256,balanced_zero,100,0.7929741083908555,0.7689855680980833,0.11630912523078814
trec-covid-chrono-r4,256,blocker_cert,20,0.6421403635021465,0.6273169832813781,0.019888079198179906
trec-covid-chrono-r4,256,blocker_cert,100,0.6421403635021465,0.6273169832813781,0.019888079198179906
trec-covid-chrono-r4,256,blocker_zero,20,0.7929741083908555,0.7689855680980833,0.034899395843862285
trec-covid-chrono-r4,256,blocker_zero,100,0.7929741083908555,0.7689855680980833,0.11630912523078814
trec-covid-chrono-r4,256,fixed_topL_zero,20,0.7929741083908555,0.7689855680980833,0.034899395843862285
trec-covid-chrono-r4,256,fixed_topL_zero,100,0.7929741083908555,0.7689855680980833,0.11630912523078814
trec-covid-chrono-r4,512,balanced_cert,20,0.7297826345733605,0.7106133696351031,0.025861897607476283
trec-covid-chrono-r4,512,balanced_cert,100,0.7297826345733605,0.7106133696351031,0.027819756044134707
trec-covid-chrono-r4,512,balanced_zero,20,0.7933863834268878,0.7689909331013205,0.03543068755269807
trec-covid-chrono-r4,512,balanced_zero,100,0.7933863834268878,0.7689909331013205,0.12156037966634492
trec-covid-chrono-r4,512,blocker_cert,20,0.7297826345733605,0.7106133696351031,0.025898407282540174
trec-covid-chrono-r4,512,blocker_cert,100,0.7297826345733605,0.7106133696351031,0.03102747472704955
trec-covid-chrono-r4,512,blocker_zero,20,0.7933863834268878,0.7689909331013205,0.03543068755269807
trec-covid-chrono-r4,512,blocker_zero,100,0.7933863834268878,0.7689909331013205,0.12119814273217193
trec-covid-chrono-r4,512,fixed_topL_zero,20,0.7933863834268878,0.7689909331013205,0.03543068755269807
trec-covid-chrono-r4,512,fixed_topL_zero,100,0.7933863834268878,0.7689909331013205,0.12156037966634492
trec-covid-chrono-r4,1024,balanced_cert,20,0.7477695146975734,0.7265792384530075,0.028545763702917403
trec-covid-chrono-r4,1024,balanced_cert,100,0.7477695146975734,0.7265792384530075,0.03950921564087649
trec-covid-chrono-r4,1024,balanced_zero,20,0.7864439407391539,0.7629488426828546,0.035062857496038526
trec-covid-chrono-r4,1024,balanced_zero,100,0.7864439407391539,0.7629488426828546,0.1233172663822282
trec-covid-chrono-r4,1024,blocker_cert,20,0.7477695146975734,0.7265792384530075,0.02870215310740706
trec-covid-chrono-r4,1024,blocker_cert,100,0.7477695146975734,0.7265792384530075,0.040362125629488196
trec-covid-chrono-r4,1024,blocker_zero,20,0.7843232477991888,0.7608281497428895,0.035062857496038526
trec-covid-chrono-r4,1024,blocker_zero,100,0.7843232477991888,0.7608281497428895,0.1234468419251386
trec-covid-chrono-r4,1024,fixed_topL_zero,20,0.7864439407391539,0.7629488426828546,0.035062857496038526
trec-covid-chrono-r4,1024,fixed_topL_zero,100,0.7864439407391539,0.7629488426828546,0.1233172663822282
trec-covid-chrono-r4,2048,balanced_cert,20,0.7614522934829601,0.7398762882276343,0.030426856866042528
trec-covid-chrono-r4,2048,balanced_cert,100,0.7614522934829601,0.7398762882276343,0.04599815212272712
trec-covid-chrono-r4,2048,balanced_zero,20,0.7844639789490766,0.7616934285310011,0.034894895253144854
trec-covid-chrono-r4,2048,balanced_zero,100,0.7844639789490766,0.7616934285310011,0.12392049239933306
trec-covid-chrono-r4,2048,blocker_cert,20,0.7694989732282671,0.7475548889537502,0.030753679326884387
trec-covid-chrono-r4,2048,blocker_cert,100,0.7694989732282671,0.7475548889537502,0.048800889270356876
trec-covid-chrono-r4,2048,blocker_zero,20,0.7887931460041879,0.7660225955861124,0.034894895253144854
trec-covid-chrono-r4,2048,blocker_zero,100,0.7887931460041879,0.7660225955861124,0.12333877271698586
trec-covid-chrono-r4,2048,fixed_topL_zero,20,0.7844639789490766,0.7616934285310011,0.034894895253144854
trec-covid-chrono-r4,2048,fixed_topL_zero,100,0.7844639789490766,0.7616934285310011,0.12392049239933306
trec-covid-chrono-r4,4096,balanced_cert,20,0.7800386410206221,0.757355378912018,0.03134585243700854
trec-covid-chrono-r4,4096,balanced_cert,100,0.7800386410206221,0.757355378912018,0.05592857952569318
trec-covid-chrono-r4,4096,balanced_zero,20,0.7915192634657664,0.7680095352136035,0.03507032466244523
trec-covid-chrono-r4,4096,balanced_zero,100,0.7915192634657664,0.7680095352136035,0.12357324837973045
trec-covid-chrono-r4,4096,blocker_cert,20,0.7844737080251465,0.7617904459165423,0.032204859165411506
trec-covid-chrono-r4,4096,blocker_cert,100,0.7844737080251465,0.7617904459165423,0.05934098836411385
trec-covid-chrono-r4,4096,blocker_zero,20,0.7915192634657664,0.7680095352136035,0.034993514582533414
trec-covid-chrono-r4,4096,blocker_zero,100,0.7915192634657664,0.7680095352136035,0.12361771854539833
trec-covid-chrono-r4,4096,fixed_topL_zero,20,0.7915192634657664,0.7680095352136035,0.03507032466244523
trec-covid-chrono-r4,4096,fixed_topL_zero,100,0.7915192634657664,0.7680095352136035,0.12357324837973045
trec-covid-chrono-r4,8192,balanced_cert,20,0.7844737080251465,0.7617904459165423,0.03297732291117817
trec-covid-chrono-r4,8192,balanced_cert,100,0.7844737080251465,0.7617904459165423,0.06257329919291595
trec-covid-chrono-r4,8192,balanced_zero,20,0.790284833242551,0.7664796840848049,0.03510173969075852
trec-covid-chrono-r4,8192,balanced_zero,100,0.790284833242551,0.7664796840848049,0.12343984535414419
trec-covid-chrono-r4,8192,blocker_cert,20,0.7844737080251465,0.7617904459165423,0.03315590663320375
trec-covid-chrono-r4,8192,blocker_cert,100,0.7844737080251465,0.7617904459165423,0.06418645499957425
trec-covid-chrono-r4,8192,blocker_zero,20,0.7901663382651348,0.7663216907815833,0.03510173969075852
trec-covid-chrono-r4,8192,blocker_zero,100,0.7901663382651348,0.7663216907815833,0.12343984535414419
trec-covid-chrono-r4,8192,fixed_topL_zero,20,0.790284833242551,0.7664796840848049,0.03510173969075852
trec-covid-chrono-r4,8192,fixed_topL_zero,100,0.790284833242551,0.7664796840848049,0.12343984535414419
trec-covid-chrono-r4,10000,balanced_cert,20,0.7844737080251465,0.7617904459165423,0.03326613591009969
trec-covid-chrono-r4,10000,balanced_cert,100,0.7844737080251465,0.7617904459165423,0.06473939222292927
trec-covid-chrono-r4,10000,balanced_zero,20,0.790284833242551,0.7664796840848049,0.03510173969075852
trec-covid-chrono-r4,10000,balanced_zero,100,0.790284833242551,0.7664796840848049,0.12343984535414419
trec-covid-chrono-r4,10000,blocker_cert,20,0.7844737080251465,0.7617904459165423,0.03326613591009969
trec-covid-chrono-r4,10000,blocker_cert,100,0.7844737080251465,0.7617904459165423,0.06473939222292927
trec-covid-chrono-r4,10000,blocker_zero,20,0.790284833242551,0.7664796840848049,0.03510173969075852
trec-covid-chrono-r4,10000,blocker_zero,100,0.790284833242551,0.7664796840848049,0.12343984535414419
trec-covid-chrono-r4,10000,fixed_topL_zero,20,0.790284833242551,0.7664796840848049,0.03510173969075852
trec-covid-chrono-r4,10000,fixed_topL_zero,100,0.790284833242551,0.7664796840848049,0.12343984535414419
trec-covid-chrono-r5,128,balanced_cert,20,0.4977266813751366,0.4893155136426364,0.011771376662971532
trec-covid-chrono-r5,128,balanced_cert,100,0.4977266813751366,0.4893155136426364,0.011771376662971532
trec-covid-chrono-r5,128,balanced_zero,20,0.7547907052796448,0.7335595480497002,0.02874547546109521
trec-covid-chrono-r5,128,balanced_zero,100,0.7547907052796448,0.7335595480497002,0.1002037754678405
trec-covid-chrono-r5,128,blocker_cert,20,0.4977266813751366,0.4893155136426364,0.011771376662971532
trec-covid-chrono-r5,128,blocker_cert,100,0.4977266813751366,0.4893155136426364,0.011771376662971532
trec-covid-chrono-r5,128,blocker_zero,20,0.7547907052796448,0.7335595480497002,0.02874547546109521
trec-covid-chrono-r5,128,blocker_zero,100,0.7547907052796448,0.7335595480497002,0.1002037754678405
trec-covid-chrono-r5,128,fixed_topL_zero,20,0.7547907052796448,0.7335595480497002,0.02874547546109521
trec-covid-chrono-r5,128,fixed_topL_zero,100,0.7547907052796448,0.7335595480497002,0.1002037754678405
trec-covid-chrono-r5,256,balanced_cert,20,0.6192904249110486,0.6084556414428064,0.016720657128882793
trec-covid-chrono-r5,256,balanced_cert,100,0.6192904249110486,0.6084556414428064,0.016720657128882793
trec-covid-chrono-r5,256,balanced_zero,20,0.7925163101612355,0.7721483544070715,0.03082154533686061
trec-covid-chrono-r5,256,balanced_zero,100,0.7925163101612355,0.7721483544070715,0.10346349962990553
trec-covid-chrono-r5,256,blocker_cert,20,0.6192904249110486,0.6084556414428064,0.016720657128882793
trec-covid-chrono-r5,256,blocker_cert,100,0.6192904249110486,0.6084556414428064,0.016720657128882793
trec-covid-chrono-r5,256,blocker_zero,20,0.7925163101612355,0.7721483544070715,0.03082154533686061
trec-covid-chrono-r5,256,blocker_zero,100,0.7925163101612355,0.7721483544070715,0.10346349962990553
trec-covid-chrono-r5,256,fixed_topL_zero,20,0.7925163101612355,0.7721483544070715,0.03082154533686061
trec-covid-chrono-r5,256,fixed_topL_zero,100,0.7925163101612355,0.7721483544070715,0.10346349962990553
trec-covid-chrono-r5,512,balanced_cert,20,0.6962472899582035,0.6821151784446193,0.022388953974086728
trec-covid-chrono-r5,512,balanced_cert,100,0.6962472899582035,0.6821151784446193,0.02376192632143985
trec-covid-chrono-r5,512,balanced_zero,20,0.80095902323674,0.7783199492762698,0.032032120156099145
trec-covid-chrono-r5,512,balanced_zero,100,0.80095902323674,0.7783199492762698,0.10806462252070285
trec-covid-chrono-r5,512,blocker_cert,20,0.6986927540281821,0.6845606425145979,0.02249371449269241
trec-covid-chrono-r5,512,blocker_cert,100,0.6986927540281821,0.6845606425145979,0.024280546960693386
trec-covid-chrono-r5,512,blocker_zero,20,0.80095902323674,0.7783199492762698,0.032082855823273165
trec-covid-chrono-r5,512,blocker_zero,100,0.80095902323674,0.7783199492762698,0.10787648822414551
trec-covid-chrono-r5,512,fixed_topL_zero,20,0.80095902323674,0.7783199492762698,0.032032120156099145
trec-covid-chrono-r5,512,fixed_topL_zero,100,0.80095902323674,0.7783199492762698,0.10806462252070285
trec-covid-chrono-r5,1024,balanced_cert,20,0.7608766399928458,0.7433215116774786,0.025997420747014496
trec-covid-chrono-r5,1024,balanced_cert,100,0.7608766399928458,0.7433215116774786,0.0330984463595871
trec-covid-chrono-r5,1024,balanced_zero,20,0.7993470338228137,0.7769977559878427,0.03186142803158369
trec-covid-chrono-r5,1024,balanced_zero,100,0.7993470338228137,0.7769977559878427,0.10897577199168627
trec-covid-chrono-r5,1024,blocker_cert,20,0.7688707095164183,0.7501585074197622,0.026310424345172254
trec-covid-chrono-r5,1024,blocker_cert,100,0.7688707095164183,0.7501585074197622,0.03396963827696572
trec-covid-chrono-r5,1024,blocker_zero,20,0.7993470338228137,0.7769977559878427,0.03182443210113604
trec-covid-chrono-r5,1024,blocker_zero,100,0.7993470338228137,0.7769977559878427,0.10989893336514635
trec-covid-chrono-r5,1024,fixed_topL_zero,20,0.7993470338228137,0.7769977559878427,0.03186142803158369
trec-covid-chrono-r5,1024,fixed_topL_zero,100,0.7993470338228137,0.7769977559878427,0.10897577199168627
trec-covid-chrono-r5,2048,balanced_cert,20,0.7760840765196821,0.7565454082794673,0.02727853984079071
trec-covid-chrono-r5,2048,balanced_cert,100,0.7760840765196821,0.7565454082794673,0.03784278757935724
trec-covid-chrono-r5,2048,balanced_zero,20,0.7964572716266226,0.7750400017626001,0.03199852406213144
trec-covid-chrono-r5,2048,balanced_zero,100,0.7964572716266226,0.7750400017626001,0.1102202757076157
trec-covid-chrono-r5,2048,blocker_cert,20,0.7785295405896608,0.7589908723494458,0.027618258504965836
trec-covid-chrono-r5,2048,blocker_cert,100,0.7785295405896608,0.7589908723494458,0.03960312123113435
trec-covid-chrono-r5,2048,blocker_zero,20,0.8008393886564404,0.7794044688008491,0.03196152813168379
trec-covid-chrono-r5,2048,blocker_zero,100,0.8008393886564404,0.7794044688008491,0.11030100071813176
trec-covid-chrono-r5,2048,fixed_topL_zero,20,0.7964572716266226,0.7750400017626001,0.03199852406213144
trec-covid-chrono-r5,2048,fixed_topL_zero,100,0.7964572716266226,0.7750400017626001,0.1102202757076157
trec-covid-chrono-r5,4096,balanced_cert,20,0.7829025982323627,0.7626424021496293,0.028790069279865858
trec-covid-chrono-r5,4096,balanced_cert,100,0.7829025982323627,0.7626424021496293,0.044681176473424226
trec-covid-chrono-r5,4096,balanced_zero,20,0.7997260922117514,0.7786622711710565,0.03213861382281741
trec-covid-chrono-r5,4096,balanced_zero,100,0.7997260922117514,0.7786622711710565,0.11049153235547517
trec-covid-chrono-r5,4096,blocker_cert,20,0.7853480623023414,0.765087866219608,0.02895226402876386
trec-covid-chrono-r5,4096,blocker_cert,100,0.7853480623023414,0.765087866219608,0.048149628450885024
trec-covid-chrono-r5,4096,blocker_zero,20,0.8002346761710677,0.7791708551303728,0.03199852406213144
trec-covid-chrono-r5,4096,blocker_zero,100,0.8002346761710677,0.7791708551303728,0.10986175459056044
trec-covid-chrono-r5,4096,fixed_topL_zero,20,0.7997260922117514,0.7786622711710565,0.03213861382281741
trec-covid-chrono-r5,4096,fixed_topL_zero,100,0.7997260922117514,0.7786622711710565,0.11049153235547517
trec-covid-chrono-r5,8192,balanced_cert,20,0.7874687552423065,0.767208559159573,0.030244505455749002
trec-covid-chrono-r5,8192,balanced_cert,100,0.7874687552423065,0.767208559159573,0.05241968359279927
trec-covid-chrono-r5,8192,balanced_zero,20,0.8000196803843264,0.7789838279374054,0.032098549720253305
trec-covid-chrono-r5,8192,balanced_zero,100,0.8000196803843264,0.7789838279374054,0.1103250991319528
trec-covid-chrono-r5,8192,blocker_cert,20,0.7886259422745862,0.7679800171810928,0.03064226287247661
trec-covid-chrono-r5,8192,blocker_cert,100,0.7886259422745862,0.7679800171810928,0.054471663740040845
trec-covid-chrono-r5,8192,blocker_zero,20,0.8000726303590329,0.7790191279205431,0.032098549720253305
trec-covid-chrono-r5,8192,blocker_zero,100,0.8000726303590329,0.7790191279205431,0.11020299900985268
trec-covid-chrono-r5,8192,fixed_topL_zero,20,0.8000196803843264,0.7789838279374054,0.032098549720253305
trec-covid-chrono-r5,8192,fixed_topL_zero,100,0.8000196803843264,0.7789838279374054,0.1103250991319528
trec-covid-chrono-r5,10000,balanced_cert,20,0.7886259422745862,0.7679800171810928,0.0306757974130534
trec-covid-chrono-r5,10000,balanced_cert,100,0.7886259422745862,0.7679800171810928,0.05489735514336273
trec-covid-chrono-r5,10000,balanced_zero,20,0.8000726303590329,0.7790191279205431,0.032098549720253305
trec-covid-chrono-r5,10000,balanced_zero,100,0.8000726303590329,0.7790191279205431,0.11036516323451691
trec-covid-chrono-r5,10000,blocker_cert,20,0.7886259422745862,0.7679800171810928,0.0306757974130534
trec-covid-chrono-r5,10000,blocker_cert,100,0.7886259422745862,0.7679800171810928,0.05489735514336273
trec-covid-chrono-r5,10000,blocker_zero,20,0.8000726303590329,0.7790191279205431,0.032098549720253305
trec-covid-chrono-r5,10000,blocker_zero,100,0.8000726303590329,0.7790191279205431,0.11036516323451691
trec-covid-chrono-r5,10000,fixed_topL_zero,20,0.8000726303590329,0.7790191279205431,0.032098549720253305
trec-covid-chrono-r5,10000,fixed_topL_zero,100,0.8000726303590329,0.7790191279205431,0.11036516323451691
