dataset,snapshot,query_id,policy,batch,budget,accesses,dense,sparse,known,stop,k,k_lower,k_upper,k20,ndcg20,full_ndcg20,cost20,baseline20_complete,budget20_cost,elapsed_seconds
msmarco-passage-trec-dl-2019,0,490595,dibud,1,128,128,52,76,1,budget,22,22,22,20,0.5724624301728537,0.5724624301728537,116,1,116,0.20732474990654737
msmarco-passage-trec-dl-2019,0,490595,dibud,1,256,256,114,142,1,budget,39,39,39,20,0.5724624301728537,0.5724624301728537,116,1,116,0.20732574991416186
msmarco-passage-trec-dl-2019,0,490595,dibud,1,512,512,199,313,1,budget,58,58,58,20,0.5724624301728537,0.5724624301728537,116,1,116,0.20732637494802475
msmarco-passage-trec-dl-2019,0,490595,dibud,1,1024,1003,635,368,1,cap100,100,100,100,20,0.5724624301728537,0.5724624301728537,116,1,116,0.2073266669176519
msmarco-passage-trec-dl-2019,0,490595,dibud,1,2048,1003,635,368,1,cap100,100,100,100,20,0.5724624301728537,0.5724624301728537,116,1,116,0.207326874951832
msmarco-passage-trec-dl-2019,0,490595,dibud,1,4096,1003,635,368,1,cap100,100,100,100,20,0.5724624301728537,0.5724624301728537,116,1,116,0.2073270418914035
msmarco-passage-trec-dl-2019,0,490595,dibud,1,8192,1003,635,368,1,cap100,100,100,100,20,0.5724624301728537,0.5724624301728537,116,1,116,0.20732720789965242
msmarco-passage-trec-dl-2019,0,490595,dibud,1,10000,1003,635,368,1,cap100,100,100,100,20,0.5724624301728537,0.5724624301728537,116,1,116,0.20732737495563924
msmarco-passage-trec-dl-2019,0,490595,balanced,1,128,128,64,64,1,budget,17,17,17,17,0.5183119899313551,0.5724624301728537,136,1,128,0.26801024994347245
msmarco-passage-trec-dl-2019,0,490595,balanced,1,256,256,128,128,1,budget,30,30,30,20,0.5724624301728537,0.5724624301728537,136,1,136,0.26801066694315523
msmarco-passage-trec-dl-2019,0,490595,balanced,1,512,512,256,256,1,budget,54,54,54,20,0.5724624301728537,0.5724624301728537,136,1,136,0.268011000007391
msmarco-passage-trec-dl-2019,0,490595,balanced,1,1024,1024,512,512,1,budget,71,71,71,20,0.5724624301728537,0.5724624301728537,136,1,136,0.26801124995108694
msmarco-passage-trec-dl-2019,0,490595,balanced,1,2048,1269,635,634,1,cap100,100,100,100,20,0.5724624301728537,0.5724624301728537,136,1,136,0.26801141700707376
msmarco-passage-trec-dl-2019,0,490595,balanced,1,4096,1269,635,634,1,cap100,100,100,100,20,0.5724624301728537,0.5724624301728537,136,1,136,0.26801162504125386
msmarco-passage-trec-dl-2019,0,490595,balanced,1,8192,1269,635,634,1,cap100,100,100,100,20,0.5724624301728537,0.5724624301728537,136,1,136,0.26801179198082536
msmarco-passage-trec-dl-2019,0,490595,balanced,1,10000,1269,635,634,1,cap100,100,100,100,20,0.5724624301728537,0.5724624301728537,136,1,136,0.268011917010881
msmarco-passage-trec-dl-2019,0,490595,dibud,64,128,128,64,64,1,budget,17,17,17,17,0.5183119899313551,0.5724624301728537,192,1,128,0.010785625083371997
msmarco-passage-trec-dl-2019,0,490595,dibud,64,256,256,128,128,1,budget,30,30,30,20,0.5724624301728537,0.5724624301728537,192,1,192,0.010786083061248064
msmarco-passage-trec-dl-2019,0,490595,dibud,64,512,512,256,256,1,budget,54,54,54,20,0.5724624301728537,0.5724624301728537,192,1,192,0.010786416009068489
msmarco-passage-trec-dl-2019,0,490595,dibud,64,1024,1024,640,384,1,cap100,100,100,100,20,0.5724624301728537,0.5724624301728537,192,1,192,0.01078658306505531
msmarco-passage-trec-dl-2019,0,490595,dibud,64,2048,1024,640,384,1,cap100,100,100,100,20,0.5724624301728537,0.5724624301728537,192,1,192,0.010786708095110953
msmarco-passage-trec-dl-2019,0,490595,dibud,64,4096,1024,640,384,1,cap100,100,100,100,20,0.5724624301728537,0.5724624301728537,192,1,192,0.010786833008751273
msmarco-passage-trec-dl-2019,0,490595,dibud,64,8192,1024,640,384,1,cap100,100,100,100,20,0.5724624301728537,0.5724624301728537,192,1,192,0.010787000064738095
msmarco-passage-trec-dl-2019,0,490595,dibud,64,10000,1024,640,384,1,cap100,100,100,100,20,0.5724624301728537,0.5724624301728537,192,1,192,0.010787125094793737
msmarco-passage-trec-dl-2019,0,490595,balanced,64,128,128,64,64,1,budget,17,17,17,17,0.5183119899313551,0.5724624301728537,256,1,128,0.011452249949797988
msmarco-passage-trec-dl-2019,0,490595,balanced,64,256,256,128,128,1,budget,30,30,30,20,0.5724624301728537,0.5724624301728537,256,1,256,0.011452791979536414
msmarco-passage-trec-dl-2019,0,490595,balanced,64,512,512,256,256,1,budget,54,54,54,20,0.5724624301728537,0.5724624301728537,256,1,256,0.011453249957412481
msmarco-passage-trec-dl-2019,0,490595,balanced,64,1024,1024,512,512,1,budget,71,71,71,20,0.5724624301728537,0.5724624301728537,256,1,256,0.011453499901108444
msmarco-passage-trec-dl-2019,0,490595,balanced,64,2048,1216,640,576,1,cap100,100,100,100,20,0.5724624301728537,0.5724624301728537,256,1,256,0.011453666957095265
msmarco-passage-trec-dl-2019,0,490595,balanced,64,4096,1216,640,576,1,cap100,100,100,100,20,0.5724624301728537,0.5724624301728537,256,1,256,0.011453791987150908
msmarco-passage-trec-dl-2019,0,490595,balanced,64,8192,1216,640,576,1,cap100,100,100,100,20,0.5724624301728537,0.5724624301728537,256,1,256,0.011453958926722407
msmarco-passage-trec-dl-2019,0,490595,balanced,64,10000,1216,640,576,1,cap100,100,100,100,20,0.5724624301728537,0.5724624301728537,256,1,256,0.011454124934971333
msmarco-passage-trec-dl-2019,0,855410,dibud,1,128,128,64,64,1,budget,5,5,5,5,1.0,1.0,,0,128,1.3248867919901386
msmarco-passage-trec-dl-2019,0,855410,dibud,1,256,256,128,128,1,budget,5,5,5,5,1.0,1.0,,0,256,1.3248880000319332
msmarco-passage-trec-dl-2019,0,855410,dibud,1,512,512,256,256,1,budget,5,5,5,5,1.0,1.0,,0,512,1.3248885840876028
msmarco-passage-trec-dl-2019,0,855410,dibud,1,1024,1024,512,512,1,budget,5,5,5,5,1.0,1.0,,0,1024,1.3248888340312988
msmarco-passage-trec-dl-2019,0,855410,dibud,1,2048,2048,1024,1024,1,budget,5,5,5,5,1.0,1.0,,0,2048,1.3248889590613544
msmarco-passage-trec-dl-2019,0,855410,dibud,1,4096,4096,2048,2048,1,budget,5,5,5,5,1.0,1.0,,0,4096,1.32488908409141
msmarco-passage-trec-dl-2019,0,855410,dibud,1,8192,8192,4096,4096,1,budget,5,5,5,5,1.0,1.0,,0,8192,1.3248892090050504
msmarco-passage-trec-dl-2019,0,855410,dibud,1,10000,9101,5000,4101,0,observation_limit,6,6,100,6,1.0,1.0,,0,,1.3248893750132993
msmarco-passage-trec-dl-2019,0,855410,balanced,1,128,128,64,64,1,budget,5,5,5,5,1.0,1.0,,0,128,1.5154618750093505
msmarco-passage-trec-dl-2019,0,855410,balanced,1,256,256,128,128,1,budget,5,5,5,5,1.0,1.0,,0,256,1.515462249983102
msmarco-passage-trec-dl-2019,0,855410,balanced,1,512,512,256,256,1,budget,5,5,5,5,1.0,1.0,,0,512,1.5154626249568537
msmarco-passage-trec-dl-2019,0,855410,balanced,1,1024,1024,512,512,1,budget,5,5,5,5,1.0,1.0,,0,1024,1.515462875016965
msmarco-passage-trec-dl-2019,0,855410,balanced,1,2048,2048,1024,1024,1,budget,5,5,5,5,1.0,1.0,,0,2048,1.5154632079647854
msmarco-passage-trec-dl-2019,0,855410,balanced,1,4096,4096,2048,2048,1,budget,5,5,5,5,1.0,1.0,,0,4096,1.5154633750207722
msmarco-passage-trec-dl-2019,0,855410,balanced,1,8192,8192,4096,4096,1,budget,5,5,5,5,1.0,1.0,,0,8192,1.5154635830549523
msmarco-passage-trec-dl-2019,0,855410,balanced,1,10000,10000,5000,5000,1,budget,6,6,6,6,1.0,1.0,,0,10000,1.5154636659426615
msmarco-passage-trec-dl-2019,0,855410,dibud,64,128,128,64,64,1,budget,5,5,5,5,1.0,1.0,,0,128,0.03822904103435576
msmarco-passage-trec-dl-2019,0,855410,dibud,64,256,256,128,128,1,budget,5,5,5,5,1.0,1.0,,0,256,0.038229458034038544
msmarco-passage-trec-dl-2019,0,855410,dibud,64,512,512,256,256,1,budget,5,5,5,5,1.0,1.0,,0,512,0.038229707977734506
msmarco-passage-trec-dl-2019,0,855410,dibud,64,1024,1024,512,512,1,budget,5,5,5,5,1.0,1.0,,0,1024,0.03822979098185897
msmarco-passage-trec-dl-2019,0,855410,dibud,64,2048,2048,1024,1024,1,budget,5,5,5,5,1.0,1.0,,0,2048,0.03822991601191461
msmarco-passage-trec-dl-2019,0,855410,dibud,64,4096,4096,2048,2048,1,budget,5,5,5,5,1.0,1.0,,0,4096,0.03823004104197025
msmarco-passage-trec-dl-2019,0,855410,dibud,64,8192,8192,4096,4096,1,budget,5,5,5,5,1.0,1.0,,0,8192,0.038230166072025895
msmarco-passage-trec-dl-2019,0,855410,dibud,64,10000,9160,5000,4160,0,observation_limit,6,6,100,6,1.0,1.0,,0,,0.038230333011597395
msmarco-passage-trec-dl-2019,0,855410,balanced,64,128,128,64,64,1,budget,5,5,5,5,1.0,1.0,,0,128,0.03898404201027006
msmarco-passage-trec-dl-2019,0,855410,balanced,64,256,256,128,128,1,budget,5,5,5,5,1.0,1.0,,0,256,0.03898450010456145
msmarco-passage-trec-dl-2019,0,855410,balanced,64,512,512,256,256,1,budget,5,5,5,5,1.0,1.0,,0,512,0.038985000108368695
msmarco-passage-trec-dl-2019,0,855410,balanced,64,1024,1024,512,512,1,budget,5,5,5,5,1.0,1.0,,0,1024,0.038985167047940195
msmarco-passage-trec-dl-2019,0,855410,balanced,64,2048,2048,1024,1024,1,budget,5,5,5,5,1.0,1.0,,0,2048,0.03898541710805148
msmarco-passage-trec-dl-2019,0,855410,balanced,64,4096,4096,2048,2048,1,budget,5,5,5,5,1.0,1.0,,0,4096,0.0389855420216918
msmarco-passage-trec-dl-2019,0,855410,balanced,64,8192,8192,4096,4096,1,budget,5,5,5,5,1.0,1.0,,0,8192,0.03898562502581626
msmarco-passage-trec-dl-2019,0,855410,balanced,64,10000,10000,5000,5000,1,budget,6,6,6,6,1.0,1.0,,0,10000,0.038985750055871904
msmarco-passage-trec-dl-2020,0,1109707,dibud,1,128,128,66,62,1,budget,3,3,3,3,0.2825296582633139,0.69124078801534,454,1,128,1.718527374905534
msmarco-passage-trec-dl-2020,0,1109707,dibud,1,256,256,133,123,1,budget,6,6,6,6,0.41257314936974143,0.69124078801534,454,1,256,1.7185285829473287
msmarco-passage-trec-dl-2020,0,1109707,dibud,1,512,512,244,268,1,budget,22,22,22,20,0.69124078801534,0.69124078801534,454,1,454,1.7185291249770671
msmarco-passage-trec-dl-2020,0,1109707,dibud,1,1024,1024,556,468,1,budget,29,29,29,20,0.69124078801534,0.69124078801534,454,1,454,1.718529374920763
msmarco-passage-trec-dl-2020,0,1109707,dibud,1,2048,2048,1253,795,1,budget,41,41,41,20,0.69124078801534,0.69124078801534,454,1,454,1.7185295829549432
msmarco-passage-trec-dl-2020,0,1109707,dibud,1,4096,4096,2667,1429,1,budget,60,60,60,20,0.69124078801534,0.69124078801534,454,1,454,1.71852975001093
msmarco-passage-trec-dl-2020,0,1109707,dibud,1,8192,6931,5000,1931,0,observation_limit,63,63,100,20,0.69124078801534,0.69124078801534,454,1,454,1.7185298749245703
msmarco-passage-trec-dl-2020,0,1109707,dibud,1,10000,6931,5000,1931,0,observation_limit,63,63,100,20,0.69124078801534,0.69124078801534,454,1,454,1.718529999954626
msmarco-passage-trec-dl-2020,0,1109707,balanced,1,128,128,64,64,1,budget,3,3,3,3,0.2825296582633139,0.69124078801534,480,1,128,2.700619417009875
msmarco-passage-trec-dl-2020,0,1109707,balanced,1,256,256,128,128,1,budget,6,6,6,6,0.41257314936974143,0.69124078801534,480,1,256,2.7006198749877512
msmarco-passage-trec-dl-2020,0,1109707,balanced,1,512,512,256,256,1,budget,22,22,22,20,0.69124078801534,0.69124078801534,480,1,480,2.700620249961503
msmarco-passage-trec-dl-2020,0,1109707,balanced,1,1024,1024,512,512,1,budget,28,28,28,20,0.69124078801534,0.69124078801534,480,1,480,2.7006205420475453
msmarco-passage-trec-dl-2020,0,1109707,balanced,1,2048,2048,1024,1024,1,budget,38,38,38,20,0.69124078801534,0.69124078801534,480,1,480,2.700620708987117
msmarco-passage-trec-dl-2020,0,1109707,balanced,1,4096,4096,2048,2048,1,budget,59,59,59,20,0.69124078801534,0.69124078801534,480,1,480,2.7006208749953657
msmarco-passage-trec-dl-2020,0,1109707,balanced,1,8192,8192,4096,4096,1,budget,62,62,62,20,0.69124078801534,0.69124078801534,480,1,480,2.7006210420513526
msmarco-passage-trec-dl-2020,0,1109707,balanced,1,10000,10000,5000,5000,1,budget,63,63,63,20,0.69124078801534,0.69124078801534,480,1,480,2.700621166964993
msmarco-passage-trec-dl-2020,0,1109707,dibud,64,128,128,64,64,1,budget,3,3,3,3,0.2825296582633139,0.69124078801534,512,1,128,0.04153395805042237
msmarco-passage-trec-dl-2020,0,1109707,dibud,64,256,256,128,128,1,budget,6,6,6,6,0.41257314936974143,0.69124078801534,512,1,256,0.041534333024173975
msmarco-passage-trec-dl-2020,0,1109707,dibud,64,512,512,256,256,1,budget,22,22,22,20,0.69124078801534,0.69124078801534,512,1,512,0.041534667019732296
msmarco-passage-trec-dl-2020,0,1109707,dibud,64,1024,1024,512,512,1,budget,28,28,28,20,0.69124078801534,0.69124078801534,512,1,512,0.041535083088092506
msmarco-passage-trec-dl-2020,0,1109707,dibud,64,2048,2048,1216,832,1,budget,40,40,40,20,0.69124078801534,0.69124078801534,512,1,512,0.04153537505771965
msmarco-passage-trec-dl-2020,0,1109707,dibud,64,4096,4096,2624,1472,1,budget,60,60,60,20,0.69124078801534,0.69124078801534,512,1,512,0.04153550008777529
msmarco-passage-trec-dl-2020,0,1109707,dibud,64,8192,6984,5000,1984,0,observation_limit,63,63,100,20,0.69124078801534,0.69124078801534,512,1,512,0.04153566702734679
msmarco-passage-trec-dl-2020,0,1109707,dibud,64,10000,6984,5000,1984,0,observation_limit,63,63,100,20,0.69124078801534,0.69124078801534,512,1,512,0.041535833035595715
msmarco-passage-trec-dl-2020,0,1109707,balanced,64,128,128,64,64,1,budget,3,3,3,3,0.2825296582633139,0.69124078801534,512,1,128,0.06424916698597372
msmarco-passage-trec-dl-2020,0,1109707,balanced,64,256,256,128,128,1,budget,6,6,6,6,0.41257314936974143,0.69124078801534,512,1,256,0.06424966698978096
msmarco-passage-trec-dl-2020,0,1109707,balanced,64,512,512,256,256,1,budget,22,22,22,20,0.69124078801534,0.69124078801534,512,1,512,0.06425008398946375
msmarco-passage-trec-dl-2020,0,1109707,balanced,64,1024,1024,512,512,1,budget,28,28,28,20,0.69124078801534,0.69124078801534,512,1,512,0.06425037502776831
msmarco-passage-trec-dl-2020,0,1109707,balanced,64,2048,2048,1024,1024,1,budget,38,38,38,20,0.69124078801534,0.69124078801534,512,1,512,0.0642506250878796
msmarco-passage-trec-dl-2020,0,1109707,balanced,64,4096,4096,2048,2048,1,budget,59,59,59,20,0.69124078801534,0.69124078801534,512,1,512,0.06425083405338228
msmarco-passage-trec-dl-2020,0,1109707,balanced,64,8192,8192,4096,4096,1,budget,62,62,62,20,0.69124078801534,0.69124078801534,512,1,512,0.06425095908343792
msmarco-passage-trec-dl-2020,0,1109707,balanced,64,10000,10000,5000,5000,1,budget,63,63,63,20,0.69124078801534,0.69124078801534,512,1,512,0.06425112497527152
msmarco-passage-trec-dl-2020,0,390360,dibud,1,128,128,62,66,1,budget,6,6,6,6,0.35671429847721475,0.5299476107369877,3734,1,128,1.4765164169948548
msmarco-passage-trec-dl-2020,0,390360,dibud,1,256,256,128,128,1,budget,8,8,8,8,0.47869726084188435,0.5299476107369877,3734,1,256,1.4765175000065938
msmarco-passage-trec-dl-2020,0,390360,dibud,1,512,512,198,314,1,budget,10,10,10,10,0.5156792342499138,0.5299476107369877,3734,1,512,1.4765182080445811
msmarco-passage-trec-dl-2020,0,390360,dibud,1,1024,1024,334,690,1,budget,13,13,13,13,0.5156792342499138,0.5299476107369877,3734,1,1024,1.476518457988277
msmarco-passage-trec-dl-2020,0,390360,dibud,1,2048,2048,489,1559,1,budget,14,14,14,14,0.5156792342499138,0.5299476107369877,3734,1,2048,1.4765186669537798
msmarco-passage-trec-dl-2020,0,390360,dibud,1,4096,4096,2048,2048,1,budget,21,21,21,20,0.5299476107369877,0.5299476107369877,3734,1,3734,1.476518917013891
msmarco-passage-trec-dl-2020,0,390360,dibud,1,8192,7770,5000,2770,0,observation_limit,29,29,100,20,0.5299476107369877,0.5299476107369877,3734,1,3734,1.47651908302214
msmarco-passage-trec-dl-2020,0,390360,dibud,1,10000,7770,5000,2770,0,observation_limit,29,29,100,20,0.5299476107369877,0.5299476107369877,3734,1,3734,1.4765192499617115
msmarco-passage-trec-dl-2020,0,390360,balanced,1,128,128,64,64,1,budget,6,6,6,6,0.35671429847721475,0.5299476107369877,4078,1,128,1.9711618749424815
msmarco-passage-trec-dl-2020,0,390360,balanced,1,256,256,128,128,1,budget,8,8,8,8,0.47869726084188435,0.5299476107369877,4078,1,256,1.9711623329203576
msmarco-passage-trec-dl-2020,0,390360,balanced,1,512,512,256,256,1,budget,10,10,10,10,0.5156792342499138,0.5299476107369877,4078,1,512,1.9711629159282893
msmarco-passage-trec-dl-2020,0,390360,balanced,1,1024,1024,512,512,1,budget,11,11,11,11,0.5156792342499138,0.5299476107369877,4078,1,1024,1.9711632499238476
msmarco-passage-trec-dl-2020,0,390360,balanced,1,2048,2048,1024,1024,1,budget,14,14,14,14,0.5156792342499138,0.5299476107369877,4078,1,2048,1.971163499983959
msmarco-passage-trec-dl-2020,0,390360,balanced,1,4096,4096,2048,2048,1,budget,21,21,21,20,0.5299476107369877,0.5299476107369877,4078,1,4078,1.971163708018139
msmarco-passage-trec-dl-2020,0,390360,balanced,1,8192,8192,4096,4096,1,budget,29,29,29,20,0.5299476107369877,0.5299476107369877,4078,1,4078,1.9711638749577105
msmarco-passage-trec-dl-2020,0,390360,balanced,1,10000,10000,5000,5000,1,budget,29,29,29,20,0.5299476107369877,0.5299476107369877,4078,1,4078,1.9711640409659594
msmarco-passage-trec-dl-2020,0,390360,dibud,64,128,128,64,64,1,budget,6,6,6,6,0.35671429847721475,0.5299476107369877,3776,1,128,0.037659124936908484
msmarco-passage-trec-dl-2020,0,390360,dibud,64,256,256,128,128,1,budget,8,8,8,8,0.47869726084188435,0.5299476107369877,3776,1,256,0.03765970899257809
msmarco-passage-trec-dl-2020,0,390360,dibud,64,512,512,192,320,1,budget,10,10,10,10,0.5156792342499138,0.5299476107369877,3776,1,512,0.037660083966329694
msmarco-passage-trec-dl-2020,0,390360,dibud,64,1024,1024,320,704,1,budget,13,13,13,13,0.5156792342499138,0.5299476107369877,3776,1,1024,0.03766033402644098
msmarco-passage-trec-dl-2020,0,390360,dibud,64,2048,2048,512,1536,1,budget,14,14,14,14,0.5156792342499138,0.5299476107369877,3776,1,2048,0.03766049991827458
msmarco-passage-trec-dl-2020,0,390360,dibud,64,4096,4096,2048,2048,1,budget,21,21,21,20,0.5299476107369877,0.5299476107369877,3776,1,3776,0.037660749978385866
msmarco-passage-trec-dl-2020,0,390360,dibud,64,8192,7816,5000,2816,0,observation_limit,29,29,100,20,0.5299476107369877,0.5299476107369877,3776,1,3776,0.03766087500844151
msmarco-passage-trec-dl-2020,0,390360,dibud,64,10000,7816,5000,2816,0,observation_limit,29,29,100,20,0.5299476107369877,0.5299476107369877,3776,1,3776,0.03766104194801301
msmarco-passage-trec-dl-2020,0,390360,balanced,64,128,128,64,64,1,budget,6,6,6,6,0.35671429847721475,0.5299476107369877,4096,1,128,0.050736374920234084
msmarco-passage-trec-dl-2020,0,390360,balanced,64,256,256,128,128,1,budget,8,8,8,8,0.47869726084188435,0.5299476107369877,4096,1,256,0.05073699995409697
msmarco-passage-trec-dl-2020,0,390360,balanced,64,512,512,256,256,1,budget,10,10,10,10,0.5156792342499138,0.5299476107369877,4096,1,512,0.05073758296202868
msmarco-passage-trec-dl-2020,0,390360,balanced,64,1024,1024,512,512,1,budget,11,11,11,11,0.5156792342499138,0.5299476107369877,4096,1,1024,0.05073779192753136
msmarco-passage-trec-dl-2020,0,390360,balanced,64,2048,2048,1024,1024,1,budget,14,14,14,14,0.5156792342499138,0.5299476107369877,4096,1,2048,0.050737999961711466
msmarco-passage-trec-dl-2020,0,390360,balanced,64,4096,4096,2048,2048,1,budget,21,21,21,20,0.5299476107369877,0.5299476107369877,4096,1,4096,0.05073833290953189
msmarco-passage-trec-dl-2020,0,390360,balanced,64,8192,8192,4096,4096,1,budget,29,29,29,20,0.5299476107369877,0.5299476107369877,4096,1,4096,0.05073854199144989
msmarco-passage-trec-dl-2020,0,390360,balanced,64,10000,10000,5000,5000,1,budget,29,29,29,20,0.5299476107369877,0.5299476107369877,4096,1,4096,0.05073870799969882
nfcorpus,0,PLAIN-1516,dibud,1,128,102,100,2,1,cap100,100,100,100,20,0.0,0.0,22,1,22,0.01276454096660018
nfcorpus,0,PLAIN-1516,dibud,1,256,102,100,2,1,cap100,100,100,100,20,0.0,0.0,22,1,22,0.012764916056767106
nfcorpus,0,PLAIN-1516,dibud,1,512,102,100,2,1,cap100,100,100,100,20,0.0,0.0,22,1,22,0.012765208026394248
nfcorpus,0,PLAIN-1516,dibud,1,1024,102,100,2,1,cap100,100,100,100,20,0.0,0.0,22,1,22,0.012765416060574353
nfcorpus,0,PLAIN-1516,dibud,1,2048,102,100,2,1,cap100,100,100,100,20,0.0,0.0,22,1,22,0.012765540974214673
nfcorpus,0,PLAIN-1516,dibud,1,4096,102,100,2,1,cap100,100,100,100,20,0.0,0.0,22,1,22,0.012765708030201495
nfcorpus,0,PLAIN-1516,dibud,1,8192,102,100,2,1,cap100,100,100,100,20,0.0,0.0,22,1,22,0.012765833060257137
nfcorpus,0,PLAIN-1516,dibud,1,10000,102,100,2,1,cap100,100,100,100,20,0.0,0.0,22,1,22,0.012765957973897457
nfcorpus,0,PLAIN-1516,balanced,1,128,102,100,2,1,cap100,100,100,100,20,0.0,0.0,22,1,22,0.012542290962301195
nfcorpus,0,PLAIN-1516,balanced,1,256,102,100,2,1,cap100,100,100,100,20,0.0,0.0,22,1,22,0.012542541022412479
nfcorpus,0,PLAIN-1516,balanced,1,512,102,100,2,1,cap100,100,100,100,20,0.0,0.0,22,1,22,0.012542749987915158
nfcorpus,0,PLAIN-1516,balanced,1,1024,102,100,2,1,cap100,100,100,100,20,0.0,0.0,22,1,22,0.01254299993161112
nfcorpus,0,PLAIN-1516,balanced,1,2048,102,100,2,1,cap100,100,100,100,20,0.0,0.0,22,1,22,0.012543207965791225
nfcorpus,0,PLAIN-1516,balanced,1,4096,102,100,2,1,cap100,100,100,100,20,0.0,0.0,22,1,22,0.012543332995846868
nfcorpus,0,PLAIN-1516,balanced,1,8192,102,100,2,1,cap100,100,100,100,20,0.0,0.0,22,1,22,0.012543499935418367
nfcorpus,0,PLAIN-1516,balanced,1,10000,102,100,2,1,cap100,100,100,100,20,0.0,0.0,22,1,22,0.01254362496547401
nfcorpus,0,PLAIN-1516,dibud,64,128,128,126,2,1,cap100,100,100,100,20,0.0,0.0,66,1,66,0.003021333017386496
nfcorpus,0,PLAIN-1516,dibud,64,256,128,126,2,1,cap100,100,100,100,20,0.0,0.0,66,1,66,0.003021666081622243
nfcorpus,0,PLAIN-1516,dibud,64,512,128,126,2,1,cap100,100,100,100,20,0.0,0.0,66,1,66,0.003021958051249385
nfcorpus,0,PLAIN-1516,dibud,64,1024,128,126,2,1,cap100,100,100,100,20,0.0,0.0,66,1,66,0.0030221249908208847
nfcorpus,0,PLAIN-1516,dibud,64,2048,128,126,2,1,cap100,100,100,100,20,0.0,0.0,66,1,66,0.0030223330250009894
nfcorpus,0,PLAIN-1516,dibud,64,4096,128,126,2,1,cap100,100,100,100,20,0.0,0.0,66,1,66,0.0030225830851122737
nfcorpus,0,PLAIN-1516,dibud,64,8192,128,126,2,1,cap100,100,100,100,20,0.0,0.0,66,1,66,0.0030227500246837735
nfcorpus,0,PLAIN-1516,dibud,64,10000,128,126,2,1,cap100,100,100,100,20,0.0,0.0,66,1,66,0.0030229160329326987
nfcorpus,0,PLAIN-1516,balanced,64,128,128,126,2,1,cap100,100,100,100,20,0.0,0.0,66,1,66,0.0028719999827444553
nfcorpus,0,PLAIN-1516,balanced,64,256,128,126,2,1,cap100,100,100,100,20,0.0,0.0,66,1,66,0.00287237495649606
nfcorpus,0,PLAIN-1516,balanced,64,512,128,126,2,1,cap100,100,100,100,20,0.0,0.0,66,1,66,0.0028726249001920223
nfcorpus,0,PLAIN-1516,balanced,64,1024,128,126,2,1,cap100,100,100,100,20,0.0,0.0,66,1,66,0.0028728749603033066
nfcorpus,0,PLAIN-1516,balanced,64,2048,128,126,2,1,cap100,100,100,100,20,0.0,0.0,66,1,66,0.0028729999903589487
nfcorpus,0,PLAIN-1516,balanced,64,4096,128,126,2,1,cap100,100,100,100,20,0.0,0.0,66,1,66,0.002873165998607874
nfcorpus,0,PLAIN-1516,balanced,64,8192,128,126,2,1,cap100,100,100,100,20,0.0,0.0,66,1,66,0.0028733329381793737
nfcorpus,0,PLAIN-1516,balanced,64,10000,128,126,2,1,cap100,100,100,100,20,0.0,0.0,66,1,66,0.002873457968235016
nfcorpus,0,PLAIN-2920,dibud,1,128,128,62,66,1,budget,8,8,8,8,0.0,0.0,588,1,128,0.6143125829985365
nfcorpus,0,PLAIN-2920,dibud,1,256,256,124,132,1,budget,11,11,11,11,0.0,0.0,588,1,256,0.6143129579722881
nfcorpus,0,PLAIN-2920,dibud,1,512,512,231,281,1,budget,18,18,18,18,0.0,0.0,588,1,512,0.6143134579760954
nfcorpus,0,PLAIN-2920,dibud,1,1024,1024,472,552,1,budget,23,23,23,20,0.0,0.0,588,1,588,0.6143136249156669
nfcorpus,0,PLAIN-2920,dibud,1,2048,2048,971,1077,1,budget,49,49,49,20,0.0,0.0,588,1,588,0.6143137499457225
nfcorpus,0,PLAIN-2920,dibud,1,4096,3140,2063,1077,1,cap100,100,100,100,20,0.0,0.0,588,1,588,0.6143138749757782
nfcorpus,0,PLAIN-2920,dibud,1,8192,3140,2063,1077,1,cap100,100,100,100,20,0.0,0.0,588,1,588,0.6143140000058338
nfcorpus,0,PLAIN-2920,dibud,1,10000,3140,2063,1077,1,cap100,100,100,100,20,0.0,0.0,588,1,588,0.6143141249194741
nfcorpus,0,PLAIN-2920,balanced,1,128,128,64,64,1,budget,8,8,8,8,0.0,0.0,650,1,128,0.5901461669709533
nfcorpus,0,PLAIN-2920,balanced,1,256,256,128,128,1,budget,11,11,11,11,0.0,0.0,650,1,256,0.5901468750089407
nfcorpus,0,PLAIN-2920,balanced,1,512,512,256,256,1,budget,17,17,17,17,0.0,0.0,650,1,512,0.5901473750127479
nfcorpus,0,PLAIN-2920,balanced,1,1024,1024,512,512,1,budget,23,23,23,20,0.0,0.0,650,1,650,0.590147583046928
nfcorpus,0,PLAIN-2920,balanced,1,2048,2048,1024,1024,1,budget,26,26,26,20,0.0,0.0,650,1,650,0.5901477499864995
nfcorpus,0,PLAIN-2920,balanced,1,4096,3140,2063,1077,1,cap100,100,100,100,20,0.0,0.0,650,1,650,0.5901479170424864
nfcorpus,0,PLAIN-2920,balanced,1,8192,3140,2063,1077,1,cap100,100,100,100,20,0.0,0.0,650,1,650,0.5901480830507353
nfcorpus,0,PLAIN-2920,balanced,1,10000,3140,2063,1077,1,cap100,100,100,100,20,0.0,0.0,650,1,650,0.5901482079643756
nfcorpus,0,PLAIN-2920,dibud,64,128,128,64,64,1,budget,8,8,8,8,0.0,0.0,704,1,128,0.016960375010967255
nfcorpus,0,PLAIN-2920,dibud,64,256,256,128,128,1,budget,11,11,11,11,0.0,0.0,704,1,256,0.016960832988843322
nfcorpus,0,PLAIN-2920,dibud,64,512,512,256,256,1,budget,17,17,17,17,0.0,0.0,704,1,512,0.016961249988526106
nfcorpus,0,PLAIN-2920,dibud,64,1024,1024,448,576,1,budget,23,23,23,20,0.0,0.0,704,1,704,0.01696145802270621
nfcorpus,0,PLAIN-2920,dibud,64,2048,2048,971,1077,1,budget,49,49,49,20,0.0,0.0,704,1,704,0.01696162496227771
nfcorpus,0,PLAIN-2920,dibud,64,4096,3200,2123,1077,1,cap100,100,100,100,20,0.0,0.0,704,1,704,0.016961749992333353
nfcorpus,0,PLAIN-2920,dibud,64,8192,3200,2123,1077,1,cap100,100,100,100,20,0.0,0.0,704,1,704,0.016961875022388995
nfcorpus,0,PLAIN-2920,dibud,64,10000,3200,2123,1077,1,cap100,100,100,100,20,0.0,0.0,704,1,704,0.016962041961960495
nfcorpus,0,PLAIN-2920,balanced,64,128,128,64,64,1,budget,8,8,8,8,0.0,0.0,768,1,128,0.015997332986444235
nfcorpus,0,PLAIN-2920,balanced,64,256,256,128,128,1,budget,11,11,11,11,0.0,0.0,768,1,256,0.015997666982002556
nfcorpus,0,PLAIN-2920,balanced,64,512,512,256,256,1,budget,17,17,17,17,0.0,0.0,768,1,512,0.015998082933947444
nfcorpus,0,PLAIN-2920,balanced,64,1024,1024,512,512,1,budget,23,23,23,20,0.0,0.0,768,1,768,0.015998291899450123
nfcorpus,0,PLAIN-2920,balanced,64,2048,2048,1024,1024,1,budget,26,26,26,20,0.0,0.0,768,1,768,0.01599845790769905
nfcorpus,0,PLAIN-2920,balanced,64,4096,3189,2112,1077,1,cap100,100,100,100,20,0.0,0.0,768,1,768,0.01599862496368587
nfcorpus,0,PLAIN-2920,balanced,64,8192,3189,2112,1077,1,cap100,100,100,100,20,0.0,0.0,768,1,768,0.015998749993741512
nfcorpus,0,PLAIN-2920,balanced,64,10000,3189,2112,1077,1,cap100,100,100,100,20,0.0,0.0,768,1,768,0.015998874907381833
scifact,0,674,dibud,1,128,128,59,69,1,budget,17,17,17,17,0.3333333333333333,0.3333333333333333,215,1,128,1.0805266660172492
scifact,0,674,dibud,1,256,256,116,140,1,budget,28,28,28,20,0.3333333333333333,0.3333333333333333,215,1,215,1.080527083016932
scifact,0,674,dibud,1,512,512,223,289,1,budget,44,44,44,20,0.3333333333333333,0.3333333333333333,215,1,215,1.080527540994808
scifact,0,674,dibud,1,1024,1024,351,673,1,budget,60,60,60,20,0.3333333333333333,0.3333333333333333,215,1,215,1.0805277079343796
scifact,0,674,dibud,1,2048,2048,351,1697,1,budget,65,65,65,20,0.3333333333333333,0.3333333333333333,215,1,215,1.0805279579944909
scifact,0,674,dibud,1,4096,4096,817,3279,1,budget,83,83,83,20,0.3333333333333333,0.3333333333333333,215,1,215,1.0805281249340624
scifact,0,674,dibud,1,8192,4216,937,3279,1,cap100,100,100,100,20,0.3333333333333333,0.3333333333333333,215,1,215,1.0805282909423113
scifact,0,674,dibud,1,10000,4216,937,3279,1,cap100,100,100,100,20,0.3333333333333333,0.3333333333333333,215,1,215,1.080528457998298
scifact,0,674,balanced,1,128,128,64,64,1,budget,17,17,17,17,0.3333333333333333,0.3333333333333333,228,1,128,1.7410977919353172
scifact,0,674,balanced,1,256,256,128,128,1,budget,24,24,24,20,0.3333333333333333,0.3333333333333333,228,1,228,1.741098374943249
scifact,0,674,balanced,1,512,512,256,256,1,budget,42,42,42,20,0.3333333333333333,0.3333333333333333,228,1,228,1.7410989169729874
scifact,0,674,balanced,1,1024,1024,512,512,1,budget,58,58,58,20,0.3333333333333333,0.3333333333333333,228,1,228,1.7410990839125589
scifact,0,674,balanced,1,2048,2048,1024,1024,1,budget,65,65,65,20,0.3333333333333333,0.3333333333333333,228,1,228,1.741099291946739
scifact,0,674,balanced,1,4096,4096,2048,2048,1,budget,66,66,66,20,0.3333333333333333,0.3333333333333333,228,1,228,1.7410994590027258
scifact,0,674,balanced,1,8192,6558,3279,3279,1,cap100,100,100,100,20,0.3333333333333333,0.3333333333333333,228,1,228,1.7410996248945594
scifact,0,674,balanced,1,10000,6558,3279,3279,1,cap100,100,100,100,20,0.3333333333333333,0.3333333333333333,228,1,228,1.7410997919505462
scifact,0,674,dibud,64,128,128,64,64,1,budget,17,17,17,17,0.3333333333333333,0.3333333333333333,256,1,128,0.02685908298008144
scifact,0,674,dibud,64,256,256,128,128,1,budget,24,24,24,20,0.3333333333333333,0.3333333333333333,256,1,256,0.026859499979764223
scifact,0,674,dibud,64,512,512,256,256,1,budget,42,42,42,20,0.3333333333333333,0.3333333333333333,256,1,256,0.026859958074055612
scifact,0,674,dibud,64,1024,1024,384,640,1,budget,60,60,60,20,0.3333333333333333,0.3333333333333333,256,1,256,0.026860125013627112
scifact,0,674,dibud,64,2048,2048,384,1664,1,budget,65,65,65,20,0.3333333333333333,0.3333333333333333,256,1,256,0.026860292069613934
scifact,0,674,dibud,64,4096,4096,817,3279,1,budget,83,83,83,20,0.3333333333333333,0.3333333333333333,256,1,256,0.02686045807786286
scifact,0,674,dibud,64,8192,4224,945,3279,1,cap100,100,100,100,20,0.3333333333333333,0.3333333333333333,256,1,256,0.02686062501743436
scifact,0,674,dibud,64,10000,4224,945,3279,1,cap100,100,100,100,20,0.3333333333333333,0.3333333333333333,256,1,256,0.02686075004749
scifact,0,674,balanced,64,128,128,64,64,1,budget,17,17,17,17,0.3333333333333333,0.3333333333333333,256,1,128,0.04340920806862414
scifact,0,674,balanced,64,256,256,128,128,1,budget,24,24,24,20,0.3333333333333333,0.3333333333333333,256,1,256,0.04340979200787842
scifact,0,674,balanced,64,512,512,256,256,1,budget,42,42,42,20,0.3333333333333333,0.3333333333333333,256,1,256,0.04341029201168567
scifact,0,674,balanced,64,1024,1024,512,512,1,budget,58,58,58,20,0.3333333333333333,0.3333333333333333,256,1,256,0.043410458019934595
scifact,0,674,balanced,64,2048,2048,1024,1024,1,budget,65,65,65,20,0.3333333333333333,0.3333333333333333,256,1,256,0.043410625075921416
scifact,0,674,balanced,64,4096,4096,2048,2048,1,budget,66,66,66,20,0.3333333333333333,0.3333333333333333,256,1,256,0.043410792015492916
scifact,0,674,balanced,64,8192,6607,3328,3279,1,cap100,100,100,100,20,0.3333333333333333,0.3333333333333333,256,1,256,0.04341095802374184
scifact,0,674,balanced,64,10000,6607,3328,3279,1,cap100,100,100,100,20,0.3333333333333333,0.3333333333333333,256,1,256,0.04341108305379748
scifact,0,1150,dibud,1,128,128,64,64,1,budget,12,12,12,12,1.0,1.0,234,1,128,1.7291801669634879
scifact,0,1150,dibud,1,256,256,128,128,1,budget,21,21,21,20,1.0,1.0,234,1,234,1.7291808750014752
scifact,0,1150,dibud,1,512,512,256,256,1,budget,25,25,25,20,1.0,1.0,234,1,234,1.7291813750052825
scifact,0,1150,dibud,1,1024,1024,367,657,1,budget,31,31,31,20,1.0,1.0,234,1,234,1.7291817079531029
scifact,0,1150,dibud,1,2048,2048,567,1481,1,budget,32,32,32,20,1.0,1.0,234,1,234,1.7291819580132142
scifact,0,1150,dibud,1,4096,4096,889,3207,1,budget,39,39,39,20,1.0,1.0,234,1,234,1.7291821669787169
scifact,0,1150,dibud,1,8192,7189,3982,3207,1,cap100,100,100,100,20,1.0,1.0,234,1,234,1.7291823329869658
scifact,0,1150,dibud,1,10000,7189,3982,3207,1,cap100,100,100,100,20,1.0,1.0,234,1,234,1.7291824999265373
scifact,0,1150,balanced,1,128,128,64,64,1,budget,12,12,12,12,1.0,1.0,234,1,128,1.624374374980107
scifact,0,1150,balanced,1,256,256,128,128,1,budget,21,21,21,20,1.0,1.0,234,1,234,1.624374834005721
scifact,0,1150,balanced,1,512,512,256,256,1,budget,25,25,25,20,1.0,1.0,234,1,234,1.6243752499576658
scifact,0,1150,balanced,1,1024,1024,512,512,1,budget,30,30,30,20,1.0,1.0,234,1,234,1.6243755840696394
scifact,0,1150,balanced,1,2048,2048,1024,1024,1,budget,32,32,32,20,1.0,1.0,234,1,234,1.6243758340133354
scifact,0,1150,balanced,1,4096,4096,2048,2048,1,budget,34,34,34,20,1.0,1.0,234,1,234,1.6243760000215843
scifact,0,1150,balanced,1,8192,7189,3982,3207,1,cap100,100,100,100,20,1.0,1.0,234,1,234,1.62437612505164
scifact,0,1150,balanced,1,10000,7189,3982,3207,1,cap100,100,100,100,20,1.0,1.0,234,1,234,1.6243762499652803
scifact,0,1150,dibud,64,128,128,64,64,1,budget,12,12,12,12,1.0,1.0,256,1,128,0.04103287495672703
scifact,0,1150,dibud,64,256,256,128,128,1,budget,21,21,21,20,1.0,1.0,256,1,256,0.041033416986465454
scifact,0,1150,dibud,64,512,512,256,256,1,budget,25,25,25,20,1.0,1.0,256,1,256,0.04103374993428588
scifact,0,1150,dibud,64,1024,1024,384,640,1,budget,31,31,31,20,1.0,1.0,256,1,256,0.04103395901620388
scifact,0,1150,dibud,64,2048,2048,576,1472,1,budget,32,32,32,20,1.0,1.0,256,1,256,0.04103416693396866
scifact,0,1150,dibud,64,4096,4096,889,3207,1,budget,39,39,39,20,1.0,1.0,256,1,256,0.041034291964024305
scifact,0,1150,dibud,64,8192,7232,4025,3207,1,cap100,100,100,100,20,1.0,1.0,256,1,256,0.04103441699407995
scifact,0,1150,dibud,64,10000,7232,4025,3207,1,cap100,100,100,100,20,1.0,1.0,256,1,256,0.04103458405006677
scifact,0,1150,balanced,64,128,128,64,64,1,budget,12,12,12,12,1.0,1.0,256,1,128,0.03950620803516358
scifact,0,1150,balanced,64,256,256,128,128,1,budget,21,21,21,20,1.0,1.0,256,1,256,0.039506791974417865
scifact,0,1150,balanced,64,512,512,256,256,1,budget,25,25,25,20,1.0,1.0,256,1,256,0.03950729197822511
scifact,0,1150,balanced,64,1024,1024,512,512,1,budget,30,30,30,20,1.0,1.0,256,1,256,0.03950762492604554
scifact,0,1150,balanced,64,2048,2048,1024,1024,1,budget,32,32,32,20,1.0,1.0,256,1,256,0.03950779198203236
scifact,0,1150,balanced,64,4096,4096,2048,2048,1,budget,34,34,34,20,1.0,1.0,256,1,256,0.039507957990281284
scifact,0,1150,balanced,64,8192,7239,4032,3207,1,cap100,100,100,100,20,1.0,1.0,256,1,256,0.039508083020336926
scifact,0,1150,balanced,64,10000,7239,4032,3207,1,cap100,100,100,100,20,1.0,1.0,256,1,256,0.039508249959908426
trec-covid,0,8,dibud,1,128,128,64,64,1,budget,2,2,2,2,0.23165732683700074,0.7355266440667508,,0,128,1.0370183340273798
trec-covid,0,8,dibud,1,256,256,128,128,1,budget,2,2,2,2,0.23165732683700074,0.7355266440667508,,0,256,1.0370188750093803
trec-covid,0,8,dibud,1,512,512,242,270,1,budget,6,6,6,6,0.46939493307846414,0.7355266440667508,,0,512,1.0370191669790074
trec-covid,0,8,dibud,1,1024,1024,468,556,1,budget,10,10,10,10,0.5594999254713815,0.7355266440667508,,0,1024,1.0370193340349942
trec-covid,0,8,dibud,1,2048,2048,742,1306,1,budget,12,12,12,12,0.5978845636367643,0.7355266440667508,,0,2048,1.0370194589486346
trec-covid,0,8,dibud,1,4096,4096,945,3151,1,budget,16,16,16,16,0.6697508615337175,0.7355266440667508,,0,4096,1.037019541952759
trec-covid,0,8,dibud,1,8192,6366,1366,5000,0,observation_limit,17,17,100,17,0.6697508615337175,0.7355266440667508,,0,,1.0370197090087458
trec-covid,0,8,dibud,1,10000,6366,1366,5000,0,observation_limit,17,17,100,17,0.6697508615337175,0.7355266440667508,,0,,1.0370198340388015
trec-covid,0,8,balanced,1,128,128,64,64,1,budget,2,2,2,2,0.23165732683700074,0.7355266440667508,,0,128,1.7394142500124872
trec-covid,0,8,balanced,1,256,256,128,128,1,budget,2,2,2,2,0.23165732683700074,0.7355266440667508,,0,256,1.739414665964432
trec-covid,0,8,balanced,1,512,512,256,256,1,budget,6,6,6,6,0.46939493307846414,0.7355266440667508,,0,512,1.7394149999599904
trec-covid,0,8,balanced,1,1024,1024,512,512,1,budget,10,10,10,10,0.5594999254713815,0.7355266440667508,,0,1024,1.7394152079941705
trec-covid,0,8,balanced,1,2048,2048,1024,1024,1,budget,12,12,12,12,0.5978845636367643,0.7355266440667508,,0,2048,1.7394154580542818
trec-covid,0,8,balanced,1,4096,4096,2048,2048,1,budget,12,12,12,12,0.5978845636367643,0.7355266440667508,,0,4096,1.7394156659720466
trec-covid,0,8,balanced,1,8192,8192,4096,4096,1,budget,17,17,17,17,0.6697508615337175,0.7355266440667508,,0,8192,1.739415750023909
trec-covid,0,8,balanced,1,10000,10000,5000,5000,1,budget,17,17,17,17,0.6697508615337175,0.7355266440667508,,0,10000,1.7394158750539646
trec-covid,0,8,dibud,64,128,128,64,64,1,budget,2,2,2,2,0.23165732683700074,0.7355266440667508,,0,128,0.03026891697663814
trec-covid,0,8,dibud,64,256,256,128,128,1,budget,2,2,2,2,0.23165732683700074,0.7355266440667508,,0,256,0.030269499984569848
trec-covid,0,8,dibud,64,512,512,256,256,1,budget,6,6,6,6,0.46939493307846414,0.7355266440667508,,0,512,0.030269750044681132
trec-covid,0,8,dibud,64,1024,1024,448,576,1,budget,10,10,10,10,0.5594999254713815,0.7355266440667508,,0,1024,0.03026991698425263
trec-covid,0,8,dibud,64,2048,2048,768,1280,1,budget,12,12,12,12,0.5978845636367643,0.7355266440667508,,0,2048,0.030270042014308274
trec-covid,0,8,dibud,64,4096,4096,896,3200,1,budget,16,16,16,16,0.6697508615337175,0.7355266440667508,,0,4096,0.030270167044363916
trec-covid,0,8,dibud,64,8192,6408,1408,5000,0,observation_limit,17,17,100,17,0.6697508615337175,0.7355266440667508,,0,,0.030270333983935416
trec-covid,0,8,dibud,64,10000,6408,1408,5000,0,observation_limit,17,17,100,17,0.6697508615337175,0.7355266440667508,,0,,0.03027054201811552
trec-covid,0,8,balanced,64,128,128,64,64,1,budget,2,2,2,2,0.23165732683700074,0.7355266440667508,,0,128,0.0454278748948127
trec-covid,0,8,balanced,64,256,256,128,128,1,budget,2,2,2,2,0.23165732683700074,0.7355266440667508,,0,256,0.04542837489861995
trec-covid,0,8,balanced,64,512,512,256,256,1,budget,6,6,6,6,0.46939493307846414,0.7355266440667508,,0,512,0.04542879096698016
trec-covid,0,8,balanced,64,1024,1024,512,512,1,budget,10,10,10,10,0.5594999254713815,0.7355266440667508,,0,1024,0.04542899993248284
trec-covid,0,8,balanced,64,2048,2048,1024,1024,1,budget,12,12,12,12,0.5978845636367643,0.7355266440667508,,0,2048,0.045429165940731764
trec-covid,0,8,balanced,64,4096,4096,2048,2048,1,budget,12,12,12,12,0.5978845636367643,0.7355266440667508,,0,4096,0.045429332996718585
trec-covid,0,8,balanced,64,8192,8192,4096,4096,1,budget,17,17,17,17,0.6697508615337175,0.7355266440667508,,0,8192,0.045429457910358906
trec-covid,0,8,balanced,64,10000,10000,5000,5000,1,budget,17,17,17,17,0.6697508615337175,0.7355266440667508,,0,10000,0.04542954091448337
trec-covid,0,34,dibud,1,128,128,64,64,1,budget,4,4,4,4,0.1420400396336573,0.23105141286771644,,0,128,1.6408902920084074
trec-covid,0,34,dibud,1,256,256,128,128,1,budget,5,5,5,5,0.1420400396336573,0.23105141286771644,,0,256,1.6408909589517862
trec-covid,0,34,dibud,1,512,512,256,256,1,budget,6,6,6,6,0.1420400396336573,0.23105141286771644,,0,512,1.6408912499900907
trec-covid,0,34,dibud,1,1024,1024,512,512,1,budget,7,7,7,7,0.16571337957260018,0.23105141286771644,,0,1024,1.6408913750201464
trec-covid,0,34,dibud,1,2048,2048,1024,1024,1,budget,7,7,7,7,0.16571337957260018,0.23105141286771644,,0,2048,1.6408914999337867
trec-covid,0,34,dibud,1,4096,4096,2872,1224,1,budget,10,10,10,10,0.23105141286771644,0.23105141286771644,,0,4096,1.6408916669897735
trec-covid,0,34,dibud,1,8192,8192,4096,4096,1,budget,13,13,13,13,0.23105141286771644,0.23105141286771644,,0,8192,1.640891749993898
trec-covid,0,34,dibud,1,10000,10000,5000,5000,1,budget,13,13,13,13,0.23105141286771644,0.23105141286771644,,0,10000,1.640891833929345
trec-covid,0,34,balanced,1,128,128,64,64,1,budget,4,4,4,4,0.1420400396336573,0.23105141286771644,,0,128,1.6369081670418382
trec-covid,0,34,balanced,1,256,256,128,128,1,budget,5,5,5,5,0.1420400396336573,0.23105141286771644,,0,256,1.636914417031221
trec-covid,0,34,balanced,1,512,512,256,256,1,budget,6,6,6,6,0.1420400396336573,0.23105141286771644,,0,512,1.636915541952476
trec-covid,0,34,balanced,1,1024,1024,512,512,1,budget,7,7,7,7,0.16571337957260018,0.23105141286771644,,0,1024,1.6369161669863388
trec-covid,0,34,balanced,1,2048,2048,1024,1024,1,budget,7,7,7,7,0.16571337957260018,0.23105141286771644,,0,2048,1.6369165419600904
trec-covid,0,34,balanced,1,4096,4096,2048,2048,1,budget,10,10,10,10,0.23105141286771644,0.23105141286771644,,0,4096,1.6369169589597732
trec-covid,0,34,balanced,1,8192,8192,4096,4096,1,budget,13,13,13,13,0.23105141286771644,0.23105141286771644,,0,8192,1.636917541967705
trec-covid,0,34,balanced,1,10000,10000,5000,5000,1,budget,13,13,13,13,0.23105141286771644,0.23105141286771644,,0,10000,1.636917999945581
trec-covid,0,34,dibud,64,128,128,64,64,1,budget,4,4,4,4,0.1420400396336573,0.23105141286771644,,0,128,0.042933791992254555
trec-covid,0,34,dibud,64,256,256,128,128,1,budget,5,5,5,5,0.1420400396336573,0.23105141286771644,,0,256,0.04293416696600616
trec-covid,0,34,dibud,64,512,512,256,256,1,budget,6,6,6,6,0.1420400396336573,0.23105141286771644,,0,512,0.042934375000186265
trec-covid,0,34,dibud,64,1024,1024,512,512,1,budget,7,7,7,7,0.16571337957260018,0.23105141286771644,,0,1024,0.042934541939757764
trec-covid,0,34,dibud,64,2048,2048,1024,1024,1,budget,7,7,7,7,0.16571337957260018,0.23105141286771644,,0,2048,0.042934666969813406
trec-covid,0,34,dibud,64,4096,4096,2816,1280,1,budget,10,10,10,10,0.23105141286771644,0.23105141286771644,,0,4096,0.04293479199986905
trec-covid,0,34,dibud,64,8192,8192,4096,4096,1,budget,13,13,13,13,0.23105141286771644,0.23105141286771644,,0,8192,0.04293487488757819
trec-covid,0,34,dibud,64,10000,10000,5000,5000,1,budget,13,13,13,13,0.23105141286771644,0.23105141286771644,,0,10000,0.04293499991763383
trec-covid,0,34,balanced,64,128,128,64,64,1,budget,4,4,4,4,0.1420400396336573,0.23105141286771644,,0,128,0.042146624997258186
trec-covid,0,34,balanced,64,256,256,128,128,1,budget,5,5,5,5,0.1420400396336573,0.23105141286771644,,0,256,0.04214687494095415
trec-covid,0,34,balanced,64,512,512,256,256,1,budget,6,6,6,6,0.1420400396336573,0.23105141286771644,,0,512,0.042147208005189896
trec-covid,0,34,balanced,64,1024,1024,512,512,1,budget,7,7,7,7,0.16571337957260018,0.23105141286771644,,0,1024,0.04214741603937
trec-covid,0,34,balanced,64,2048,2048,1024,1024,1,budget,7,7,7,7,0.16571337957260018,0.23105141286771644,,0,2048,0.04214754095301032
trec-covid,0,34,balanced,64,4096,4096,2048,2048,1,budget,10,10,10,10,0.23105141286771644,0.23105141286771644,,0,4096,0.04214766598306596
trec-covid,0,34,balanced,64,8192,8192,4096,4096,1,budget,13,13,13,13,0.23105141286771644,0.23105141286771644,,0,8192,0.04214775003492832
trec-covid,0,34,balanced,64,10000,10000,5000,5000,1,budget,13,13,13,13,0.23105141286771644,0.23105141286771644,,0,10000,0.04214787494856864
trec-covid-chrono-r1,1,7,dibud,1,128,128,59,69,1,budget,11,11,11,11,0.6011713236138373,0.8430480972338278,298,1,128,1.5857042910065502
trec-covid-chrono-r1,1,7,dibud,1,256,256,136,120,1,budget,19,19,19,19,0.810709806085508,0.8430480972338278,298,1,256,1.5857047500321642
trec-covid-chrono-r1,1,7,dibud,1,512,512,279,233,1,budget,30,30,30,20,0.8430480972338278,0.8430480972338278,298,1,298,1.5857052500359714
trec-covid-chrono-r1,1,7,dibud,1,1024,1024,586,438,1,budget,39,39,39,20,0.8430480972338278,0.8430480972338278,298,1,298,1.5857055000960827
trec-covid-chrono-r1,1,7,dibud,1,2048,2048,1279,769,1,budget,46,46,46,20,0.8430480972338278,0.8430480972338278,298,1,298,1.5857057080138475
trec-covid-chrono-r1,1,7,dibud,1,4096,4096,1999,2097,1,budget,62,62,62,20,0.8430480972338278,0.8430480972338278,298,1,298,1.5857058750698343
trec-covid-chrono-r1,1,7,dibud,1,8192,6335,3036,3299,1,cap100,100,100,100,20,0.8430480972338278,0.8430480972338278,298,1,298,1.5857060410780832
trec-covid-chrono-r1,1,7,dibud,1,10000,6335,3036,3299,1,cap100,100,100,100,20,0.8430480972338278,0.8430480972338278,298,1,298,1.5857062080176547
trec-covid-chrono-r1,1,7,balanced,1,128,128,64,64,1,budget,9,9,9,9,0.5615502565580217,0.8430480972338278,317,1,128,1.581886374973692
trec-covid-chrono-r1,1,7,balanced,1,256,256,128,128,1,budget,19,19,19,19,0.810709806085508,0.8430480972338278,317,1,256,1.5818867499474436
trec-covid-chrono-r1,1,7,balanced,1,512,512,256,256,1,budget,29,29,29,20,0.8430480972338278,0.8430480972338278,317,1,317,1.5818870830116794
trec-covid-chrono-r1,1,7,balanced,1,1024,1024,512,512,1,budget,37,37,37,20,0.8430480972338278,0.8430480972338278,317,1,317,1.5818872910458595
trec-covid-chrono-r1,1,7,balanced,1,2048,2048,1024,1024,1,budget,45,45,45,20,0.8430480972338278,0.8430480972338278,317,1,317,1.581887457985431
trec-covid-chrono-r1,1,7,balanced,1,4096,4096,2048,2048,1,budget,62,62,62,20,0.8430480972338278,0.8430480972338278,317,1,317,1.5818876250414178
trec-covid-chrono-r1,1,7,balanced,1,8192,6598,3299,3299,1,cap100,100,100,100,20,0.8430480972338278,0.8430480972338278,317,1,317,1.5818877910496667
trec-covid-chrono-r1,1,7,balanced,1,10000,6598,3299,3299,1,cap100,100,100,100,20,0.8430480972338278,0.8430480972338278,317,1,317,1.581887915963307
trec-covid-chrono-r1,1,7,dibud,64,128,128,64,64,1,budget,9,9,9,9,0.5615502565580217,0.8430480972338278,384,1,128,0.038292499957606196
trec-covid-chrono-r1,1,7,dibud,64,256,256,128,128,1,budget,19,19,19,19,0.810709806085508,0.8430480972338278,384,1,256,0.03829291695728898
trec-covid-chrono-r1,1,7,dibud,64,512,512,256,256,1,budget,29,29,29,20,0.8430480972338278,0.8430480972338278,384,1,384,0.038293333956971765
trec-covid-chrono-r1,1,7,dibud,64,1024,1024,576,448,1,budget,39,39,39,20,0.8430480972338278,0.8430480972338278,384,1,384,0.03829358401708305
trec-covid-chrono-r1,1,7,dibud,64,2048,2048,1280,768,1,budget,46,46,46,20,0.8430480972338278,0.8430480972338278,384,1,384,0.03829370893072337
trec-covid-chrono-r1,1,7,dibud,64,4096,4096,2048,2048,1,budget,62,62,62,20,0.8430480972338278,0.8430480972338278,384,1,384,0.03829383396077901
trec-covid-chrono-r1,1,7,dibud,64,8192,6400,3072,3328,1,cap100,100,100,100,20,0.8430480972338278,0.8430480972338278,384,1,384,0.03829395899083465
trec-covid-chrono-r1,1,7,dibud,64,10000,6400,3072,3328,1,cap100,100,100,100,20,0.8430480972338278,0.8430480972338278,384,1,384,0.03829412499908358
trec-covid-chrono-r1,1,7,balanced,64,128,128,64,64,1,budget,9,9,9,9,0.5615502565580217,0.8430480972338278,384,1,128,0.03973529196809977
trec-covid-chrono-r1,1,7,balanced,64,256,256,128,128,1,budget,19,19,19,19,0.810709806085508,0.8430480972338278,384,1,256,0.03973579197190702
trec-covid-chrono-r1,1,7,balanced,64,512,512,256,256,1,budget,29,29,29,20,0.8430480972338278,0.8430480972338278,384,1,384,0.039736334001645446
trec-covid-chrono-r1,1,7,balanced,64,1024,1024,512,512,1,budget,37,37,37,20,0.8430480972338278,0.8430480972338278,384,1,384,0.03973654191941023
trec-covid-chrono-r1,1,7,balanced,64,2048,2048,1024,1024,1,budget,45,45,45,20,0.8430480972338278,0.8430480972338278,384,1,384,0.03973679197952151
trec-covid-chrono-r1,1,7,balanced,64,4096,4096,2048,2048,1,budget,62,62,62,20,0.8430480972338278,0.8430480972338278,384,1,384,0.03973695891909301
trec-covid-chrono-r1,1,7,balanced,64,8192,6656,3328,3328,1,cap100,100,100,100,20,0.8430480972338278,0.8430480972338278,384,1,384,0.039737083949148655
trec-covid-chrono-r1,1,7,balanced,64,10000,6656,3328,3328,1,cap100,100,100,100,20,0.8430480972338278,0.8430480972338278,384,1,384,0.03973724995739758
trec-covid-chrono-r1,1,17,dibud,1,128,128,62,66,1,budget,8,8,8,8,0.4914437714690414,0.6818308508531553,476,1,128,1.0308022079989314
trec-covid-chrono-r1,1,17,dibud,1,256,256,123,133,1,budget,13,13,13,13,0.6148819304267776,0.6818308508531553,476,1,256,1.0308027080027387
trec-covid-chrono-r1,1,17,dibud,1,512,512,255,257,1,budget,22,22,22,20,0.6818308508531553,0.6818308508531553,476,1,476,1.030803208006546
trec-covid-chrono-r1,1,17,dibud,1,1024,1024,665,359,1,budget,23,23,23,20,0.6818308508531553,0.6818308508531553,476,1,476,1.0308033749461174
trec-covid-chrono-r1,1,17,dibud,1,2048,2048,1501,547,1,budget,24,24,24,20,0.6818308508531553,0.6818308508531553,476,1,476,1.0308035420021042
trec-covid-chrono-r1,1,17,dibud,1,4096,4096,3386,710,1,budget,25,25,25,20,0.6818308508531553,0.6818308508531553,476,1,476,1.030803749919869
trec-covid-chrono-r1,1,17,dibud,1,8192,5769,5000,769,0,observation_limit,26,26,100,20,0.6818308508531553,0.6818308508531553,476,1,476,1.0308039169758558
trec-covid-chrono-r1,1,17,dibud,1,10000,5769,5000,769,0,observation_limit,26,26,100,20,0.6818308508531553,0.6818308508531553,476,1,476,1.0308040420059115
trec-covid-chrono-r1,1,17,balanced,1,128,128,64,64,1,budget,8,8,8,8,0.4914437714690414,0.6818308508531553,500,1,128,2.062913792091422
trec-covid-chrono-r1,1,17,balanced,1,256,256,128,128,1,budget,12,12,12,12,0.6148819304267776,0.6818308508531553,500,1,256,2.062914292095229
trec-covid-chrono-r1,1,17,balanced,1,512,512,256,256,1,budget,21,21,21,20,0.6818308508531553,0.6818308508531553,500,1,500,2.0629147920990363
trec-covid-chrono-r1,1,17,balanced,1,1024,1024,512,512,1,budget,23,23,23,20,0.6818308508531553,0.6818308508531553,500,1,500,2.0629150420427322
trec-covid-chrono-r1,1,17,balanced,1,2048,2048,1024,1024,1,budget,24,24,24,20,0.6818308508531553,0.6818308508531553,500,1,500,2.0629152921028435
trec-covid-chrono-r1,1,17,balanced,1,4096,4096,2048,2048,1,budget,25,25,25,20,0.6818308508531553,0.6818308508531553,500,1,500,2.0629155420465395
trec-covid-chrono-r1,1,17,balanced,1,8192,8192,4096,4096,1,budget,25,25,25,20,0.6818308508531553,0.6818308508531553,500,1,500,2.062915667076595
trec-covid-chrono-r1,1,17,balanced,1,10000,10000,5000,5000,1,budget,26,26,26,20,0.6818308508531553,0.6818308508531553,500,1,500,2.062915833084844
trec-covid-chrono-r1,1,17,dibud,64,128,128,64,64,1,budget,8,8,8,8,0.4914437714690414,0.6818308508531553,512,1,128,0.028141458984464407
trec-covid-chrono-r1,1,17,dibud,64,256,256,128,128,1,budget,12,12,12,12,0.6148819304267776,0.6818308508531553,512,1,256,0.02814212499652058
trec-covid-chrono-r1,1,17,dibud,64,512,512,256,256,1,budget,21,21,21,20,0.6818308508531553,0.6818308508531553,512,1,512,0.028142499970272183
trec-covid-chrono-r1,1,17,dibud,64,1024,1024,640,384,1,budget,23,23,23,20,0.6818308508531553,0.6818308508531553,512,1,512,0.028142709052190185
trec-covid-chrono-r1,1,17,dibud,64,2048,2048,1472,576,1,budget,24,24,24,20,0.6818308508531553,0.6818308508531553,512,1,512,0.028142874944023788
trec-covid-chrono-r1,1,17,dibud,64,4096,4096,3328,768,1,budget,25,25,25,20,0.6818308508531553,0.6818308508531553,512,1,512,0.02814304200001061
trec-covid-chrono-r1,1,17,dibud,64,8192,5832,5000,832,0,observation_limit,26,26,100,20,0.6818308508531553,0.6818308508531553,512,1,512,0.028143167030066252
trec-covid-chrono-r1,1,17,dibud,64,10000,5832,5000,832,0,observation_limit,26,26,100,20,0.6818308508531553,0.6818308508531553,512,1,512,0.02814333396963775
trec-covid-chrono-r1,1,17,balanced,64,128,128,64,64,1,budget,8,8,8,8,0.4914437714690414,0.6818308508531553,512,1,128,0.04972333298064768
trec-covid-chrono-r1,1,17,balanced,64,256,256,128,128,1,budget,12,12,12,12,0.6148819304267776,0.6818308508531553,512,1,256,0.04972370807081461
trec-covid-chrono-r1,1,17,balanced,64,512,512,256,256,1,budget,21,21,21,20,0.6818308508531553,0.6818308508531553,512,1,512,0.04972429107874632
trec-covid-chrono-r1,1,17,balanced,64,1024,1024,512,512,1,budget,23,23,23,20,0.6818308508531553,0.6818308508531553,512,1,512,0.04972458304837346
trec-covid-chrono-r1,1,17,balanced,64,2048,2048,1024,1024,1,budget,24,24,24,20,0.6818308508531553,0.6818308508531553,512,1,512,0.04972483299206942
trec-covid-chrono-r1,1,17,balanced,64,4096,4096,2048,2048,1,budget,25,25,25,20,0.6818308508531553,0.6818308508531553,512,1,512,0.049724958022125065
trec-covid-chrono-r1,1,17,balanced,64,8192,8192,4096,4096,1,budget,25,25,25,20,0.6818308508531553,0.6818308508531553,512,1,512,0.04972512507811189
trec-covid-chrono-r1,1,17,balanced,64,10000,10000,5000,5000,1,budget,26,26,26,20,0.6818308508531553,0.6818308508531553,512,1,512,0.04972529108636081
trec-covid-chrono-r2,2,15,dibud,1,128,128,62,66,1,budget,1,1,1,1,0.0,0.24182483218153225,,0,128,1.016202082973905
trec-covid-chrono-r2,2,15,dibud,1,256,256,128,128,1,budget,1,1,1,1,0.0,0.24182483218153225,,0,256,1.0162025419995189
trec-covid-chrono-r2,2,15,dibud,1,512,512,256,256,1,budget,2,2,2,2,0.08961728720334346,0.24182483218153225,,0,512,1.0162029169732705
trec-covid-chrono-r2,2,15,dibud,1,1024,1024,512,512,1,budget,2,2,2,2,0.08961728720334346,0.24182483218153225,,0,1024,1.0162030829815194
trec-covid-chrono-r2,2,15,dibud,1,2048,2048,937,1111,1,budget,3,3,3,3,0.08961728720334346,0.24182483218153225,,0,2048,1.0162032078951597
trec-covid-chrono-r2,2,15,dibud,1,4096,4096,1500,2596,1,budget,4,4,4,4,0.12020394489235939,0.24182483218153225,,0,4096,1.016203291947022
trec-covid-chrono-r2,2,15,dibud,1,8192,7105,2105,5000,0,observation_limit,5,5,100,5,0.12020394489235939,0.24182483218153225,,0,,1.016203457955271
trec-covid-chrono-r2,2,15,dibud,1,10000,7105,2105,5000,0,observation_limit,5,5,100,5,0.12020394489235939,0.24182483218153225,,0,,1.0162036248948425
trec-covid-chrono-r2,2,15,balanced,1,128,128,64,64,1,budget,1,1,1,1,0.0,0.24182483218153225,,0,128,1.570629584020935
trec-covid-chrono-r2,2,15,balanced,1,256,256,128,128,1,budget,1,1,1,1,0.0,0.24182483218153225,,0,256,1.5706301250029355
trec-covid-chrono-r2,2,15,balanced,1,512,512,256,256,1,budget,2,2,2,2,0.08961728720334346,0.24182483218153225,,0,512,1.570630417088978
trec-covid-chrono-r2,2,15,balanced,1,1024,1024,512,512,1,budget,2,2,2,2,0.08961728720334346,0.24182483218153225,,0,1024,1.570630667032674
trec-covid-chrono-r2,2,15,balanced,1,2048,2048,1024,1024,1,budget,3,3,3,3,0.08961728720334346,0.24182483218153225,,0,2048,1.570630875066854
trec-covid-chrono-r2,2,15,balanced,1,4096,4096,2048,2048,1,budget,4,4,4,4,0.12020394489235939,0.24182483218153225,,0,4096,1.5706310420064256
trec-covid-chrono-r2,2,15,balanced,1,8192,8192,4096,4096,1,budget,4,4,4,4,0.12020394489235939,0.24182483218153225,,0,8192,1.5706311670364812
trec-covid-chrono-r2,2,15,balanced,1,10000,10000,5000,5000,1,budget,5,5,5,5,0.12020394489235939,0.24182483218153225,,0,10000,1.5706312500406057
trec-covid-chrono-r2,2,15,dibud,64,128,128,64,64,1,budget,1,1,1,1,0.0,0.24182483218153225,,0,128,0.029371042037382722
trec-covid-chrono-r2,2,15,dibud,64,256,256,128,128,1,budget,1,1,1,1,0.0,0.24182483218153225,,0,256,0.02937150001525879
trec-covid-chrono-r2,2,15,dibud,64,512,512,256,256,1,budget,2,2,2,2,0.08961728720334346,0.24182483218153225,,0,512,0.02937174995895475
trec-covid-chrono-r2,2,15,dibud,64,1024,1024,512,512,1,budget,2,2,2,2,0.08961728720334346,0.24182483218153225,,0,1024,0.029371874989010394
trec-covid-chrono-r2,2,15,dibud,64,2048,2048,960,1088,1,budget,3,3,3,3,0.08961728720334346,0.24182483218153225,,0,2048,0.029372000019066036
trec-covid-chrono-r2,2,15,dibud,64,4096,4096,1536,2560,1,budget,4,4,4,4,0.12020394489235939,0.24182483218153225,,0,4096,0.029372125049121678
trec-covid-chrono-r2,2,15,dibud,64,8192,7112,2112,5000,0,observation_limit,5,5,100,5,0.12020394489235939,0.24182483218153225,,0,,0.029372291988693178
trec-covid-chrono-r2,2,15,dibud,64,10000,7112,2112,5000,0,observation_limit,5,5,100,5,0.12020394489235939,0.24182483218153225,,0,,0.02937241701874882
trec-covid-chrono-r2,2,15,balanced,64,128,128,64,64,1,budget,1,1,1,1,0.0,0.24182483218153225,,0,128,0.04136045905761421
trec-covid-chrono-r2,2,15,balanced,64,256,256,128,128,1,budget,1,1,1,1,0.0,0.24182483218153225,,0,256,0.041360917035490274
trec-covid-chrono-r2,2,15,balanced,64,512,512,256,256,1,budget,2,2,2,2,0.08961728720334346,0.24182483218153225,,0,512,0.04136112506967038
trec-covid-chrono-r2,2,15,balanced,64,1024,1024,512,512,1,budget,2,2,2,2,0.08961728720334346,0.24182483218153225,,0,1024,0.04136125009972602
trec-covid-chrono-r2,2,15,balanced,64,2048,2048,1024,1024,1,budget,3,3,3,3,0.08961728720334346,0.24182483218153225,,0,2048,0.04136137501336634
trec-covid-chrono-r2,2,15,balanced,64,4096,4096,2048,2048,1,budget,4,4,4,4,0.12020394489235939,0.24182483218153225,,0,4096,0.0413614590652287
trec-covid-chrono-r2,2,15,balanced,64,8192,8192,4096,4096,1,budget,4,4,4,4,0.12020394489235939,0.24182483218153225,,0,8192,0.041361625073477626
trec-covid-chrono-r2,2,15,balanced,64,10000,10000,5000,5000,1,budget,5,5,5,5,0.12020394489235939,0.24182483218153225,,0,10000,0.04136175010353327
trec-covid-chrono-r2,2,3,dibud,1,128,128,62,66,1,budget,4,4,4,4,0.24364671713950184,0.6564600001590987,1594,1,128,1.2402729159221053
trec-covid-chrono-r2,2,3,dibud,1,256,256,128,128,1,budget,9,9,9,9,0.4566303301447009,0.6564600001590987,1594,1,256,1.2402734159259126
trec-covid-chrono-r2,2,3,dibud,1,512,512,288,224,1,budget,12,12,12,12,0.516780786893961,0.6564600001590987,1594,1,512,1.2402738749515265
trec-covid-chrono-r2,2,3,dibud,1,1024,1024,694,330,1,budget,17,17,17,17,0.623572108892582,0.6564600001590987,1594,1,1024,1.2402741248952225
trec-covid-chrono-r2,2,3,dibud,1,2048,2048,1569,479,1,budget,20,20,20,20,0.6564600001590987,0.6564600001590987,1594,1,1594,1.240274415933527
trec-covid-chrono-r2,2,3,dibud,1,4096,4096,2920,1176,1,budget,29,29,29,20,0.6564600001590987,0.6564600001590987,1594,1,1594,1.2402745829895139
trec-covid-chrono-r2,2,3,dibud,1,8192,6431,5000,1431,0,observation_limit,29,29,100,20,0.6564600001590987,0.6564600001590987,1594,1,1594,1.2402747079031542
trec-covid-chrono-r2,2,3,dibud,1,10000,6431,5000,1431,0,observation_limit,29,29,100,20,0.6564600001590987,0.6564600001590987,1594,1,1594,1.2402748329332098
trec-covid-chrono-r2,2,3,balanced,1,128,128,64,64,1,budget,4,4,4,4,0.24364671713950184,0.6564600001590987,2333,1,128,2.0913012919481844
trec-covid-chrono-r2,2,3,balanced,1,256,256,128,128,1,budget,9,9,9,9,0.4566303301447009,0.6564600001590987,2333,1,256,2.0913017499260604
trec-covid-chrono-r2,2,3,balanced,1,512,512,256,256,1,budget,12,12,12,12,0.516780786893961,0.6564600001590987,2333,1,512,2.0913022079039365
trec-covid-chrono-r2,2,3,balanced,1,1024,1024,512,512,1,budget,13,13,13,13,0.5354341620771834,0.6564600001590987,2333,1,1024,2.0913023749599233
trec-covid-chrono-r2,2,3,balanced,1,2048,2048,1024,1024,1,budget,19,19,19,19,0.6402908545849387,0.6564600001590987,2333,1,2048,2.091302499989979
trec-covid-chrono-r2,2,3,balanced,1,4096,4096,2048,2048,1,budget,24,24,24,20,0.6564600001590987,0.6564600001590987,2333,1,2333,2.091302791959606
trec-covid-chrono-r2,2,3,balanced,1,8192,8192,4096,4096,1,budget,29,29,29,20,0.6564600001590987,0.6564600001590987,2333,1,2333,2.091303041903302
trec-covid-chrono-r2,2,3,balanced,1,10000,10000,5000,5000,1,budget,29,29,29,20,0.6564600001590987,0.6564600001590987,2333,1,2333,2.0913031669333577
trec-covid-chrono-r2,2,3,dibud,64,128,128,64,64,1,budget,4,4,4,4,0.24364671713950184,0.6564600001590987,1664,1,128,0.0326870420249179
trec-covid-chrono-r2,2,3,dibud,64,256,256,128,128,1,budget,9,9,9,9,0.4566303301447009,0.6564600001590987,1664,1,256,0.03268750000279397
trec-covid-chrono-r2,2,3,dibud,64,512,512,256,256,1,budget,12,12,12,12,0.516780786893961,0.6564600001590987,1664,1,512,0.03268791700247675
trec-covid-chrono-r2,2,3,dibud,64,1024,1024,704,320,1,budget,17,17,17,17,0.623572108892582,0.6564600001590987,1664,1,1024,0.03268812503665686
trec-covid-chrono-r2,2,3,dibud,64,2048,2048,1536,512,1,budget,20,20,20,20,0.6564600001590987,0.6564600001590987,1664,1,1664,0.032688291976228356
trec-covid-chrono-r2,2,3,dibud,64,4096,4096,2880,1216,1,budget,29,29,29,20,0.6564600001590987,0.6564600001590987,1664,1,1664,0.03268845903221518
trec-covid-chrono-r2,2,3,dibud,64,8192,6472,5000,1472,0,observation_limit,29,29,100,20,0.6564600001590987,0.6564600001590987,1664,1,1664,0.03268866694997996
trec-covid-chrono-r2,2,3,dibud,64,10000,6472,5000,1472,0,observation_limit,29,29,100,20,0.6564600001590987,0.6564600001590987,1664,1,1664,0.0326887919800356
trec-covid-chrono-r2,2,3,balanced,64,128,128,64,64,1,budget,4,4,4,4,0.24364671713950184,0.6564600001590987,2368,1,128,0.051549999974668026
trec-covid-chrono-r2,2,3,balanced,64,256,256,128,128,1,budget,9,9,9,9,0.4566303301447009,0.6564600001590987,2368,1,256,0.05155049997847527
trec-covid-chrono-r2,2,3,balanced,64,512,512,256,256,1,budget,12,12,12,12,0.516780786893961,0.6564600001590987,2368,1,512,0.0515508329262957
trec-covid-chrono-r2,2,3,balanced,64,1024,1024,512,512,1,budget,13,13,13,13,0.5354341620771834,0.6564600001590987,2368,1,1024,0.05155099998228252
trec-covid-chrono-r2,2,3,balanced,64,2048,2048,1024,1024,1,budget,19,19,19,19,0.6402908545849387,0.6564600001590987,2368,1,2048,0.05155112489592284
trec-covid-chrono-r2,2,3,balanced,64,4096,4096,2048,2048,1,budget,24,24,24,20,0.6564600001590987,0.6564600001590987,2368,1,2368,0.05155129195190966
trec-covid-chrono-r2,2,3,balanced,64,8192,8192,4096,4096,1,budget,29,29,29,20,0.6564600001590987,0.6564600001590987,2368,1,2368,0.051551499986089766
trec-covid-chrono-r2,2,3,balanced,64,10000,10000,5000,5000,1,budget,29,29,29,20,0.6564600001590987,0.6564600001590987,2368,1,2368,0.051551666925661266
trec-covid-chrono-r3,3,2,dibud,1,128,128,60,68,1,budget,4,4,4,4,0.31904201843018953,0.6921570916785481,5987,1,128,1.6038876249222085
trec-covid-chrono-r3,3,2,dibud,1,256,256,119,137,1,budget,6,6,6,6,0.42458628947679244,0.6921570916785481,5987,1,256,1.6038880419218913
trec-covid-chrono-r3,3,2,dibud,1,512,512,229,283,1,budget,6,6,6,6,0.42458628947679244,0.6921570916785481,5987,1,512,1.6038885419256985
trec-covid-chrono-r3,3,2,dibud,1,1024,1024,426,598,1,budget,7,7,7,7,0.42458628947679244,0.6921570916785481,5987,1,1024,1.6038887919858098
trec-covid-chrono-r3,3,2,dibud,1,2048,2048,731,1317,1,budget,11,11,11,11,0.5500747795211689,0.6921570916785481,5987,1,2048,1.6038890419295058
trec-covid-chrono-r3,3,2,dibud,1,4096,4096,1097,2999,1,budget,15,15,15,15,0.6239694275949661,0.6921570916785481,5987,1,4096,1.603889291989617
trec-covid-chrono-r3,3,2,dibud,1,8192,8192,4253,3939,1,budget,22,22,22,20,0.6921570916785481,0.6921570916785481,5987,1,5987,1.603889457997866
trec-covid-chrono-r3,3,2,dibud,1,10000,8939,5000,3939,0,observation_limit,22,22,100,20,0.6921570916785481,0.6921570916785481,5987,1,5987,1.6038896249374375
trec-covid-chrono-r3,3,2,balanced,1,128,128,64,64,1,budget,4,4,4,4,0.31904201843018953,0.6921570916785481,7878,1,128,1.774401000002399
trec-covid-chrono-r3,3,2,balanced,1,256,256,128,128,1,budget,6,6,6,6,0.42458628947679244,0.6921570916785481,7878,1,256,1.7744015830103308
trec-covid-chrono-r3,3,2,balanced,1,512,512,256,256,1,budget,6,6,6,6,0.42458628947679244,0.6921570916785481,7878,1,512,1.7744019581004977
trec-covid-chrono-r3,3,2,balanced,1,1024,1024,512,512,1,budget,6,6,6,6,0.42458628947679244,0.6921570916785481,7878,1,1024,1.7744021670660004
trec-covid-chrono-r3,3,2,balanced,1,2048,2048,1024,1024,1,budget,11,11,11,11,0.5500747795211689,0.6921570916785481,7878,1,2048,1.7744023330742493
trec-covid-chrono-r3,3,2,balanced,1,4096,4096,2048,2048,1,budget,14,14,14,14,0.5884594176865517,0.6921570916785481,7878,1,4096,1.7744025000138208
trec-covid-chrono-r3,3,2,balanced,1,8192,8192,4096,4096,1,budget,22,22,22,20,0.6921570916785481,0.6921570916785481,7878,1,7878,1.7744026670698076
trec-covid-chrono-r3,3,2,balanced,1,10000,10000,5000,5000,1,budget,22,22,22,20,0.6921570916785481,0.6921570916785481,7878,1,7878,1.7744028330780566
trec-covid-chrono-r3,3,2,dibud,64,128,128,64,64,1,budget,4,4,4,4,0.31904201843018953,0.6921570916785481,6016,1,128,0.040697709075175226
trec-covid-chrono-r3,3,2,dibud,64,256,256,128,128,1,budget,6,6,6,6,0.42458628947679244,0.6921570916785481,6016,1,256,0.04069820907898247
trec-covid-chrono-r3,3,2,dibud,64,512,512,256,256,1,budget,6,6,6,6,0.42458628947679244,0.6921570916785481,6016,1,512,0.0406985420268029
trec-covid-chrono-r3,3,2,dibud,64,1024,1024,448,576,1,budget,7,7,7,7,0.42458628947679244,0.6921570916785481,6016,1,1024,0.040698750060983
trec-covid-chrono-r3,3,2,dibud,64,2048,2048,768,1280,1,budget,11,11,11,11,0.5500747795211689,0.6921570916785481,6016,1,2048,0.040698875091038644
trec-covid-chrono-r3,3,2,dibud,64,4096,4096,1152,2944,1,budget,15,15,15,15,0.6239694275949661,0.6921570916785481,6016,1,4096,0.040699042030610144
trec-covid-chrono-r3,3,2,dibud,64,8192,8192,4224,3968,1,budget,22,22,22,20,0.6921570916785481,0.6921570916785481,6016,1,6016,0.040699167060665786
trec-covid-chrono-r3,3,2,dibud,64,10000,8968,5000,3968,0,observation_limit,22,22,100,20,0.6921570916785481,0.6921570916785481,6016,1,6016,0.04069937509484589
trec-covid-chrono-r3,3,2,balanced,64,128,128,64,64,1,budget,4,4,4,4,0.31904201843018953,0.6921570916785481,7936,1,128,0.04463687492534518
trec-covid-chrono-r3,3,2,balanced,64,256,256,128,128,1,budget,6,6,6,6,0.42458628947679244,0.6921570916785481,7936,1,256,0.044637540937401354
trec-covid-chrono-r3,3,2,balanced,64,512,512,256,256,1,budget,6,6,6,6,0.42458628947679244,0.6921570916785481,7936,1,512,0.04463791591115296
trec-covid-chrono-r3,3,2,balanced,64,1024,1024,512,512,1,budget,6,6,6,6,0.42458628947679244,0.6921570916785481,7936,1,1024,0.04463816597126424
trec-covid-chrono-r3,3,2,balanced,64,2048,2048,1024,1024,1,budget,11,11,11,11,0.5500747795211689,0.6921570916785481,7936,1,2048,0.044638291001319885
trec-covid-chrono-r3,3,2,balanced,64,4096,4096,2048,2048,1,budget,14,14,14,14,0.5884594176865517,0.6921570916785481,7936,1,4096,0.044638457940891385
trec-covid-chrono-r3,3,2,balanced,64,8192,8192,4096,4096,1,budget,22,22,22,20,0.6921570916785481,0.6921570916785481,7936,1,7936,0.04463862499687821
trec-covid-chrono-r3,3,2,balanced,64,10000,10000,5000,5000,1,budget,22,22,22,20,0.6921570916785481,0.6921570916785481,7936,1,7936,0.04463879100512713
trec-covid-chrono-r3,3,15,dibud,1,128,128,64,64,1,budget,1,1,1,1,0.0,0.2949889126752404,,0,128,1.2075598340015858
trec-covid-chrono-r3,3,15,dibud,1,256,256,128,128,1,budget,1,1,1,1,0.0,0.2949889126752404,,0,256,1.2075602499535307
trec-covid-chrono-r3,3,15,dibud,1,512,512,256,256,1,budget,1,1,1,1,0.0,0.2949889126752404,,0,512,1.2075604590354487
trec-covid-chrono-r3,3,15,dibud,1,1024,1024,512,512,1,budget,1,1,1,1,0.0,0.2949889126752404,,0,1024,1.2075607089791447
trec-covid-chrono-r3,3,15,dibud,1,2048,2048,1024,1024,1,budget,1,1,1,1,0.0,0.2949889126752404,,0,2048,1.2075609170133248
trec-covid-chrono-r3,3,15,dibud,1,4096,4096,2596,1500,1,budget,2,2,2,2,0.08961728720334346,0.2949889126752404,,0,4096,1.2075610420433804
trec-covid-chrono-r3,3,15,dibud,1,8192,8192,3600,4592,1,budget,5,5,5,5,0.1170915812393364,0.2949889126752404,,0,8192,1.2075611669570208
trec-covid-chrono-r3,3,15,dibud,1,10000,8600,3600,5000,0,observation_limit,5,5,100,5,0.1170915812393364,0.2949889126752404,,0,,1.2075612919870764
trec-covid-chrono-r3,3,15,balanced,1,128,128,64,64,1,budget,1,1,1,1,0.0,0.2949889126752404,,0,128,1.459142291918397
trec-covid-chrono-r3,3,15,balanced,1,256,256,128,128,1,budget,1,1,1,1,0.0,0.2949889126752404,,0,256,1.4591427919222042
trec-covid-chrono-r3,3,15,balanced,1,512,512,256,256,1,budget,1,1,1,1,0.0,0.2949889126752404,,0,512,1.4591430829605088
trec-covid-chrono-r3,3,15,balanced,1,1024,1024,512,512,1,budget,1,1,1,1,0.0,0.2949889126752404,,0,1024,1.459143374930136
trec-covid-chrono-r3,3,15,balanced,1,2048,2048,1024,1024,1,budget,1,1,1,1,0.0,0.2949889126752404,,0,2048,1.459143666899763
trec-covid-chrono-r3,3,15,balanced,1,4096,4096,2048,2048,1,budget,2,2,2,2,0.08961728720334346,0.2949889126752404,,0,4096,1.4591437919298187
trec-covid-chrono-r3,3,15,balanced,1,8192,8192,4096,4096,1,budget,5,5,5,5,0.1170915812393364,0.2949889126752404,,0,8192,1.4591439579380676
trec-covid-chrono-r3,3,15,balanced,1,10000,10000,5000,5000,1,budget,5,5,5,5,0.1170915812393364,0.2949889126752404,,0,10000,1.4591440829681233
trec-covid-chrono-r3,3,15,dibud,64,128,128,64,64,1,budget,1,1,1,1,0.0,0.2949889126752404,,0,128,0.0337782499846071
trec-covid-chrono-r3,3,15,dibud,64,256,256,128,128,1,budget,1,1,1,1,0.0,0.2949889126752404,,0,256,0.03377870889380574
trec-covid-chrono-r3,3,15,dibud,64,512,512,256,256,1,budget,1,1,1,1,0.0,0.2949889126752404,,0,512,0.03377899993211031
trec-covid-chrono-r3,3,15,dibud,64,1024,1024,512,512,1,budget,1,1,1,1,0.0,0.2949889126752404,,0,1024,0.03377912496216595
trec-covid-chrono-r3,3,15,dibud,64,2048,2048,1024,1024,1,budget,1,1,1,1,0.0,0.2949889126752404,,0,2048,0.033779249992221594
trec-covid-chrono-r3,3,15,dibud,64,4096,4096,2560,1536,1,budget,2,2,2,2,0.08961728720334346,0.2949889126752404,,0,4096,0.033779374905861914
trec-covid-chrono-r3,3,15,dibud,64,8192,8192,3648,4544,1,budget,5,5,5,5,0.1170915812393364,0.2949889126752404,,0,8192,0.03377945895772427
trec-covid-chrono-r3,3,15,dibud,64,10000,8648,3648,5000,0,observation_limit,5,5,100,5,0.1170915812393364,0.2949889126752404,,0,,0.0337796249659732
trec-covid-chrono-r3,3,15,balanced,64,128,128,64,64,1,budget,1,1,1,1,0.0,0.2949889126752404,,0,128,0.04103758302517235
trec-covid-chrono-r3,3,15,balanced,64,256,256,128,128,1,budget,1,1,1,1,0.0,0.2949889126752404,,0,256,0.041038041934370995
trec-covid-chrono-r3,3,15,balanced,64,512,512,256,256,1,budget,1,1,1,1,0.0,0.2949889126752404,,0,512,0.04103833297267556
trec-covid-chrono-r3,3,15,balanced,64,1024,1024,512,512,1,budget,1,1,1,1,0.0,0.2949889126752404,,0,1024,0.04103854193817824
trec-covid-chrono-r3,3,15,balanced,64,2048,2048,1024,1024,1,budget,1,1,1,1,0.0,0.2949889126752404,,0,2048,0.04103866696823388
trec-covid-chrono-r3,3,15,balanced,64,4096,4096,2048,2048,1,budget,2,2,2,2,0.08961728720334346,0.2949889126752404,,0,4096,0.04103887500241399
trec-covid-chrono-r3,3,15,balanced,64,8192,8192,4096,4096,1,budget,5,5,5,5,0.1170915812393364,0.2949889126752404,,0,8192,0.04103899991605431
trec-covid-chrono-r3,3,15,balanced,64,10000,10000,5000,5000,1,budget,5,5,5,5,0.1170915812393364,0.2949889126752404,,0,10000,0.04103908292017877
trec-covid-chrono-r4,4,5,dibud,1,128,128,64,64,1,budget,7,7,7,7,0.4135104339021397,0.6320691266097876,1067,1,128,1.3930051670176908
trec-covid-chrono-r4,4,5,dibud,1,256,256,146,110,1,budget,12,12,12,12,0.49442183246369925,0.6320691266097876,1067,1,256,1.393005667021498
trec-covid-chrono-r4,4,5,dibud,1,512,512,281,231,1,budget,18,18,18,18,0.5830350104680507,0.6320691266097876,1067,1,512,1.3930060840211809
trec-covid-chrono-r4,4,5,dibud,1,1024,1024,593,431,1,budget,19,19,19,19,0.6158999810356278,0.6320691266097876,1067,1,1024,1.3930064589949325
trec-covid-chrono-r4,4,5,dibud,1,2048,2048,1453,595,1,budget,27,27,27,20,0.6320691266097876,0.6320691266097876,1067,1,1067,1.393006750033237
trec-covid-chrono-r4,4,5,dibud,1,4096,4096,1509,2587,1,budget,41,41,41,20,0.6320691266097876,0.6320691266097876,1067,1,1067,1.3930069170892239
trec-covid-chrono-r4,4,5,dibud,1,8192,6509,1509,5000,0,observation_limit,42,42,100,20,0.6320691266097876,0.6320691266097876,1067,1,1067,1.3930070420028642
trec-covid-chrono-r4,4,5,dibud,1,10000,6509,1509,5000,0,observation_limit,42,42,100,20,0.6320691266097876,0.6320691266097876,1067,1,1067,1.393007209058851
trec-covid-chrono-r4,4,5,balanced,1,128,128,64,64,1,budget,7,7,7,7,0.4135104339021397,0.6320691266097876,1239,1,128,2.2959026669850573
trec-covid-chrono-r4,4,5,balanced,1,256,256,128,128,1,budget,11,11,11,11,0.47522951338100783,0.6320691266097876,1239,1,256,2.29590308398474
trec-covid-chrono-r4,4,5,balanced,1,512,512,256,256,1,budget,18,18,18,18,0.5830350104680507,0.6320691266097876,1239,1,512,2.2959035420790315
trec-covid-chrono-r4,4,5,balanced,1,1024,1024,512,512,1,budget,18,18,18,18,0.5830350104680507,0.6320691266097876,1239,1,1024,2.2959038340486586
trec-covid-chrono-r4,4,5,balanced,1,2048,2048,1024,1024,1,budget,25,25,25,20,0.6320691266097876,0.6320691266097876,1239,1,1239,2.295904124970548
trec-covid-chrono-r4,4,5,balanced,1,4096,4096,2048,2048,1,budget,41,41,41,20,0.6320691266097876,0.6320691266097876,1239,1,1239,2.295904375030659
trec-covid-chrono-r4,4,5,balanced,1,8192,8192,4096,4096,1,budget,42,42,42,20,0.6320691266097876,0.6320691266097876,1239,1,1239,2.295904500060715
trec-covid-chrono-r4,4,5,balanced,1,10000,10000,5000,5000,1,budget,42,42,42,20,0.6320691266097876,0.6320691266097876,1239,1,1239,2.295904624974355
trec-covid-chrono-r4,4,5,dibud,64,128,128,64,64,1,budget,7,7,7,7,0.4135104339021397,0.6320691266097876,1088,1,128,0.03555016603786498
trec-covid-chrono-r4,4,5,dibud,64,256,256,128,128,1,budget,11,11,11,11,0.47522951338100783,0.6320691266097876,1088,1,256,0.03555054101161659
trec-covid-chrono-r4,4,5,dibud,64,512,512,256,256,1,budget,18,18,18,18,0.5830350104680507,0.6320691266097876,1088,1,512,0.03555091598536819
trec-covid-chrono-r4,4,5,dibud,64,1024,1024,576,448,1,budget,18,18,18,18,0.5830350104680507,0.6320691266097876,1088,1,1024,0.03555112495087087
trec-covid-chrono-r4,4,5,dibud,64,2048,2048,1408,640,1,budget,27,27,27,20,0.6320691266097876,0.6320691266097876,1088,1,1088,0.035551332985050976
trec-covid-chrono-r4,4,5,dibud,64,4096,4096,1536,2560,1,budget,41,41,41,20,0.6320691266097876,0.6320691266097876,1088,1,1088,0.03555145801510662
trec-covid-chrono-r4,4,5,dibud,64,8192,6536,1536,5000,0,observation_limit,42,42,100,20,0.6320691266097876,0.6320691266097876,1088,1,1088,0.03555162495467812
trec-covid-chrono-r4,4,5,dibud,64,10000,6536,1536,5000,0,observation_limit,42,42,100,20,0.6320691266097876,0.6320691266097876,1088,1,1088,0.03555179096292704
trec-covid-chrono-r4,4,5,balanced,64,128,128,64,64,1,budget,7,7,7,7,0.4135104339021397,0.6320691266097876,1216,1,128,0.05495374999009073
trec-covid-chrono-r4,4,5,balanced,64,256,256,128,128,1,budget,11,11,11,11,0.47522951338100783,0.6320691266097876,1216,1,256,0.05495437502395362
trec-covid-chrono-r4,4,5,balanced,64,512,512,256,256,1,budget,18,18,18,18,0.5830350104680507,0.6320691266097876,1216,1,512,0.05495474999770522
trec-covid-chrono-r4,4,5,balanced,64,1024,1024,512,512,1,budget,18,18,18,18,0.5830350104680507,0.6320691266097876,1216,1,1024,0.054955000057816505
trec-covid-chrono-r4,4,5,balanced,64,2048,2048,1024,1024,1,budget,25,25,25,20,0.6320691266097876,0.6320691266097876,1216,1,1216,0.05495529097970575
trec-covid-chrono-r4,4,5,balanced,64,4096,4096,2048,2048,1,budget,41,41,41,20,0.6320691266097876,0.6320691266097876,1216,1,1216,0.054955541039817035
trec-covid-chrono-r4,4,5,balanced,64,8192,8192,4096,4096,1,budget,42,42,42,20,0.6320691266097876,0.6320691266097876,1216,1,1216,0.054955707979388535
trec-covid-chrono-r4,4,5,balanced,64,10000,10000,5000,5000,1,budget,42,42,42,20,0.6320691266097876,0.6320691266097876,1216,1,1216,0.05495583300944418
trec-covid-chrono-r4,4,4,dibud,1,128,128,64,64,1,budget,0,0,0,0,0.0,0.45153063287836415,,0,128,1.1776291250716895
trec-covid-chrono-r4,4,4,dibud,1,256,256,128,128,1,budget,2,2,2,2,0.23165732683700074,0.45153063287836415,,0,256,1.1776295830495656
trec-covid-chrono-r4,4,4,dibud,1,512,512,256,256,1,budget,3,3,3,3,0.26716733674541504,0.45153063287836415,,0,512,1.1776298329932615
trec-covid-chrono-r4,4,4,dibud,1,1024,1024,426,598,1,budget,6,6,6,6,0.32834065212344693,0.45153063287836415,,0,1024,1.1776300000492483
trec-covid-chrono-r4,4,4,dibud,1,2048,2048,636,1412,1,budget,11,11,11,11,0.3481511856513547,0.45153063287836415,,0,2048,1.1776302079670131
trec-covid-chrono-r4,4,4,dibud,1,4096,4096,853,3243,1,budget,11,11,11,11,0.3481511856513547,0.45153063287836415,,0,4096,1.1776304580271244
trec-covid-chrono-r4,4,4,dibud,1,8192,7144,2144,5000,0,observation_limit,19,19,100,19,0.4191923417300444,0.45153063287836415,,0,,1.17763058305718
trec-covid-chrono-r4,4,4,dibud,1,10000,7144,2144,5000,0,observation_limit,19,19,100,19,0.4191923417300444,0.45153063287836415,,0,,1.1776306660613045
trec-covid-chrono-r4,4,4,balanced,1,128,128,64,64,1,budget,0,0,0,0,0.0,0.45153063287836415,,0,128,1.7422721249749884
trec-covid-chrono-r4,4,4,balanced,1,256,256,128,128,1,budget,2,2,2,2,0.23165732683700074,0.45153063287836415,,0,256,1.7422725829528645
trec-covid-chrono-r4,4,4,balanced,1,512,512,256,256,1,budget,3,3,3,3,0.26716733674541504,0.45153063287836415,,0,512,1.7422728749224916
trec-covid-chrono-r4,4,4,balanced,1,1024,1024,512,512,1,budget,6,6,6,6,0.32834065212344693,0.45153063287836415,,0,1024,1.7422730829566717
trec-covid-chrono-r4,4,4,balanced,1,2048,2048,1024,1024,1,budget,8,8,8,8,0.32834065212344693,0.45153063287836415,,0,2048,1.7422732500126585
trec-covid-chrono-r4,4,4,balanced,1,4096,4096,2048,2048,1,budget,11,11,11,11,0.3481511856513547,0.45153063287836415,,0,4096,1.7422733749262989
trec-covid-chrono-r4,4,4,balanced,1,8192,8192,4096,4096,1,budget,18,18,18,18,0.4191923417300444,0.45153063287836415,,0,8192,1.7422734999563545
trec-covid-chrono-r4,4,4,balanced,1,10000,10000,5000,5000,1,budget,19,19,19,19,0.4191923417300444,0.45153063287836415,,0,10000,1.742273582960479
trec-covid-chrono-r4,4,4,dibud,64,128,128,64,64,1,budget,0,0,0,0,0.0,0.45153063287836415,,0,128,0.03287879191339016
trec-covid-chrono-r4,4,4,dibud,64,256,256,128,128,1,budget,2,2,2,2,0.23165732683700074,0.45153063287836415,,0,256,0.032879167003557086
trec-covid-chrono-r4,4,4,dibud,64,512,512,256,256,1,budget,3,3,3,3,0.26716733674541504,0.45153063287836415,,0,512,0.03287949995137751
trec-covid-chrono-r4,4,4,dibud,64,1024,1024,448,576,1,budget,6,6,6,6,0.32834065212344693,0.45153063287836415,,0,1024,0.03287966700736433
trec-covid-chrono-r4,4,4,dibud,64,2048,2048,640,1408,1,budget,11,11,11,11,0.3481511856513547,0.45153063287836415,,0,2048,0.03287979192100465
trec-covid-chrono-r4,4,4,dibud,64,4096,4096,896,3200,1,budget,11,11,11,11,0.3481511856513547,0.45153063287836415,,0,4096,0.032879916951060295
trec-covid-chrono-r4,4,4,dibud,64,8192,7176,2176,5000,0,observation_limit,19,19,100,19,0.4191923417300444,0.45153063287836415,,0,,0.03288004198111594
trec-covid-chrono-r4,4,4,dibud,64,10000,7176,2176,5000,0,observation_limit,19,19,100,19,0.4191923417300444,0.45153063287836415,,0,,0.03288020798936486
trec-covid-chrono-r4,4,4,balanced,64,128,128,64,64,1,budget,0,0,0,0,0.0,0.45153063287836415,,0,128,0.044730667024850845
trec-covid-chrono-r4,4,4,balanced,64,256,256,128,128,1,budget,2,2,2,2,0.23165732683700074,0.45153063287836415,,0,256,0.044731250032782555
trec-covid-chrono-r4,4,4,balanced,64,512,512,256,256,1,budget,3,3,3,3,0.26716733674541504,0.45153063287836415,,0,512,0.0447315420024097
trec-covid-chrono-r4,4,4,balanced,64,1024,1024,512,512,1,budget,6,6,6,6,0.32834065212344693,0.45153063287836415,,0,1024,0.04473170801065862
trec-covid-chrono-r4,4,4,balanced,64,2048,2048,1024,1024,1,budget,8,8,8,8,0.32834065212344693,0.45153063287836415,,0,2048,0.044731833040714264
trec-covid-chrono-r4,4,4,balanced,64,4096,4096,2048,2048,1,budget,11,11,11,11,0.3481511856513547,0.45153063287836415,,0,4096,0.0447319169761613
trec-covid-chrono-r4,4,4,balanced,64,8192,8192,4096,4096,1,budget,18,18,18,18,0.4191923417300444,0.45153063287836415,,0,8192,0.04473204200621694
trec-covid-chrono-r4,4,4,balanced,64,10000,10000,5000,5000,1,budget,19,19,19,19,0.4191923417300444,0.45153063287836415,,0,10000,0.044732167036272585
trec-covid-chrono-r5,5,25,dibud,1,128,128,60,68,1,budget,11,11,11,11,0.6376417356378722,0.8533870861502348,861,1,128,1.2068866660119966
trec-covid-chrono-r5,5,25,dibud,1,256,256,119,137,1,budget,16,16,16,16,0.8199495947655214,0.8533870861502348,861,1,256,1.2068870830116794
trec-covid-chrono-r5,5,25,dibud,1,512,512,232,280,1,budget,18,18,18,18,0.8533870861502348,0.8533870861502348,861,1,512,1.2068875830154866
trec-covid-chrono-r5,5,25,dibud,1,1024,1024,434,590,1,budget,24,24,24,20,0.8533870861502348,0.8533870861502348,861,1,861,1.2068879579892382
trec-covid-chrono-r5,5,25,dibud,1,2048,2048,509,1539,1,budget,30,30,30,20,0.8533870861502348,0.8533870861502348,861,1,861,1.2068880830192938
trec-covid-chrono-r5,5,25,dibud,1,4096,4096,646,3450,1,budget,30,30,30,20,0.8533870861502348,0.8533870861502348,861,1,861,1.2068882080493495
trec-covid-chrono-r5,5,25,dibud,1,8192,5952,952,5000,0,observation_limit,41,41,100,20,0.8533870861502348,0.8533870861502348,861,1,861,1.2068883329629898
trec-covid-chrono-r5,5,25,dibud,1,10000,5952,952,5000,0,observation_limit,41,41,100,20,0.8533870861502348,0.8533870861502348,861,1,861,1.2068885000189766
trec-covid-chrono-r5,5,25,balanced,1,128,128,64,64,1,budget,11,11,11,11,0.6376417356378722,0.8533870861502348,976,1,128,2.168370166909881
trec-covid-chrono-r5,5,25,balanced,1,256,256,128,128,1,budget,15,15,15,15,0.7851994220666528,0.8533870861502348,976,1,256,2.1683706250041723
trec-covid-chrono-r5,5,25,balanced,1,512,512,256,256,1,budget,17,17,17,17,0.8199495947655214,0.8533870861502348,976,1,512,2.1683709579519928
trec-covid-chrono-r5,5,25,balanced,1,1024,1024,512,512,1,budget,20,20,20,20,0.8533870861502348,0.8533870861502348,976,1,976,2.168371291947551
trec-covid-chrono-r5,5,25,balanced,1,2048,2048,1024,1024,1,budget,28,28,28,20,0.8533870861502348,0.8533870861502348,976,1,976,2.1683714579558
trec-covid-chrono-r5,5,25,balanced,1,4096,4096,2048,2048,1,budget,30,30,30,20,0.8533870861502348,0.8533870861502348,976,1,976,2.1683715829858556
trec-covid-chrono-r5,5,25,balanced,1,8192,8192,4096,4096,1,budget,41,41,41,20,0.8533870861502348,0.8533870861502348,976,1,976,2.168371749925427
trec-covid-chrono-r5,5,25,balanced,1,10000,10000,5000,5000,1,budget,41,41,41,20,0.8533870861502348,0.8533870861502348,976,1,976,2.168371874955483
trec-covid-chrono-r5,5,25,dibud,64,128,128,64,64,1,budget,11,11,11,11,0.6376417356378722,0.8533870861502348,896,1,128,0.03254787507466972
trec-covid-chrono-r5,5,25,dibud,64,256,256,128,128,1,budget,15,15,15,15,0.7851994220666528,0.8533870861502348,896,1,256,0.032548291026614606
trec-covid-chrono-r5,5,25,dibud,64,512,512,256,256,1,budget,17,17,17,17,0.8199495947655214,0.8533870861502348,896,1,512,0.03254866600036621
trec-covid-chrono-r5,5,25,dibud,64,1024,1024,448,576,1,budget,22,22,22,20,0.8533870861502348,0.8533870861502348,896,1,896,0.03254887496586889
trec-covid-chrono-r5,5,25,dibud,64,2048,2048,512,1536,1,budget,30,30,30,20,0.8533870861502348,0.8533870861502348,896,1,896,0.032549040974117815
trec-covid-chrono-r5,5,25,dibud,64,4096,4096,704,3392,1,budget,30,30,30,20,0.8533870861502348,0.8533870861502348,896,1,896,0.03254920803010464
trec-covid-chrono-r5,5,25,dibud,64,8192,5960,960,5000,0,observation_limit,41,41,100,20,0.8533870861502348,0.8533870861502348,896,1,896,0.03254937496967614
trec-covid-chrono-r5,5,25,dibud,64,10000,5960,960,5000,0,observation_limit,41,41,100,20,0.8533870861502348,0.8533870861502348,896,1,896,0.03254954097792506
trec-covid-chrono-r5,5,25,balanced,64,128,128,64,64,1,budget,11,11,11,11,0.6376417356378722,0.8533870861502348,1024,1,128,0.05313204205594957
trec-covid-chrono-r5,5,25,balanced,64,256,256,128,128,1,budget,15,15,15,15,0.7851994220666528,0.8533870861502348,1024,1,256,0.053132500033825636
trec-covid-chrono-r5,5,25,balanced,64,512,512,256,256,1,budget,17,17,17,17,0.8199495947655214,0.8533870861502348,1024,1,512,0.05313283402938396
trec-covid-chrono-r5,5,25,balanced,64,1024,1024,512,512,1,budget,20,20,20,20,0.8533870861502348,0.8533870861502348,1024,1,1024,0.05313308397307992
trec-covid-chrono-r5,5,25,balanced,64,2048,2048,1024,1024,1,budget,28,28,28,20,0.8533870861502348,0.8533870861502348,1024,1,1024,0.05313337501138449
trec-covid-chrono-r5,5,25,balanced,64,4096,4096,2048,2048,1,budget,30,30,30,20,0.8533870861502348,0.8533870861502348,1024,1,1024,0.05313362507149577
trec-covid-chrono-r5,5,25,balanced,64,8192,8192,4096,4096,1,budget,41,41,41,20,0.8533870861502348,0.8533870861502348,1024,1,1024,0.05313374998513609
trec-covid-chrono-r5,5,25,balanced,64,10000,10000,5000,5000,1,budget,41,41,41,20,0.8533870861502348,0.8533870861502348,1024,1,1024,0.05313391704112291
trec-covid-chrono-r5,5,23,dibud,1,128,128,62,66,1,budget,3,3,3,3,0.3026773466538294,0.8955472543008629,4670,1,128,1.547441374976188
trec-covid-chrono-r5,5,23,dibud,1,256,256,114,142,1,budget,5,5,5,5,0.4187992501038471,0.8955472543008629,4670,1,256,1.547441916889511
trec-covid-chrono-r5,5,23,dibud,1,512,512,217,295,1,budget,6,6,6,6,0.46939493307846414,0.8955472543008629,4670,1,512,1.547442457987927
trec-covid-chrono-r5,5,23,dibud,1,1024,1024,388,636,1,budget,11,11,11,11,0.6183813640825346,0.8955472543008629,4670,1,1024,1.547442749957554
trec-covid-chrono-r5,5,23,dibud,1,2048,2048,622,1426,1,budget,16,16,16,16,0.76284352894427,0.8955472543008629,4670,1,2048,1.54744299990125
trec-covid-chrono-r5,5,23,dibud,1,4096,4096,853,3243,1,budget,16,16,16,16,0.76284352894427,0.8955472543008629,4670,1,4096,1.5474431249313056
trec-covid-chrono-r5,5,23,dibud,1,8192,8192,4708,3484,1,budget,23,23,23,20,0.8955472543008629,0.8955472543008629,4670,1,4670,1.5474433329654858
trec-covid-chrono-r5,5,23,dibud,1,10000,8484,5000,3484,0,observation_limit,23,23,100,20,0.8955472543008629,0.8955472543008629,4670,1,4670,1.5474434579955414
trec-covid-chrono-r5,5,23,balanced,1,128,128,64,64,1,budget,3,3,3,3,0.3026773466538294,0.8955472543008629,6968,1,128,1.85574395803269
trec-covid-chrono-r5,5,23,balanced,1,256,256,128,128,1,budget,5,5,5,5,0.4187992501038471,0.8955472543008629,6968,1,256,1.855744499946013
trec-covid-chrono-r5,5,23,balanced,1,512,512,256,256,1,budget,6,6,6,6,0.46939493307846414,0.8955472543008629,6968,1,512,1.855745124979876
trec-covid-chrono-r5,5,23,balanced,1,1024,1024,512,512,1,budget,8,8,8,8,0.5154725948182429,0.8955472543008629,6968,1,1024,1.8557454160181805
trec-covid-chrono-r5,5,23,balanced,1,2048,2048,1024,1024,1,budget,13,13,13,13,0.6562270583484484,0.8955472543008629,6968,1,2048,1.8557457079878077
trec-covid-chrono-r5,5,23,balanced,1,4096,4096,2048,2048,1,budget,16,16,16,16,0.76284352894427,0.8955472543008629,6968,1,4096,1.8557458749273792
trec-covid-chrono-r5,5,23,balanced,1,8192,8192,4096,4096,1,budget,23,23,23,20,0.8955472543008629,0.8955472543008629,6968,1,6968,1.8557460829615593
trec-covid-chrono-r5,5,23,balanced,1,10000,10000,5000,5000,1,budget,23,23,23,20,0.8955472543008629,0.8955472543008629,6968,1,6968,1.855746207991615
trec-covid-chrono-r5,5,23,dibud,64,128,128,64,64,1,budget,3,3,3,3,0.3026773466538294,0.8955472543008629,4736,1,128,0.04077766602858901
trec-covid-chrono-r5,5,23,dibud,64,256,256,128,128,1,budget,5,5,5,5,0.4187992501038471,0.8955472543008629,4736,1,256,0.04077829094603658
trec-covid-chrono-r5,5,23,dibud,64,512,512,256,256,1,budget,6,6,6,6,0.46939493307846414,0.8955472543008629,4736,1,512,0.04077887500170618
trec-covid-chrono-r5,5,23,dibud,64,1024,1024,384,640,1,budget,10,10,10,10,0.5787602970267189,0.8955472543008629,4736,1,1024,0.04077920794952661
trec-covid-chrono-r5,5,23,dibud,64,2048,2048,640,1408,1,budget,16,16,16,16,0.76284352894427,0.8955472543008629,4736,1,2048,0.04077937500551343
trec-covid-chrono-r5,5,23,dibud,64,4096,4096,896,3200,1,budget,16,16,16,16,0.76284352894427,0.8955472543008629,4736,1,4096,0.040779541013762355
trec-covid-chrono-r5,5,23,dibud,64,8192,8192,4672,3520,1,budget,23,23,23,20,0.8955472543008629,0.8955472543008629,4736,1,4736,0.040779749979265034
trec-covid-chrono-r5,5,23,dibud,64,10000,8520,5000,3520,0,observation_limit,23,23,100,20,0.8955472543008629,0.8955472543008629,4736,1,4736,0.04077991598751396
trec-covid-chrono-r5,5,23,balanced,64,128,128,64,64,1,budget,3,3,3,3,0.3026773466538294,0.8955472543008629,7040,1,128,0.046910875011235476
trec-covid-chrono-r5,5,23,balanced,64,256,256,128,128,1,budget,5,5,5,5,0.4187992501038471,0.8955472543008629,7040,1,256,0.046911582932807505
trec-covid-chrono-r5,5,23,balanced,64,512,512,256,256,1,budget,6,6,6,6,0.46939493307846414,0.8955472543008629,7040,1,512,0.04691208293661475
trec-covid-chrono-r5,5,23,balanced,64,1024,1024,512,512,1,budget,8,8,8,8,0.5154725948182429,0.8955472543008629,7040,1,1024,0.046912332996726036
trec-covid-chrono-r5,5,23,balanced,64,2048,2048,1024,1024,1,budget,13,13,13,13,0.6562270583484484,0.8955472543008629,7040,1,2048,0.046912582940422
trec-covid-chrono-r5,5,23,balanced,64,4096,4096,2048,2048,1,budget,16,16,16,16,0.76284352894427,0.8955472543008629,7040,1,4096,0.0469127909746021
trec-covid-chrono-r5,5,23,balanced,64,8192,8192,4096,4096,1,budget,23,23,23,20,0.8955472543008629,0.8955472543008629,7040,1,7040,0.04691304103471339
trec-covid-chrono-r5,5,23,balanced,64,10000,10000,5000,5000,1,budget,23,23,23,20,0.8955472543008629,0.8955472543008629,7040,1,7040,0.04691320797428489
