dataset,snapshot,query_id,policy,batch,accesses,dense,sparse,before,k
msmarco-passage-trec-dl-2019,0,490595,dibud,1,10,5,5,0,2
msmarco-passage-trec-dl-2019,0,490595,dibud,1,14,8,6,2,3
msmarco-passage-trec-dl-2019,0,490595,dibud,1,26,14,12,3,4
msmarco-passage-trec-dl-2019,0,490595,dibud,1,46,24,22,4,5
msmarco-passage-trec-dl-2019,0,490595,dibud,1,52,27,25,5,6
msmarco-passage-trec-dl-2019,0,490595,dibud,1,74,37,37,6,7
msmarco-passage-trec-dl-2019,0,490595,dibud,1,80,40,40,7,8
msmarco-passage-trec-dl-2019,0,490595,dibud,1,92,46,46,8,9
msmarco-passage-trec-dl-2019,0,490595,dibud,1,95,48,47,9,10
msmarco-passage-trec-dl-2019,0,490595,dibud,1,98,48,50,10,12
msmarco-passage-trec-dl-2019,0,490595,dibud,1,99,48,51,12,13
msmarco-passage-trec-dl-2019,0,490595,dibud,1,100,48,52,13,14
msmarco-passage-trec-dl-2019,0,490595,dibud,1,105,48,57,14,15
msmarco-passage-trec-dl-2019,0,490595,dibud,1,111,48,63,15,16
msmarco-passage-trec-dl-2019,0,490595,dibud,1,112,48,64,16,17
msmarco-passage-trec-dl-2019,0,490595,dibud,1,116,48,68,17,20
msmarco-passage-trec-dl-2019,0,490595,dibud,1,127,51,76,20,21
msmarco-passage-trec-dl-2019,0,490595,dibud,1,128,52,76,21,22
msmarco-passage-trec-dl-2019,0,490595,dibud,1,141,57,84,22,23
msmarco-passage-trec-dl-2019,0,490595,dibud,1,152,61,91,23,24
msmarco-passage-trec-dl-2019,0,490595,dibud,1,164,66,98,24,25
msmarco-passage-trec-dl-2019,0,490595,dibud,1,173,69,104,25,26
msmarco-passage-trec-dl-2019,0,490595,dibud,1,180,72,108,26,27
msmarco-passage-trec-dl-2019,0,490595,dibud,1,188,75,113,27,28
msmarco-passage-trec-dl-2019,0,490595,dibud,1,202,80,122,28,29
msmarco-passage-trec-dl-2019,0,490595,dibud,1,204,81,123,29,30
msmarco-passage-trec-dl-2019,0,490595,dibud,1,215,85,130,30,31
msmarco-passage-trec-dl-2019,0,490595,dibud,1,223,88,135,31,32
msmarco-passage-trec-dl-2019,0,490595,dibud,1,226,89,137,32,33
msmarco-passage-trec-dl-2019,0,490595,dibud,1,234,92,142,33,35
msmarco-passage-trec-dl-2019,0,490595,dibud,1,235,93,142,35,36
msmarco-passage-trec-dl-2019,0,490595,dibud,1,239,97,142,36,37
msmarco-passage-trec-dl-2019,0,490595,dibud,1,246,104,142,37,38
msmarco-passage-trec-dl-2019,0,490595,dibud,1,250,108,142,38,39
msmarco-passage-trec-dl-2019,0,490595,dibud,1,260,118,142,39,40
msmarco-passage-trec-dl-2019,0,490595,dibud,1,291,149,142,40,41
msmarco-passage-trec-dl-2019,0,490595,dibud,1,310,164,146,41,42
msmarco-passage-trec-dl-2019,0,490595,dibud,1,316,168,148,42,43
msmarco-passage-trec-dl-2019,0,490595,dibud,1,329,168,161,43,44
msmarco-passage-trec-dl-2019,0,490595,dibud,1,340,168,172,44,45
msmarco-passage-trec-dl-2019,0,490595,dibud,1,343,168,175,45,47
msmarco-passage-trec-dl-2019,0,490595,dibud,1,357,168,189,47,48
msmarco-passage-trec-dl-2019,0,490595,dibud,1,360,168,192,48,49
msmarco-passage-trec-dl-2019,0,490595,dibud,1,362,168,194,49,50
msmarco-passage-trec-dl-2019,0,490595,dibud,1,364,168,196,50,51
msmarco-passage-trec-dl-2019,0,490595,dibud,1,419,189,230,51,52
msmarco-passage-trec-dl-2019,0,490595,dibud,1,433,195,238,52,53
msmarco-passage-trec-dl-2019,0,490595,dibud,1,442,199,243,53,54
msmarco-passage-trec-dl-2019,0,490595,dibud,1,461,199,262,54,55
msmarco-passage-trec-dl-2019,0,490595,dibud,1,481,199,282,55,56
msmarco-passage-trec-dl-2019,0,490595,dibud,1,489,199,290,56,57
msmarco-passage-trec-dl-2019,0,490595,dibud,1,494,199,295,57,58
msmarco-passage-trec-dl-2019,0,490595,dibud,1,521,199,322,58,59
msmarco-passage-trec-dl-2019,0,490595,dibud,1,586,218,368,59,60
msmarco-passage-trec-dl-2019,0,490595,dibud,1,619,251,368,60,61
msmarco-passage-trec-dl-2019,0,490595,dibud,1,621,253,368,61,62
msmarco-passage-trec-dl-2019,0,490595,dibud,1,634,266,368,62,64
msmarco-passage-trec-dl-2019,0,490595,dibud,1,660,292,368,64,65
msmarco-passage-trec-dl-2019,0,490595,dibud,1,710,342,368,65,66
msmarco-passage-trec-dl-2019,0,490595,dibud,1,746,378,368,66,67
msmarco-passage-trec-dl-2019,0,490595,dibud,1,757,389,368,67,68
msmarco-passage-trec-dl-2019,0,490595,dibud,1,833,465,368,68,69
msmarco-passage-trec-dl-2019,0,490595,dibud,1,841,473,368,69,70
msmarco-passage-trec-dl-2019,0,490595,dibud,1,843,475,368,70,71
msmarco-passage-trec-dl-2019,0,490595,dibud,1,903,535,368,71,72
msmarco-passage-trec-dl-2019,0,490595,dibud,1,951,583,368,72,73
msmarco-passage-trec-dl-2019,0,490595,dibud,1,973,605,368,73,74
msmarco-passage-trec-dl-2019,0,490595,dibud,1,1002,634,368,74,76
msmarco-passage-trec-dl-2019,0,490595,dibud,1,1003,635,368,76,100
msmarco-passage-trec-dl-2019,0,490595,balanced,1,10,5,5,0,2
msmarco-passage-trec-dl-2019,0,490595,balanced,1,15,8,7,2,3
msmarco-passage-trec-dl-2019,0,490595,balanced,1,27,14,13,3,4
msmarco-passage-trec-dl-2019,0,490595,balanced,1,47,24,23,4,5
msmarco-passage-trec-dl-2019,0,490595,balanced,1,53,27,26,5,6
msmarco-passage-trec-dl-2019,0,490595,balanced,1,74,37,37,6,7
msmarco-passage-trec-dl-2019,0,490595,balanced,1,80,40,40,7,8
msmarco-passage-trec-dl-2019,0,490595,balanced,1,92,46,46,8,9
msmarco-passage-trec-dl-2019,0,490595,balanced,1,95,48,47,9,10
msmarco-passage-trec-dl-2019,0,490595,balanced,1,100,50,50,10,12
msmarco-passage-trec-dl-2019,0,490595,balanced,1,102,51,51,12,13
msmarco-passage-trec-dl-2019,0,490595,balanced,1,104,52,52,13,14
msmarco-passage-trec-dl-2019,0,490595,balanced,1,114,57,57,14,15
msmarco-passage-trec-dl-2019,0,490595,balanced,1,126,63,63,15,16
msmarco-passage-trec-dl-2019,0,490595,balanced,1,128,64,64,16,17
msmarco-passage-trec-dl-2019,0,490595,balanced,1,136,68,68,17,20
msmarco-passage-trec-dl-2019,0,490595,balanced,1,152,76,76,20,22
msmarco-passage-trec-dl-2019,0,490595,balanced,1,168,84,84,22,23
msmarco-passage-trec-dl-2019,0,490595,balanced,1,182,91,91,23,24
msmarco-passage-trec-dl-2019,0,490595,balanced,1,196,98,98,24,25
msmarco-passage-trec-dl-2019,0,490595,balanced,1,208,104,104,25,26
msmarco-passage-trec-dl-2019,0,490595,balanced,1,216,108,108,26,27
msmarco-passage-trec-dl-2019,0,490595,balanced,1,226,113,113,27,28
msmarco-passage-trec-dl-2019,0,490595,balanced,1,244,122,122,28,29
msmarco-passage-trec-dl-2019,0,490595,balanced,1,246,123,123,29,30
msmarco-passage-trec-dl-2019,0,490595,balanced,1,260,130,130,30,31
msmarco-passage-trec-dl-2019,0,490595,balanced,1,270,135,135,31,32
msmarco-passage-trec-dl-2019,0,490595,balanced,1,274,137,137,32,33
msmarco-passage-trec-dl-2019,0,490595,balanced,1,284,142,142,33,40
msmarco-passage-trec-dl-2019,0,490595,balanced,1,297,149,148,40,41
msmarco-passage-trec-dl-2019,0,490595,balanced,1,327,164,163,41,42
msmarco-passage-trec-dl-2019,0,490595,balanced,1,335,168,167,42,44
msmarco-passage-trec-dl-2019,0,490595,balanced,1,344,172,172,44,45
msmarco-passage-trec-dl-2019,0,490595,balanced,1,350,175,175,45,47
msmarco-passage-trec-dl-2019,0,490595,balanced,1,378,189,189,47,48
msmarco-passage-trec-dl-2019,0,490595,balanced,1,384,192,192,48,49
msmarco-passage-trec-dl-2019,0,490595,balanced,1,388,194,194,49,50
msmarco-passage-trec-dl-2019,0,490595,balanced,1,392,196,196,50,51
msmarco-passage-trec-dl-2019,0,490595,balanced,1,460,230,230,51,52
msmarco-passage-trec-dl-2019,0,490595,balanced,1,476,238,238,52,53
msmarco-passage-trec-dl-2019,0,490595,balanced,1,486,243,243,53,54
msmarco-passage-trec-dl-2019,0,490595,balanced,1,524,262,262,54,55
msmarco-passage-trec-dl-2019,0,490595,balanced,1,564,282,282,55,56
msmarco-passage-trec-dl-2019,0,490595,balanced,1,580,290,290,56,57
msmarco-passage-trec-dl-2019,0,490595,balanced,1,590,295,295,57,58
msmarco-passage-trec-dl-2019,0,490595,balanced,1,644,322,322,58,59
msmarco-passage-trec-dl-2019,0,490595,balanced,1,736,368,368,59,66
msmarco-passage-trec-dl-2019,0,490595,balanced,1,755,378,377,66,67
msmarco-passage-trec-dl-2019,0,490595,balanced,1,777,389,388,67,68
msmarco-passage-trec-dl-2019,0,490595,balanced,1,929,465,464,68,69
msmarco-passage-trec-dl-2019,0,490595,balanced,1,945,473,472,69,70
msmarco-passage-trec-dl-2019,0,490595,balanced,1,949,475,474,70,71
msmarco-passage-trec-dl-2019,0,490595,balanced,1,1069,535,534,71,72
msmarco-passage-trec-dl-2019,0,490595,balanced,1,1165,583,582,72,73
msmarco-passage-trec-dl-2019,0,490595,balanced,1,1209,605,604,73,74
msmarco-passage-trec-dl-2019,0,490595,balanced,1,1267,634,633,74,76
msmarco-passage-trec-dl-2019,0,490595,balanced,1,1269,635,634,76,100
msmarco-passage-trec-dl-2019,0,490595,dibud,64,128,64,64,0,17
msmarco-passage-trec-dl-2019,0,490595,dibud,64,192,64,128,17,24
msmarco-passage-trec-dl-2019,0,490595,dibud,64,256,128,128,24,30
msmarco-passage-trec-dl-2019,0,490595,dibud,64,320,128,192,30,40
msmarco-passage-trec-dl-2019,0,490595,dibud,64,384,192,192,40,49
msmarco-passage-trec-dl-2019,0,490595,dibud,64,448,192,256,49,52
msmarco-passage-trec-dl-2019,0,490595,dibud,64,512,256,256,52,54
msmarco-passage-trec-dl-2019,0,490595,dibud,64,576,256,320,54,58
msmarco-passage-trec-dl-2019,0,490595,dibud,64,640,256,384,58,62
msmarco-passage-trec-dl-2019,0,490595,dibud,64,704,320,384,62,65
msmarco-passage-trec-dl-2019,0,490595,dibud,64,768,384,384,65,67
msmarco-passage-trec-dl-2019,0,490595,dibud,64,832,448,384,67,68
msmarco-passage-trec-dl-2019,0,490595,dibud,64,896,512,384,68,71
msmarco-passage-trec-dl-2019,0,490595,dibud,64,960,576,384,71,72
msmarco-passage-trec-dl-2019,0,490595,dibud,64,1024,640,384,72,100
msmarco-passage-trec-dl-2019,0,490595,balanced,64,128,64,64,0,17
msmarco-passage-trec-dl-2019,0,490595,balanced,64,256,128,128,17,30
msmarco-passage-trec-dl-2019,0,490595,balanced,64,384,192,192,30,49
msmarco-passage-trec-dl-2019,0,490595,balanced,64,512,256,256,49,54
msmarco-passage-trec-dl-2019,0,490595,balanced,64,640,320,320,54,58
msmarco-passage-trec-dl-2019,0,490595,balanced,64,768,384,384,58,67
msmarco-passage-trec-dl-2019,0,490595,balanced,64,832,448,384,67,68
msmarco-passage-trec-dl-2019,0,490595,balanced,64,960,512,448,68,71
msmarco-passage-trec-dl-2019,0,490595,balanced,64,1088,576,512,71,72
msmarco-passage-trec-dl-2019,0,490595,balanced,64,1216,640,576,72,100
msmarco-passage-trec-dl-2019,0,855410,dibud,1,6,3,3,0,1
msmarco-passage-trec-dl-2019,0,855410,dibud,1,7,4,3,1,2
msmarco-passage-trec-dl-2019,0,855410,dibud,1,9,4,5,2,4
msmarco-passage-trec-dl-2019,0,855410,dibud,1,17,8,9,4,5
msmarco-passage-trec-dl-2019,0,855410,dibud,1,8202,4101,4101,5,6
msmarco-passage-trec-dl-2019,0,855410,balanced,1,6,3,3,0,1
msmarco-passage-trec-dl-2019,0,855410,balanced,1,7,4,3,1,2
msmarco-passage-trec-dl-2019,0,855410,balanced,1,10,5,5,2,4
msmarco-passage-trec-dl-2019,0,855410,balanced,1,15,8,7,4,5
msmarco-passage-trec-dl-2019,0,855410,balanced,1,8202,4101,4101,5,6
msmarco-passage-trec-dl-2019,0,855410,dibud,64,128,64,64,0,5
msmarco-passage-trec-dl-2019,0,855410,dibud,64,8320,4160,4160,5,6
msmarco-passage-trec-dl-2019,0,855410,balanced,64,128,64,64,0,5
msmarco-passage-trec-dl-2019,0,855410,balanced,64,8320,4160,4160,5,6
msmarco-passage-trec-dl-2020,0,1109707,dibud,1,2,1,1,0,1
msmarco-passage-trec-dl-2020,0,1109707,dibud,1,37,18,19,1,2
msmarco-passage-trec-dl-2020,0,1109707,dibud,1,50,26,24,2,3
msmarco-passage-trec-dl-2020,0,1109707,dibud,1,168,87,81,3,4
msmarco-passage-trec-dl-2020,0,1109707,dibud,1,173,89,84,4,5
msmarco-passage-trec-dl-2020,0,1109707,dibud,1,195,101,94,5,6
msmarco-passage-trec-dl-2020,0,1109707,dibud,1,276,143,133,6,7
msmarco-passage-trec-dl-2020,0,1109707,dibud,1,284,147,137,7,8
msmarco-passage-trec-dl-2020,0,1109707,dibud,1,287,150,137,8,9
msmarco-passage-trec-dl-2020,0,1109707,dibud,1,290,153,137,9,10
msmarco-passage-trec-dl-2020,0,1109707,dibud,1,350,189,161,10,11
msmarco-passage-trec-dl-2020,0,1109707,dibud,1,353,191,162,11,12
msmarco-passage-trec-dl-2020,0,1109707,dibud,1,380,198,182,12,13
msmarco-passage-trec-dl-2020,0,1109707,dibud,1,405,198,207,13,14
msmarco-passage-trec-dl-2020,0,1109707,dibud,1,414,198,216,14,15
msmarco-passage-trec-dl-2020,0,1109707,dibud,1,427,198,229,15,16
msmarco-passage-trec-dl-2020,0,1109707,dibud,1,441,201,240,16,17
msmarco-passage-trec-dl-2020,0,1109707,dibud,1,445,205,240,17,18
msmarco-passage-trec-dl-2020,0,1109707,dibud,1,446,206,240,18,19
msmarco-passage-trec-dl-2020,0,1109707,dibud,1,454,214,240,19,20
msmarco-passage-trec-dl-2020,0,1109707,dibud,1,458,218,240,20,21
msmarco-passage-trec-dl-2020,0,1109707,dibud,1,486,232,254,21,22
msmarco-passage-trec-dl-2020,0,1109707,dibud,1,559,266,293,22,23
msmarco-passage-trec-dl-2020,0,1109707,dibud,1,698,329,369,23,24
msmarco-passage-trec-dl-2020,0,1109707,dibud,1,823,385,438,24,25
msmarco-passage-trec-dl-2020,0,1109707,dibud,1,861,402,459,25,26
msmarco-passage-trec-dl-2020,0,1109707,dibud,1,876,408,468,26,27
msmarco-passage-trec-dl-2020,0,1109707,dibud,1,926,458,468,27,28
msmarco-passage-trec-dl-2020,0,1109707,dibud,1,998,530,468,28,29
msmarco-passage-trec-dl-2020,0,1109707,dibud,1,1165,697,468,29,32
msmarco-passage-trec-dl-2020,0,1109707,dibud,1,1166,698,468,32,34
msmarco-passage-trec-dl-2020,0,1109707,dibud,1,1215,698,517,34,35
msmarco-passage-trec-dl-2020,0,1109707,dibud,1,1299,750,549,35,36
msmarco-passage-trec-dl-2020,0,1109707,dibud,1,1321,764,557,36,37
msmarco-passage-trec-dl-2020,0,1109707,dibud,1,1417,826,591,37,38
msmarco-passage-trec-dl-2020,0,1109707,dibud,1,1770,1061,709,38,39
msmarco-passage-trec-dl-2020,0,1109707,dibud,1,1884,1139,745,39,40
msmarco-passage-trec-dl-2020,0,1109707,dibud,1,2028,1239,789,40,41
msmarco-passage-trec-dl-2020,0,1109707,dibud,1,2058,1260,798,41,42
msmarco-passage-trec-dl-2020,0,1109707,dibud,1,2317,1260,1057,42,45
msmarco-passage-trec-dl-2020,0,1109707,dibud,1,2412,1260,1152,45,47
msmarco-passage-trec-dl-2020,0,1109707,dibud,1,2465,1260,1205,47,57
msmarco-passage-trec-dl-2020,0,1109707,dibud,1,2691,1486,1205,57,58
msmarco-passage-trec-dl-2020,0,1109707,dibud,1,3059,1854,1205,58,59
msmarco-passage-trec-dl-2020,0,1109707,dibud,1,3706,2370,1336,59,60
msmarco-passage-trec-dl-2020,0,1109707,dibud,1,4810,3228,1582,60,61
msmarco-passage-trec-dl-2020,0,1109707,dibud,1,5350,3665,1685,61,62
msmarco-passage-trec-dl-2020,0,1109707,dibud,1,6104,4293,1811,62,63
msmarco-passage-trec-dl-2020,0,1109707,balanced,1,2,1,1,0,1
msmarco-passage-trec-dl-2020,0,1109707,balanced,1,38,19,19,1,2
msmarco-passage-trec-dl-2020,0,1109707,balanced,1,51,26,25,2,3
msmarco-passage-trec-dl-2020,0,1109707,balanced,1,173,87,86,3,4
msmarco-passage-trec-dl-2020,0,1109707,balanced,1,177,89,88,4,5
msmarco-passage-trec-dl-2020,0,1109707,balanced,1,201,101,100,5,6
msmarco-passage-trec-dl-2020,0,1109707,balanced,1,285,143,142,6,7
msmarco-passage-trec-dl-2020,0,1109707,balanced,1,293,147,146,7,8
msmarco-passage-trec-dl-2020,0,1109707,balanced,1,299,150,149,8,9
msmarco-passage-trec-dl-2020,0,1109707,balanced,1,305,153,152,9,10
msmarco-passage-trec-dl-2020,0,1109707,balanced,1,377,189,188,10,11
msmarco-passage-trec-dl-2020,0,1109707,balanced,1,381,191,190,11,12
msmarco-passage-trec-dl-2020,0,1109707,balanced,1,395,198,197,12,13
msmarco-passage-trec-dl-2020,0,1109707,balanced,1,414,207,207,13,14
msmarco-passage-trec-dl-2020,0,1109707,balanced,1,432,216,216,14,15
msmarco-passage-trec-dl-2020,0,1109707,balanced,1,458,229,229,15,16
msmarco-passage-trec-dl-2020,0,1109707,balanced,1,480,240,240,16,21
msmarco-passage-trec-dl-2020,0,1109707,balanced,1,508,254,254,21,22
msmarco-passage-trec-dl-2020,0,1109707,balanced,1,586,293,293,22,23
msmarco-passage-trec-dl-2020,0,1109707,balanced,1,738,369,369,23,24
msmarco-passage-trec-dl-2020,0,1109707,balanced,1,876,438,438,24,25
msmarco-passage-trec-dl-2020,0,1109707,balanced,1,918,459,459,25,26
msmarco-passage-trec-dl-2020,0,1109707,balanced,1,936,468,468,26,28
msmarco-passage-trec-dl-2020,0,1109707,balanced,1,1059,530,529,28,29
msmarco-passage-trec-dl-2020,0,1109707,balanced,1,1393,697,696,29,32
msmarco-passage-trec-dl-2020,0,1109707,balanced,1,1395,698,697,32,35
msmarco-passage-trec-dl-2020,0,1109707,balanced,1,1499,750,749,35,36
msmarco-passage-trec-dl-2020,0,1109707,balanced,1,1527,764,763,36,37
msmarco-passage-trec-dl-2020,0,1109707,balanced,1,1651,826,825,37,38
msmarco-passage-trec-dl-2020,0,1109707,balanced,1,2121,1061,1060,38,39
msmarco-passage-trec-dl-2020,0,1109707,balanced,1,2277,1139,1138,39,40
msmarco-passage-trec-dl-2020,0,1109707,balanced,1,2477,1239,1238,40,41
msmarco-passage-trec-dl-2020,0,1109707,balanced,1,2519,1260,1259,41,57
msmarco-passage-trec-dl-2020,0,1109707,balanced,1,2971,1486,1485,57,58
msmarco-passage-trec-dl-2020,0,1109707,balanced,1,3707,1854,1853,58,59
msmarco-passage-trec-dl-2020,0,1109707,balanced,1,4739,2370,2369,59,60
msmarco-passage-trec-dl-2020,0,1109707,balanced,1,6455,3228,3227,60,61
msmarco-passage-trec-dl-2020,0,1109707,balanced,1,7329,3665,3664,61,62
msmarco-passage-trec-dl-2020,0,1109707,balanced,1,8585,4293,4292,62,63
msmarco-passage-trec-dl-2020,0,1109707,dibud,64,128,64,64,0,3
msmarco-passage-trec-dl-2020,0,1109707,dibud,64,256,128,128,3,6
msmarco-passage-trec-dl-2020,0,1109707,dibud,64,384,192,192,6,12
msmarco-passage-trec-dl-2020,0,1109707,dibud,64,448,256,192,12,13
msmarco-passage-trec-dl-2020,0,1109707,dibud,64,512,256,256,13,22
msmarco-passage-trec-dl-2020,0,1109707,dibud,64,640,320,320,22,23
msmarco-passage-trec-dl-2020,0,1109707,dibud,64,768,384,384,23,24
msmarco-passage-trec-dl-2020,0,1109707,dibud,64,896,448,448,24,25
msmarco-passage-trec-dl-2020,0,1109707,dibud,64,960,448,512,25,27
msmarco-passage-trec-dl-2020,0,1109707,dibud,64,1024,512,512,27,28
msmarco-passage-trec-dl-2020,0,1109707,dibud,64,1088,576,512,28,29
msmarco-passage-trec-dl-2020,0,1109707,dibud,64,1216,704,512,29,34
msmarco-passage-trec-dl-2020,0,1109707,dibud,64,1280,704,576,34,35
msmarco-passage-trec-dl-2020,0,1109707,dibud,64,1344,768,576,35,37
msmarco-passage-trec-dl-2020,0,1109707,dibud,64,1472,832,640,37,38
msmarco-passage-trec-dl-2020,0,1109707,dibud,64,1856,1088,768,38,39
msmarco-passage-trec-dl-2020,0,1109707,dibud,64,1920,1152,768,39,40
msmarco-passage-trec-dl-2020,0,1109707,dibud,64,2112,1280,832,40,42
msmarco-passage-trec-dl-2020,0,1109707,dibud,64,2368,1280,1088,42,45
msmarco-passage-trec-dl-2020,0,1109707,dibud,64,2432,1280,1152,45,47
msmarco-passage-trec-dl-2020,0,1109707,dibud,64,2496,1280,1216,47,57
msmarco-passage-trec-dl-2020,0,1109707,dibud,64,2752,1536,1216,57,58
msmarco-passage-trec-dl-2020,0,1109707,dibud,64,3072,1856,1216,58,59
msmarco-passage-trec-dl-2020,0,1109707,dibud,64,3776,2432,1344,59,60
msmarco-passage-trec-dl-2020,0,1109707,dibud,64,4864,3264,1600,60,61
msmarco-passage-trec-dl-2020,0,1109707,dibud,64,5440,3712,1728,61,62
msmarco-passage-trec-dl-2020,0,1109707,dibud,64,6208,4352,1856,62,63
msmarco-passage-trec-dl-2020,0,1109707,balanced,64,128,64,64,0,3
msmarco-passage-trec-dl-2020,0,1109707,balanced,64,256,128,128,3,6
msmarco-passage-trec-dl-2020,0,1109707,balanced,64,384,192,192,6,12
msmarco-passage-trec-dl-2020,0,1109707,balanced,64,448,256,192,12,13
msmarco-passage-trec-dl-2020,0,1109707,balanced,64,512,256,256,13,22
msmarco-passage-trec-dl-2020,0,1109707,balanced,64,640,320,320,22,23
msmarco-passage-trec-dl-2020,0,1109707,balanced,64,768,384,384,23,24
msmarco-passage-trec-dl-2020,0,1109707,balanced,64,896,448,448,24,25
msmarco-passage-trec-dl-2020,0,1109707,balanced,64,1024,512,512,25,28
msmarco-passage-trec-dl-2020,0,1109707,balanced,64,1088,576,512,28,29
msmarco-passage-trec-dl-2020,0,1109707,balanced,64,1344,704,640,29,35
msmarco-passage-trec-dl-2020,0,1109707,balanced,64,1472,768,704,35,37
msmarco-passage-trec-dl-2020,0,1109707,balanced,64,1600,832,768,37,38
msmarco-passage-trec-dl-2020,0,1109707,balanced,64,2112,1088,1024,38,39
msmarco-passage-trec-dl-2020,0,1109707,balanced,64,2240,1152,1088,39,40
msmarco-passage-trec-dl-2020,0,1109707,balanced,64,2496,1280,1216,40,57
msmarco-passage-trec-dl-2020,0,1109707,balanced,64,3008,1536,1472,57,58
msmarco-passage-trec-dl-2020,0,1109707,balanced,64,3648,1856,1792,58,59
msmarco-passage-trec-dl-2020,0,1109707,balanced,64,4800,2432,2368,59,60
msmarco-passage-trec-dl-2020,0,1109707,balanced,64,6464,3264,3200,60,61
msmarco-passage-trec-dl-2020,0,1109707,balanced,64,7360,3712,3648,61,62
msmarco-passage-trec-dl-2020,0,1109707,balanced,64,8640,4352,4288,62,63
msmarco-passage-trec-dl-2020,0,390360,dibud,1,8,4,4,0,1
msmarco-passage-trec-dl-2020,0,390360,dibud,1,13,6,7,1,3
msmarco-passage-trec-dl-2020,0,390360,dibud,1,15,8,7,3,4
msmarco-passage-trec-dl-2020,0,390360,dibud,1,24,12,12,4,5
msmarco-passage-trec-dl-2020,0,390360,dibud,1,66,33,33,5,6
msmarco-passage-trec-dl-2020,0,390360,dibud,1,178,89,89,6,7
msmarco-passage-trec-dl-2020,0,390360,dibud,1,214,107,107,7,8
msmarco-passage-trec-dl-2020,0,390360,dibud,1,283,142,141,8,9
msmarco-passage-trec-dl-2020,0,390360,dibud,1,328,158,170,9,10
msmarco-passage-trec-dl-2020,0,390360,dibud,1,576,218,358,10,11
msmarco-passage-trec-dl-2020,0,390360,dibud,1,869,299,570,11,12
msmarco-passage-trec-dl-2020,0,390360,dibud,1,900,306,594,12,13
msmarco-passage-trec-dl-2020,0,390360,dibud,1,1040,338,702,13,14
msmarco-passage-trec-dl-2020,0,390360,dibud,1,2575,536,2039,14,15
msmarco-passage-trec-dl-2020,0,390360,dibud,1,2810,771,2039,15,16
msmarco-passage-trec-dl-2020,0,390360,dibud,1,2916,877,2039,16,18
msmarco-passage-trec-dl-2020,0,390360,dibud,1,2978,939,2039,18,19
msmarco-passage-trec-dl-2020,0,390360,dibud,1,3734,1695,2039,19,20
msmarco-passage-trec-dl-2020,0,390360,dibud,1,4012,1973,2039,20,21
msmarco-passage-trec-dl-2020,0,390360,dibud,1,5539,2769,2770,21,22
msmarco-passage-trec-dl-2020,0,390360,dibud,1,5763,2993,2770,22,28
msmarco-passage-trec-dl-2020,0,390360,dibud,1,6624,3854,2770,28,29
msmarco-passage-trec-dl-2020,0,390360,balanced,1,8,4,4,0,1
msmarco-passage-trec-dl-2020,0,390360,balanced,1,14,7,7,1,3
msmarco-passage-trec-dl-2020,0,390360,balanced,1,15,8,7,3,4
msmarco-passage-trec-dl-2020,0,390360,balanced,1,24,12,12,4,5
msmarco-passage-trec-dl-2020,0,390360,balanced,1,66,33,33,5,6
msmarco-passage-trec-dl-2020,0,390360,balanced,1,178,89,89,6,7
msmarco-passage-trec-dl-2020,0,390360,balanced,1,214,107,107,7,8
msmarco-passage-trec-dl-2020,0,390360,balanced,1,283,142,141,8,9
msmarco-passage-trec-dl-2020,0,390360,balanced,1,340,170,170,9,10
msmarco-passage-trec-dl-2020,0,390360,balanced,1,716,358,358,10,11
msmarco-passage-trec-dl-2020,0,390360,balanced,1,1140,570,570,11,12
msmarco-passage-trec-dl-2020,0,390360,balanced,1,1188,594,594,12,13
msmarco-passage-trec-dl-2020,0,390360,balanced,1,1404,702,702,13,14
msmarco-passage-trec-dl-2020,0,390360,balanced,1,4078,2039,2039,14,21
msmarco-passage-trec-dl-2020,0,390360,balanced,1,5540,2770,2770,21,22
msmarco-passage-trec-dl-2020,0,390360,balanced,1,5985,2993,2992,22,28
msmarco-passage-trec-dl-2020,0,390360,balanced,1,7707,3854,3853,28,29
msmarco-passage-trec-dl-2020,0,390360,dibud,64,128,64,64,0,6
msmarco-passage-trec-dl-2020,0,390360,dibud,64,256,128,128,6,8
msmarco-passage-trec-dl-2020,0,390360,dibud,64,384,192,192,8,10
msmarco-passage-trec-dl-2020,0,390360,dibud,64,640,256,384,10,11
msmarco-passage-trec-dl-2020,0,390360,dibud,64,896,320,576,11,12
msmarco-passage-trec-dl-2020,0,390360,dibud,64,960,320,640,12,13
msmarco-passage-trec-dl-2020,0,390360,dibud,64,1088,384,704,13,14
msmarco-passage-trec-dl-2020,0,390360,dibud,64,2624,576,2048,14,15
msmarco-passage-trec-dl-2020,0,390360,dibud,64,2880,832,2048,15,16
msmarco-passage-trec-dl-2020,0,390360,dibud,64,2944,896,2048,16,18
msmarco-passage-trec-dl-2020,0,390360,dibud,64,3008,960,2048,18,19
msmarco-passage-trec-dl-2020,0,390360,dibud,64,3776,1728,2048,19,20
msmarco-passage-trec-dl-2020,0,390360,dibud,64,4032,1984,2048,20,21
msmarco-passage-trec-dl-2020,0,390360,dibud,64,5632,2816,2816,21,22
msmarco-passage-trec-dl-2020,0,390360,dibud,64,5824,3008,2816,22,28
msmarco-passage-trec-dl-2020,0,390360,dibud,64,6720,3904,2816,28,29
msmarco-passage-trec-dl-2020,0,390360,balanced,64,128,64,64,0,6
msmarco-passage-trec-dl-2020,0,390360,balanced,64,256,128,128,6,8
msmarco-passage-trec-dl-2020,0,390360,balanced,64,384,192,192,8,10
msmarco-passage-trec-dl-2020,0,390360,balanced,64,768,384,384,10,11
msmarco-passage-trec-dl-2020,0,390360,balanced,64,1152,576,576,11,12
msmarco-passage-trec-dl-2020,0,390360,balanced,64,1280,640,640,12,13
msmarco-passage-trec-dl-2020,0,390360,balanced,64,1408,704,704,13,14
msmarco-passage-trec-dl-2020,0,390360,balanced,64,4096,2048,2048,14,21
msmarco-passage-trec-dl-2020,0,390360,balanced,64,5632,2816,2816,21,22
msmarco-passage-trec-dl-2020,0,390360,balanced,64,5952,3008,2944,22,28
msmarco-passage-trec-dl-2020,0,390360,balanced,64,7744,3904,3840,28,29
nfcorpus,0,PLAIN-1516,dibud,1,5,3,2,0,4
nfcorpus,0,PLAIN-1516,dibud,1,6,4,2,4,5
nfcorpus,0,PLAIN-1516,dibud,1,7,5,2,5,6
nfcorpus,0,PLAIN-1516,dibud,1,8,6,2,6,7
nfcorpus,0,PLAIN-1516,dibud,1,10,8,2,7,8
nfcorpus,0,PLAIN-1516,dibud,1,11,9,2,8,9
nfcorpus,0,PLAIN-1516,dibud,1,12,10,2,9,10
nfcorpus,0,PLAIN-1516,dibud,1,13,11,2,10,11
nfcorpus,0,PLAIN-1516,dibud,1,14,12,2,11,12
nfcorpus,0,PLAIN-1516,dibud,1,15,13,2,12,13
nfcorpus,0,PLAIN-1516,dibud,1,16,14,2,13,14
nfcorpus,0,PLAIN-1516,dibud,1,17,15,2,14,15
nfcorpus,0,PLAIN-1516,dibud,1,18,16,2,15,16
nfcorpus,0,PLAIN-1516,dibud,1,19,17,2,16,17
nfcorpus,0,PLAIN-1516,dibud,1,20,18,2,17,18
nfcorpus,0,PLAIN-1516,dibud,1,21,19,2,18,19
nfcorpus,0,PLAIN-1516,dibud,1,22,20,2,19,20
nfcorpus,0,PLAIN-1516,dibud,1,23,21,2,20,21
nfcorpus,0,PLAIN-1516,dibud,1,24,22,2,21,22
nfcorpus,0,PLAIN-1516,dibud,1,25,23,2,22,23
nfcorpus,0,PLAIN-1516,dibud,1,26,24,2,23,24
nfcorpus,0,PLAIN-1516,dibud,1,27,25,2,24,25
nfcorpus,0,PLAIN-1516,dibud,1,28,26,2,25,26
nfcorpus,0,PLAIN-1516,dibud,1,29,27,2,26,27
nfcorpus,0,PLAIN-1516,dibud,1,30,28,2,27,28
nfcorpus,0,PLAIN-1516,dibud,1,31,29,2,28,29
nfcorpus,0,PLAIN-1516,dibud,1,32,30,2,29,30
nfcorpus,0,PLAIN-1516,dibud,1,33,31,2,30,31
nfcorpus,0,PLAIN-1516,dibud,1,34,32,2,31,32
nfcorpus,0,PLAIN-1516,dibud,1,35,33,2,32,33
nfcorpus,0,PLAIN-1516,dibud,1,36,34,2,33,34
nfcorpus,0,PLAIN-1516,dibud,1,37,35,2,34,35
nfcorpus,0,PLAIN-1516,dibud,1,38,36,2,35,36
nfcorpus,0,PLAIN-1516,dibud,1,39,37,2,36,37
nfcorpus,0,PLAIN-1516,dibud,1,40,38,2,37,38
nfcorpus,0,PLAIN-1516,dibud,1,41,39,2,38,39
nfcorpus,0,PLAIN-1516,dibud,1,42,40,2,39,40
nfcorpus,0,PLAIN-1516,dibud,1,43,41,2,40,41
nfcorpus,0,PLAIN-1516,dibud,1,44,42,2,41,42
nfcorpus,0,PLAIN-1516,dibud,1,45,43,2,42,43
nfcorpus,0,PLAIN-1516,dibud,1,46,44,2,43,44
nfcorpus,0,PLAIN-1516,dibud,1,47,45,2,44,45
nfcorpus,0,PLAIN-1516,dibud,1,48,46,2,45,46
nfcorpus,0,PLAIN-1516,dibud,1,49,47,2,46,47
nfcorpus,0,PLAIN-1516,dibud,1,50,48,2,47,48
nfcorpus,0,PLAIN-1516,dibud,1,51,49,2,48,49
nfcorpus,0,PLAIN-1516,dibud,1,52,50,2,49,50
nfcorpus,0,PLAIN-1516,dibud,1,53,51,2,50,51
nfcorpus,0,PLAIN-1516,dibud,1,54,52,2,51,52
nfcorpus,0,PLAIN-1516,dibud,1,55,53,2,52,53
nfcorpus,0,PLAIN-1516,dibud,1,56,54,2,53,54
nfcorpus,0,PLAIN-1516,dibud,1,57,55,2,54,55
nfcorpus,0,PLAIN-1516,dibud,1,58,56,2,55,56
nfcorpus,0,PLAIN-1516,dibud,1,59,57,2,56,57
nfcorpus,0,PLAIN-1516,dibud,1,60,58,2,57,58
nfcorpus,0,PLAIN-1516,dibud,1,61,59,2,58,59
nfcorpus,0,PLAIN-1516,dibud,1,62,60,2,59,60
nfcorpus,0,PLAIN-1516,dibud,1,63,61,2,60,61
nfcorpus,0,PLAIN-1516,dibud,1,64,62,2,61,62
nfcorpus,0,PLAIN-1516,dibud,1,65,63,2,62,63
nfcorpus,0,PLAIN-1516,dibud,1,66,64,2,63,64
nfcorpus,0,PLAIN-1516,dibud,1,67,65,2,64,65
nfcorpus,0,PLAIN-1516,dibud,1,68,66,2,65,66
nfcorpus,0,PLAIN-1516,dibud,1,69,67,2,66,67
nfcorpus,0,PLAIN-1516,dibud,1,70,68,2,67,68
nfcorpus,0,PLAIN-1516,dibud,1,71,69,2,68,69
nfcorpus,0,PLAIN-1516,dibud,1,72,70,2,69,70
nfcorpus,0,PLAIN-1516,dibud,1,73,71,2,70,71
nfcorpus,0,PLAIN-1516,dibud,1,74,72,2,71,72
nfcorpus,0,PLAIN-1516,dibud,1,75,73,2,72,73
nfcorpus,0,PLAIN-1516,dibud,1,76,74,2,73,74
nfcorpus,0,PLAIN-1516,dibud,1,77,75,2,74,75
nfcorpus,0,PLAIN-1516,dibud,1,78,76,2,75,76
nfcorpus,0,PLAIN-1516,dibud,1,79,77,2,76,77
nfcorpus,0,PLAIN-1516,dibud,1,80,78,2,77,78
nfcorpus,0,PLAIN-1516,dibud,1,81,79,2,78,79
nfcorpus,0,PLAIN-1516,dibud,1,82,80,2,79,80
nfcorpus,0,PLAIN-1516,dibud,1,83,81,2,80,81
nfcorpus,0,PLAIN-1516,dibud,1,84,82,2,81,82
nfcorpus,0,PLAIN-1516,dibud,1,85,83,2,82,83
nfcorpus,0,PLAIN-1516,dibud,1,86,84,2,83,84
nfcorpus,0,PLAIN-1516,dibud,1,87,85,2,84,85
nfcorpus,0,PLAIN-1516,dibud,1,88,86,2,85,86
nfcorpus,0,PLAIN-1516,dibud,1,89,87,2,86,87
nfcorpus,0,PLAIN-1516,dibud,1,90,88,2,87,88
nfcorpus,0,PLAIN-1516,dibud,1,91,89,2,88,89
nfcorpus,0,PLAIN-1516,dibud,1,92,90,2,89,90
nfcorpus,0,PLAIN-1516,dibud,1,93,91,2,90,91
nfcorpus,0,PLAIN-1516,dibud,1,94,92,2,91,92
nfcorpus,0,PLAIN-1516,dibud,1,95,93,2,92,93
nfcorpus,0,PLAIN-1516,dibud,1,96,94,2,93,94
nfcorpus,0,PLAIN-1516,dibud,1,97,95,2,94,95
nfcorpus,0,PLAIN-1516,dibud,1,98,96,2,95,96
nfcorpus,0,PLAIN-1516,dibud,1,99,97,2,96,97
nfcorpus,0,PLAIN-1516,dibud,1,100,98,2,97,98
nfcorpus,0,PLAIN-1516,dibud,1,101,99,2,98,99
nfcorpus,0,PLAIN-1516,dibud,1,102,100,2,99,100
nfcorpus,0,PLAIN-1516,balanced,1,5,3,2,0,4
nfcorpus,0,PLAIN-1516,balanced,1,6,4,2,4,5
nfcorpus,0,PLAIN-1516,balanced,1,7,5,2,5,6
nfcorpus,0,PLAIN-1516,balanced,1,8,6,2,6,7
nfcorpus,0,PLAIN-1516,balanced,1,10,8,2,7,8
nfcorpus,0,PLAIN-1516,balanced,1,11,9,2,8,9
nfcorpus,0,PLAIN-1516,balanced,1,12,10,2,9,10
nfcorpus,0,PLAIN-1516,balanced,1,13,11,2,10,11
nfcorpus,0,PLAIN-1516,balanced,1,14,12,2,11,12
nfcorpus,0,PLAIN-1516,balanced,1,15,13,2,12,13
nfcorpus,0,PLAIN-1516,balanced,1,16,14,2,13,14
nfcorpus,0,PLAIN-1516,balanced,1,17,15,2,14,15
nfcorpus,0,PLAIN-1516,balanced,1,18,16,2,15,16
nfcorpus,0,PLAIN-1516,balanced,1,19,17,2,16,17
nfcorpus,0,PLAIN-1516,balanced,1,20,18,2,17,18
nfcorpus,0,PLAIN-1516,balanced,1,21,19,2,18,19
nfcorpus,0,PLAIN-1516,balanced,1,22,20,2,19,20
nfcorpus,0,PLAIN-1516,balanced,1,23,21,2,20,21
nfcorpus,0,PLAIN-1516,balanced,1,24,22,2,21,22
nfcorpus,0,PLAIN-1516,balanced,1,25,23,2,22,23
nfcorpus,0,PLAIN-1516,balanced,1,26,24,2,23,24
nfcorpus,0,PLAIN-1516,balanced,1,27,25,2,24,25
nfcorpus,0,PLAIN-1516,balanced,1,28,26,2,25,26
nfcorpus,0,PLAIN-1516,balanced,1,29,27,2,26,27
nfcorpus,0,PLAIN-1516,balanced,1,30,28,2,27,28
nfcorpus,0,PLAIN-1516,balanced,1,31,29,2,28,29
nfcorpus,0,PLAIN-1516,balanced,1,32,30,2,29,30
nfcorpus,0,PLAIN-1516,balanced,1,33,31,2,30,31
nfcorpus,0,PLAIN-1516,balanced,1,34,32,2,31,32
nfcorpus,0,PLAIN-1516,balanced,1,35,33,2,32,33
nfcorpus,0,PLAIN-1516,balanced,1,36,34,2,33,34
nfcorpus,0,PLAIN-1516,balanced,1,37,35,2,34,35
nfcorpus,0,PLAIN-1516,balanced,1,38,36,2,35,36
nfcorpus,0,PLAIN-1516,balanced,1,39,37,2,36,37
nfcorpus,0,PLAIN-1516,balanced,1,40,38,2,37,38
nfcorpus,0,PLAIN-1516,balanced,1,41,39,2,38,39
nfcorpus,0,PLAIN-1516,balanced,1,42,40,2,39,40
nfcorpus,0,PLAIN-1516,balanced,1,43,41,2,40,41
nfcorpus,0,PLAIN-1516,balanced,1,44,42,2,41,42
nfcorpus,0,PLAIN-1516,balanced,1,45,43,2,42,43
nfcorpus,0,PLAIN-1516,balanced,1,46,44,2,43,44
nfcorpus,0,PLAIN-1516,balanced,1,47,45,2,44,45
nfcorpus,0,PLAIN-1516,balanced,1,48,46,2,45,46
nfcorpus,0,PLAIN-1516,balanced,1,49,47,2,46,47
nfcorpus,0,PLAIN-1516,balanced,1,50,48,2,47,48
nfcorpus,0,PLAIN-1516,balanced,1,51,49,2,48,49
nfcorpus,0,PLAIN-1516,balanced,1,52,50,2,49,50
nfcorpus,0,PLAIN-1516,balanced,1,53,51,2,50,51
nfcorpus,0,PLAIN-1516,balanced,1,54,52,2,51,52
nfcorpus,0,PLAIN-1516,balanced,1,55,53,2,52,53
nfcorpus,0,PLAIN-1516,balanced,1,56,54,2,53,54
nfcorpus,0,PLAIN-1516,balanced,1,57,55,2,54,55
nfcorpus,0,PLAIN-1516,balanced,1,58,56,2,55,56
nfcorpus,0,PLAIN-1516,balanced,1,59,57,2,56,57
nfcorpus,0,PLAIN-1516,balanced,1,60,58,2,57,58
nfcorpus,0,PLAIN-1516,balanced,1,61,59,2,58,59
nfcorpus,0,PLAIN-1516,balanced,1,62,60,2,59,60
nfcorpus,0,PLAIN-1516,balanced,1,63,61,2,60,61
nfcorpus,0,PLAIN-1516,balanced,1,64,62,2,61,62
nfcorpus,0,PLAIN-1516,balanced,1,65,63,2,62,63
nfcorpus,0,PLAIN-1516,balanced,1,66,64,2,63,64
nfcorpus,0,PLAIN-1516,balanced,1,67,65,2,64,65
nfcorpus,0,PLAIN-1516,balanced,1,68,66,2,65,66
nfcorpus,0,PLAIN-1516,balanced,1,69,67,2,66,67
nfcorpus,0,PLAIN-1516,balanced,1,70,68,2,67,68
nfcorpus,0,PLAIN-1516,balanced,1,71,69,2,68,69
nfcorpus,0,PLAIN-1516,balanced,1,72,70,2,69,70
nfcorpus,0,PLAIN-1516,balanced,1,73,71,2,70,71
nfcorpus,0,PLAIN-1516,balanced,1,74,72,2,71,72
nfcorpus,0,PLAIN-1516,balanced,1,75,73,2,72,73
nfcorpus,0,PLAIN-1516,balanced,1,76,74,2,73,74
nfcorpus,0,PLAIN-1516,balanced,1,77,75,2,74,75
nfcorpus,0,PLAIN-1516,balanced,1,78,76,2,75,76
nfcorpus,0,PLAIN-1516,balanced,1,79,77,2,76,77
nfcorpus,0,PLAIN-1516,balanced,1,80,78,2,77,78
nfcorpus,0,PLAIN-1516,balanced,1,81,79,2,78,79
nfcorpus,0,PLAIN-1516,balanced,1,82,80,2,79,80
nfcorpus,0,PLAIN-1516,balanced,1,83,81,2,80,81
nfcorpus,0,PLAIN-1516,balanced,1,84,82,2,81,82
nfcorpus,0,PLAIN-1516,balanced,1,85,83,2,82,83
nfcorpus,0,PLAIN-1516,balanced,1,86,84,2,83,84
nfcorpus,0,PLAIN-1516,balanced,1,87,85,2,84,85
nfcorpus,0,PLAIN-1516,balanced,1,88,86,2,85,86
nfcorpus,0,PLAIN-1516,balanced,1,89,87,2,86,87
nfcorpus,0,PLAIN-1516,balanced,1,90,88,2,87,88
nfcorpus,0,PLAIN-1516,balanced,1,91,89,2,88,89
nfcorpus,0,PLAIN-1516,balanced,1,92,90,2,89,90
nfcorpus,0,PLAIN-1516,balanced,1,93,91,2,90,91
nfcorpus,0,PLAIN-1516,balanced,1,94,92,2,91,92
nfcorpus,0,PLAIN-1516,balanced,1,95,93,2,92,93
nfcorpus,0,PLAIN-1516,balanced,1,96,94,2,93,94
nfcorpus,0,PLAIN-1516,balanced,1,97,95,2,94,95
nfcorpus,0,PLAIN-1516,balanced,1,98,96,2,95,96
nfcorpus,0,PLAIN-1516,balanced,1,99,97,2,96,97
nfcorpus,0,PLAIN-1516,balanced,1,100,98,2,97,98
nfcorpus,0,PLAIN-1516,balanced,1,101,99,2,98,99
nfcorpus,0,PLAIN-1516,balanced,1,102,100,2,99,100
nfcorpus,0,PLAIN-1516,dibud,64,66,64,2,0,64
nfcorpus,0,PLAIN-1516,dibud,64,128,126,2,64,100
nfcorpus,0,PLAIN-1516,balanced,64,66,64,2,0,64
nfcorpus,0,PLAIN-1516,balanced,64,128,126,2,64,100
nfcorpus,0,PLAIN-2920,dibud,1,4,2,2,0,2
nfcorpus,0,PLAIN-2920,dibud,1,18,9,9,2,3
nfcorpus,0,PLAIN-2920,dibud,1,33,17,16,3,4
nfcorpus,0,PLAIN-2920,dibud,1,46,22,24,4,5
nfcorpus,0,PLAIN-2920,dibud,1,118,57,61,5,6
nfcorpus,0,PLAIN-2920,dibud,1,122,59,63,6,7
nfcorpus,0,PLAIN-2920,dibud,1,124,60,64,7,8
nfcorpus,0,PLAIN-2920,dibud,1,136,66,70,8,9
nfcorpus,0,PLAIN-2920,dibud,1,159,77,82,9,10
nfcorpus,0,PLAIN-2920,dibud,1,228,110,118,10,11
nfcorpus,0,PLAIN-2920,dibud,1,270,130,140,11,12
nfcorpus,0,PLAIN-2920,dibud,1,271,131,140,12,13
nfcorpus,0,PLAIN-2920,dibud,1,276,133,143,13,14
nfcorpus,0,PLAIN-2920,dibud,1,293,141,152,14,15
nfcorpus,0,PLAIN-2920,dibud,1,322,155,167,15,16
nfcorpus,0,PLAIN-2920,dibud,1,357,164,193,16,17
nfcorpus,0,PLAIN-2920,dibud,1,489,221,268,17,18
nfcorpus,0,PLAIN-2920,dibud,1,534,240,294,18,19
nfcorpus,0,PLAIN-2920,dibud,1,588,263,325,19,20
nfcorpus,0,PLAIN-2920,dibud,1,683,301,382,20,21
nfcorpus,0,PLAIN-2920,dibud,1,686,304,382,21,22
nfcorpus,0,PLAIN-2920,dibud,1,812,379,433,22,23
nfcorpus,0,PLAIN-2920,dibud,1,1032,475,557,23,24
nfcorpus,0,PLAIN-2920,dibud,1,1061,488,573,24,25
nfcorpus,0,PLAIN-2920,dibud,1,1230,488,742,25,26
nfcorpus,0,PLAIN-2920,dibud,1,1565,488,1077,26,33
nfcorpus,0,PLAIN-2920,dibud,1,1570,493,1077,33,34
nfcorpus,0,PLAIN-2920,dibud,1,1588,511,1077,34,35
nfcorpus,0,PLAIN-2920,dibud,1,1651,574,1077,35,36
nfcorpus,0,PLAIN-2920,dibud,1,1653,576,1077,36,37
nfcorpus,0,PLAIN-2920,dibud,1,1718,641,1077,37,38
nfcorpus,0,PLAIN-2920,dibud,1,2010,933,1077,38,39
nfcorpus,0,PLAIN-2920,dibud,1,2015,938,1077,39,49
nfcorpus,0,PLAIN-2920,dibud,1,2193,1116,1077,49,61
nfcorpus,0,PLAIN-2920,dibud,1,2287,1210,1077,61,63
nfcorpus,0,PLAIN-2920,dibud,1,2637,1560,1077,63,64
nfcorpus,0,PLAIN-2920,dibud,1,2780,1703,1077,64,65
nfcorpus,0,PLAIN-2920,dibud,1,3140,2063,1077,65,100
nfcorpus,0,PLAIN-2920,balanced,1,4,2,2,0,2
nfcorpus,0,PLAIN-2920,balanced,1,18,9,9,2,3
nfcorpus,0,PLAIN-2920,balanced,1,33,17,16,3,4
nfcorpus,0,PLAIN-2920,balanced,1,48,24,24,4,5
nfcorpus,0,PLAIN-2920,balanced,1,122,61,61,5,6
nfcorpus,0,PLAIN-2920,balanced,1,126,63,63,6,7
nfcorpus,0,PLAIN-2920,balanced,1,128,64,64,7,8
nfcorpus,0,PLAIN-2920,balanced,1,140,70,70,8,9
nfcorpus,0,PLAIN-2920,balanced,1,164,82,82,9,10
nfcorpus,0,PLAIN-2920,balanced,1,236,118,118,10,11
nfcorpus,0,PLAIN-2920,balanced,1,280,140,140,11,13
nfcorpus,0,PLAIN-2920,balanced,1,286,143,143,13,14
nfcorpus,0,PLAIN-2920,balanced,1,304,152,152,14,15
nfcorpus,0,PLAIN-2920,balanced,1,334,167,167,15,16
nfcorpus,0,PLAIN-2920,balanced,1,386,193,193,16,17
nfcorpus,0,PLAIN-2920,balanced,1,536,268,268,17,18
nfcorpus,0,PLAIN-2920,balanced,1,588,294,294,18,19
nfcorpus,0,PLAIN-2920,balanced,1,650,325,325,19,20
nfcorpus,0,PLAIN-2920,balanced,1,764,382,382,20,22
nfcorpus,0,PLAIN-2920,balanced,1,866,433,433,22,23
nfcorpus,0,PLAIN-2920,balanced,1,1114,557,557,23,24
nfcorpus,0,PLAIN-2920,balanced,1,1146,573,573,24,25
nfcorpus,0,PLAIN-2920,balanced,1,1484,742,742,25,26
nfcorpus,0,PLAIN-2920,balanced,1,2154,1077,1077,26,49
nfcorpus,0,PLAIN-2920,balanced,1,2193,1116,1077,49,61
nfcorpus,0,PLAIN-2920,balanced,1,2287,1210,1077,61,63
nfcorpus,0,PLAIN-2920,balanced,1,2637,1560,1077,63,64
nfcorpus,0,PLAIN-2920,balanced,1,2780,1703,1077,64,65
nfcorpus,0,PLAIN-2920,balanced,1,3140,2063,1077,65,100
nfcorpus,0,PLAIN-2920,dibud,64,128,64,64,0,8
nfcorpus,0,PLAIN-2920,dibud,64,256,128,128,8,11
nfcorpus,0,PLAIN-2920,dibud,64,384,192,192,11,16
nfcorpus,0,PLAIN-2920,dibud,64,448,192,256,16,17
nfcorpus,0,PLAIN-2920,dibud,64,576,256,320,17,19
nfcorpus,0,PLAIN-2920,dibud,64,704,320,384,19,22
nfcorpus,0,PLAIN-2920,dibud,64,832,384,448,22,23
nfcorpus,0,PLAIN-2920,dibud,64,1088,512,576,23,25
nfcorpus,0,PLAIN-2920,dibud,64,1280,512,768,25,26
nfcorpus,0,PLAIN-2920,dibud,64,1589,512,1077,26,35
nfcorpus,0,PLAIN-2920,dibud,64,1653,576,1077,35,37
nfcorpus,0,PLAIN-2920,dibud,64,1781,704,1077,37,38
nfcorpus,0,PLAIN-2920,dibud,64,2037,960,1077,38,49
nfcorpus,0,PLAIN-2920,dibud,64,2240,1163,1077,49,61
nfcorpus,0,PLAIN-2920,dibud,64,2304,1227,1077,61,63
nfcorpus,0,PLAIN-2920,dibud,64,2688,1611,1077,63,64
nfcorpus,0,PLAIN-2920,dibud,64,2816,1739,1077,64,65
nfcorpus,0,PLAIN-2920,dibud,64,3200,2123,1077,65,100
nfcorpus,0,PLAIN-2920,balanced,64,128,64,64,0,8
nfcorpus,0,PLAIN-2920,balanced,64,256,128,128,8,11
nfcorpus,0,PLAIN-2920,balanced,64,384,192,192,11,16
nfcorpus,0,PLAIN-2920,balanced,64,512,256,256,16,17
nfcorpus,0,PLAIN-2920,balanced,64,640,320,320,17,19
nfcorpus,0,PLAIN-2920,balanced,64,768,384,384,19,22
nfcorpus,0,PLAIN-2920,balanced,64,896,448,448,22,23
nfcorpus,0,PLAIN-2920,balanced,64,1152,576,576,23,25
nfcorpus,0,PLAIN-2920,balanced,64,1536,768,768,25,26
nfcorpus,0,PLAIN-2920,balanced,64,2165,1088,1077,26,49
nfcorpus,0,PLAIN-2920,balanced,64,2229,1152,1077,49,61
nfcorpus,0,PLAIN-2920,balanced,64,2293,1216,1077,61,63
nfcorpus,0,PLAIN-2920,balanced,64,2677,1600,1077,63,64
nfcorpus,0,PLAIN-2920,balanced,64,2805,1728,1077,64,65
nfcorpus,0,PLAIN-2920,balanced,64,3189,2112,1077,65,100
scifact,0,674,dibud,1,4,2,2,0,1
scifact,0,674,dibud,1,19,10,9,1,2
scifact,0,674,dibud,1,21,11,10,2,4
scifact,0,674,dibud,1,27,15,12,4,5
scifact,0,674,dibud,1,37,20,17,5,6
scifact,0,674,dibud,1,41,22,19,6,7
scifact,0,674,dibud,1,58,29,29,7,8
scifact,0,674,dibud,1,59,30,29,8,9
scifact,0,674,dibud,1,73,39,34,9,10
scifact,0,674,dibud,1,81,43,38,10,11
scifact,0,674,dibud,1,94,50,44,11,12
scifact,0,674,dibud,1,95,50,45,12,13
scifact,0,674,dibud,1,96,50,46,13,14
scifact,0,674,dibud,1,99,50,49,14,15
scifact,0,674,dibud,1,100,50,50,15,16
scifact,0,674,dibud,1,103,50,53,16,17
scifact,0,674,dibud,1,136,62,74,17,18
scifact,0,674,dibud,1,212,100,112,18,19
scifact,0,674,dibud,1,215,101,114,19,20
scifact,0,674,dibud,1,217,102,115,20,21
scifact,0,674,dibud,1,222,104,118,21,22
scifact,0,674,dibud,1,225,106,119,22,23
scifact,0,674,dibud,1,227,107,120,23,24
scifact,0,674,dibud,1,245,111,134,24,25
scifact,0,674,dibud,1,255,116,139,25,26
scifact,0,674,dibud,1,256,116,140,26,28
scifact,0,674,dibud,1,299,135,164,28,29
scifact,0,674,dibud,1,304,137,167,29,30
scifact,0,674,dibud,1,320,144,176,30,31
scifact,0,674,dibud,1,335,150,185,31,32
scifact,0,674,dibud,1,338,151,187,32,33
scifact,0,674,dibud,1,364,162,202,33,34
scifact,0,674,dibud,1,367,164,203,34,35
scifact,0,674,dibud,1,390,173,217,35,36
scifact,0,674,dibud,1,391,174,217,36,37
scifact,0,674,dibud,1,411,182,229,37,38
scifact,0,674,dibud,1,414,183,231,38,39
scifact,0,674,dibud,1,426,188,238,39,40
scifact,0,674,dibud,1,436,192,244,40,41
scifact,0,674,dibud,1,450,198,252,41,42
scifact,0,674,dibud,1,463,203,260,42,43
scifact,0,674,dibud,1,477,209,268,43,44
scifact,0,674,dibud,1,540,234,306,44,45
scifact,0,674,dibud,1,557,234,323,45,46
scifact,0,674,dibud,1,567,234,333,46,49
scifact,0,674,dibud,1,614,281,333,49,50
scifact,0,674,dibud,1,621,288,333,50,51
scifact,0,674,dibud,1,624,291,333,51,52
scifact,0,674,dibud,1,683,327,356,52,53
scifact,0,674,dibud,1,735,351,384,53,54
scifact,0,674,dibud,1,772,351,421,54,55
scifact,0,674,dibud,1,814,351,463,55,56
scifact,0,674,dibud,1,852,351,501,56,57
scifact,0,674,dibud,1,861,351,510,57,58
scifact,0,674,dibud,1,867,351,516,58,59
scifact,0,674,dibud,1,877,351,526,59,60
scifact,0,674,dibud,1,1032,351,681,60,61
scifact,0,674,dibud,1,1038,351,687,61,62
scifact,0,674,dibud,1,1141,351,790,62,63
scifact,0,674,dibud,1,1221,351,870,63,64
scifact,0,674,dibud,1,1266,351,915,64,65
scifact,0,674,dibud,1,2214,351,1863,65,66
scifact,0,674,dibud,1,2584,351,2233,66,67
scifact,0,674,dibud,1,3308,351,2957,67,68
scifact,0,674,dibud,1,3630,351,3279,68,69
scifact,0,674,dibud,1,3671,392,3279,69,70
scifact,0,674,dibud,1,3673,394,3279,70,71
scifact,0,674,dibud,1,3688,409,3279,71,72
scifact,0,674,dibud,1,3698,419,3279,72,73
scifact,0,674,dibud,1,3705,426,3279,73,74
scifact,0,674,dibud,1,3736,457,3279,74,75
scifact,0,674,dibud,1,3746,467,3279,75,76
scifact,0,674,dibud,1,3788,509,3279,76,77
scifact,0,674,dibud,1,3813,534,3279,77,78
scifact,0,674,dibud,1,3822,543,3279,78,79
scifact,0,674,dibud,1,3853,574,3279,79,80
scifact,0,674,dibud,1,3880,601,3279,80,81
scifact,0,674,dibud,1,3889,610,3279,81,82
scifact,0,674,dibud,1,4033,754,3279,82,83
scifact,0,674,dibud,1,4123,844,3279,83,84
scifact,0,674,dibud,1,4216,937,3279,84,100
scifact,0,674,balanced,1,4,2,2,0,1
scifact,0,674,balanced,1,19,10,9,1,2
scifact,0,674,balanced,1,21,11,10,2,4
scifact,0,674,balanced,1,29,15,14,4,5
scifact,0,674,balanced,1,39,20,19,5,6
scifact,0,674,balanced,1,43,22,21,6,7
scifact,0,674,balanced,1,58,29,29,7,8
scifact,0,674,balanced,1,59,30,29,8,9
scifact,0,674,balanced,1,77,39,38,9,10
scifact,0,674,balanced,1,85,43,42,10,11
scifact,0,674,balanced,1,99,50,49,11,15
scifact,0,674,balanced,1,100,50,50,15,16
scifact,0,674,balanced,1,106,53,53,16,17
scifact,0,674,balanced,1,148,74,74,17,18
scifact,0,674,balanced,1,224,112,112,18,19
scifact,0,674,balanced,1,228,114,114,19,20
scifact,0,674,balanced,1,230,115,115,20,21
scifact,0,674,balanced,1,236,118,118,21,22
scifact,0,674,balanced,1,238,119,119,22,23
scifact,0,674,balanced,1,240,120,120,23,24
scifact,0,674,balanced,1,268,134,134,24,25
scifact,0,674,balanced,1,278,139,139,25,26
scifact,0,674,balanced,1,280,140,140,26,28
scifact,0,674,balanced,1,328,164,164,28,29
scifact,0,674,balanced,1,334,167,167,29,30
scifact,0,674,balanced,1,352,176,176,30,31
scifact,0,674,balanced,1,370,185,185,31,32
scifact,0,674,balanced,1,374,187,187,32,33
scifact,0,674,balanced,1,404,202,202,33,34
scifact,0,674,balanced,1,406,203,203,34,35
scifact,0,674,balanced,1,434,217,217,35,37
scifact,0,674,balanced,1,458,229,229,37,38
scifact,0,674,balanced,1,462,231,231,38,39
scifact,0,674,balanced,1,476,238,238,39,40
scifact,0,674,balanced,1,488,244,244,40,41
scifact,0,674,balanced,1,504,252,252,41,42
scifact,0,674,balanced,1,520,260,260,42,43
scifact,0,674,balanced,1,536,268,268,43,44
scifact,0,674,balanced,1,612,306,306,44,45
scifact,0,674,balanced,1,646,323,323,45,46
scifact,0,674,balanced,1,666,333,333,46,52
scifact,0,674,balanced,1,712,356,356,52,53
scifact,0,674,balanced,1,768,384,384,53,54
scifact,0,674,balanced,1,842,421,421,54,55
scifact,0,674,balanced,1,926,463,463,55,56
scifact,0,674,balanced,1,1002,501,501,56,57
scifact,0,674,balanced,1,1020,510,510,57,58
scifact,0,674,balanced,1,1032,516,516,58,59
scifact,0,674,balanced,1,1052,526,526,59,60
scifact,0,674,balanced,1,1362,681,681,60,61
scifact,0,674,balanced,1,1374,687,687,61,62
scifact,0,674,balanced,1,1580,790,790,62,63
scifact,0,674,balanced,1,1740,870,870,63,64
scifact,0,674,balanced,1,1830,915,915,64,65
scifact,0,674,balanced,1,3726,1863,1863,65,66
scifact,0,674,balanced,1,4466,2233,2233,66,67
scifact,0,674,balanced,1,5914,2957,2957,67,68
scifact,0,674,balanced,1,6558,3279,3279,68,100
scifact,0,674,dibud,64,128,64,64,0,17
scifact,0,674,dibud,64,192,64,128,17,18
scifact,0,674,dibud,64,256,128,128,18,24
scifact,0,674,dibud,64,320,128,192,24,28
scifact,0,674,dibud,64,384,192,192,28,33
scifact,0,674,dibud,64,448,192,256,33,41
scifact,0,674,dibud,64,512,256,256,41,42
scifact,0,674,dibud,64,576,256,320,42,45
scifact,0,674,dibud,64,640,256,384,45,49
scifact,0,674,dibud,64,704,320,384,49,52
scifact,0,674,dibud,64,768,384,384,52,54
scifact,0,674,dibud,64,832,384,448,54,55
scifact,0,674,dibud,64,896,384,512,55,58
scifact,0,674,dibud,64,960,384,576,58,60
scifact,0,674,dibud,64,1088,384,704,60,62
scifact,0,674,dibud,64,1216,384,832,62,63
scifact,0,674,dibud,64,1280,384,896,63,64
scifact,0,674,dibud,64,1344,384,960,64,65
scifact,0,674,dibud,64,2304,384,1920,65,66
scifact,0,674,dibud,64,2624,384,2240,66,67
scifact,0,674,dibud,64,3392,384,3008,67,68
scifact,0,674,dibud,64,3663,384,3279,68,69
scifact,0,674,dibud,64,3727,448,3279,69,74
scifact,0,674,dibud,64,3791,512,3279,74,77
scifact,0,674,dibud,64,3855,576,3279,77,80
scifact,0,674,dibud,64,3919,640,3279,80,82
scifact,0,674,dibud,64,4047,768,3279,82,83
scifact,0,674,dibud,64,4160,881,3279,83,84
scifact,0,674,dibud,64,4224,945,3279,84,100
scifact,0,674,balanced,64,128,64,64,0,17
scifact,0,674,balanced,64,256,128,128,17,24
scifact,0,674,balanced,64,384,192,192,24,33
scifact,0,674,balanced,64,512,256,256,33,42
scifact,0,674,balanced,64,640,320,320,42,45
scifact,0,674,balanced,64,768,384,384,45,54
scifact,0,674,balanced,64,896,448,448,54,55
scifact,0,674,balanced,64,1024,512,512,55,58
scifact,0,674,balanced,64,1152,576,576,58,60
scifact,0,674,balanced,64,1408,704,704,60,62
scifact,0,674,balanced,64,1664,832,832,62,63
scifact,0,674,balanced,64,1792,896,896,63,64
scifact,0,674,balanced,64,1920,960,960,64,65
scifact,0,674,balanced,64,3840,1920,1920,65,66
scifact,0,674,balanced,64,4480,2240,2240,66,67
scifact,0,674,balanced,64,6016,3008,3008,67,68
scifact,0,674,balanced,64,6607,3328,3279,68,100
scifact,0,1150,dibud,1,2,1,1,0,1
scifact,0,1150,dibud,1,8,4,4,1,2
scifact,0,1150,dibud,1,26,13,13,2,3
scifact,0,1150,dibud,1,33,15,18,3,4
scifact,0,1150,dibud,1,40,18,22,4,5
scifact,0,1150,dibud,1,41,19,22,5,6
scifact,0,1150,dibud,1,43,21,22,6,7
scifact,0,1150,dibud,1,66,33,33,7,8
scifact,0,1150,dibud,1,76,38,38,8,9
scifact,0,1150,dibud,1,78,39,39,9,10
scifact,0,1150,dibud,1,84,42,42,10,11
scifact,0,1150,dibud,1,100,50,50,11,12
scifact,0,1150,dibud,1,132,66,66,12,13
scifact,0,1150,dibud,1,136,68,68,13,14
scifact,0,1150,dibud,1,152,76,76,14,15
scifact,0,1150,dibud,1,178,89,89,15,16
scifact,0,1150,dibud,1,194,97,97,16,17
scifact,0,1150,dibud,1,202,101,101,17,18
scifact,0,1150,dibud,1,222,111,111,18,19
scifact,0,1150,dibud,1,234,117,117,19,20
scifact,0,1150,dibud,1,256,128,128,20,21
scifact,0,1150,dibud,1,302,151,151,21,22
scifact,0,1150,dibud,1,332,166,166,22,23
scifact,0,1150,dibud,1,346,173,173,23,24
scifact,0,1150,dibud,1,498,249,249,24,25
scifact,0,1150,dibud,1,564,282,282,25,26
scifact,0,1150,dibud,1,630,315,315,26,27
scifact,0,1150,dibud,1,700,350,350,27,28
scifact,0,1150,dibud,1,724,362,362,28,29
scifact,0,1150,dibud,1,737,362,375,29,30
scifact,0,1150,dibud,1,953,362,591,30,31
scifact,0,1150,dibud,1,1206,412,794,31,32
scifact,0,1150,dibud,1,2537,628,1909,32,33
scifact,0,1150,dibud,1,2609,628,1981,33,34
scifact,0,1150,dibud,1,2792,628,2164,34,35
scifact,0,1150,dibud,1,3839,632,3207,35,36
scifact,0,1150,dibud,1,3906,699,3207,36,37
scifact,0,1150,dibud,1,4004,797,3207,37,38
scifact,0,1150,dibud,1,4026,819,3207,38,39
scifact,0,1150,dibud,1,4265,1058,3207,39,40
scifact,0,1150,dibud,1,4733,1526,3207,40,41
scifact,0,1150,dibud,1,5532,2325,3207,41,50
scifact,0,1150,dibud,1,5983,2776,3207,50,70
scifact,0,1150,dibud,1,6189,2982,3207,70,77
scifact,0,1150,dibud,1,6406,3199,3207,77,78
scifact,0,1150,dibud,1,6772,3565,3207,78,79
scifact,0,1150,dibud,1,7185,3978,3207,79,90
scifact,0,1150,dibud,1,7189,3982,3207,90,100
scifact,0,1150,balanced,1,2,1,1,0,1
scifact,0,1150,balanced,1,8,4,4,1,2
scifact,0,1150,balanced,1,26,13,13,2,3
scifact,0,1150,balanced,1,36,18,18,3,4
scifact,0,1150,balanced,1,44,22,22,4,7
scifact,0,1150,balanced,1,66,33,33,7,8
scifact,0,1150,balanced,1,76,38,38,8,9
scifact,0,1150,balanced,1,78,39,39,9,10
scifact,0,1150,balanced,1,84,42,42,10,11
scifact,0,1150,balanced,1,100,50,50,11,12
scifact,0,1150,balanced,1,132,66,66,12,13
scifact,0,1150,balanced,1,136,68,68,13,14
scifact,0,1150,balanced,1,152,76,76,14,15
scifact,0,1150,balanced,1,178,89,89,15,16
scifact,0,1150,balanced,1,194,97,97,16,17
scifact,0,1150,balanced,1,202,101,101,17,18
scifact,0,1150,balanced,1,222,111,111,18,19
scifact,0,1150,balanced,1,234,117,117,19,20
scifact,0,1150,balanced,1,256,128,128,20,21
scifact,0,1150,balanced,1,302,151,151,21,22
scifact,0,1150,balanced,1,332,166,166,22,23
scifact,0,1150,balanced,1,346,173,173,23,24
scifact,0,1150,balanced,1,498,249,249,24,25
scifact,0,1150,balanced,1,564,282,282,25,26
scifact,0,1150,balanced,1,630,315,315,26,27
scifact,0,1150,balanced,1,700,350,350,27,28
scifact,0,1150,balanced,1,724,362,362,28,29
scifact,0,1150,balanced,1,750,375,375,29,30
scifact,0,1150,balanced,1,1182,591,591,30,31
scifact,0,1150,balanced,1,1588,794,794,31,32
scifact,0,1150,balanced,1,3818,1909,1909,32,33
scifact,0,1150,balanced,1,3962,1981,1981,33,34
scifact,0,1150,balanced,1,4328,2164,2164,34,35
scifact,0,1150,balanced,1,6414,3207,3207,35,78
scifact,0,1150,balanced,1,6772,3565,3207,78,79
scifact,0,1150,balanced,1,7185,3978,3207,79,90
scifact,0,1150,balanced,1,7189,3982,3207,90,100
scifact,0,1150,dibud,64,128,64,64,0,12
scifact,0,1150,dibud,64,256,128,128,12,21
scifact,0,1150,dibud,64,384,192,192,21,24
scifact,0,1150,dibud,64,512,256,256,24,25
scifact,0,1150,dibud,64,640,320,320,25,27
scifact,0,1150,dibud,64,768,384,384,27,30
scifact,0,1150,dibud,64,1024,384,640,30,31
scifact,0,1150,dibud,64,1280,448,832,31,32
scifact,0,1150,dibud,64,2560,640,1920,32,33
scifact,0,1150,dibud,64,2624,640,1984,33,34
scifact,0,1150,dibud,64,2816,640,2176,34,35
scifact,0,1150,dibud,64,3847,640,3207,35,36
scifact,0,1150,dibud,64,3911,704,3207,36,37
scifact,0,1150,dibud,64,4039,832,3207,37,39
scifact,0,1150,dibud,64,4288,1081,3207,39,40
scifact,0,1150,dibud,64,4736,1529,3207,40,41
scifact,0,1150,dibud,64,5568,2361,3207,41,50
scifact,0,1150,dibud,64,6016,2809,3207,50,70
scifact,0,1150,dibud,64,6208,3001,3207,70,77
scifact,0,1150,dibud,64,6464,3257,3207,77,78
scifact,0,1150,dibud,64,6784,3577,3207,78,79
scifact,0,1150,dibud,64,7232,4025,3207,79,100
scifact,0,1150,balanced,64,128,64,64,0,12
scifact,0,1150,balanced,64,256,128,128,12,21
scifact,0,1150,balanced,64,384,192,192,21,24
scifact,0,1150,balanced,64,512,256,256,24,25
scifact,0,1150,balanced,64,640,320,320,25,27
scifact,0,1150,balanced,64,768,384,384,27,30
scifact,0,1150,balanced,64,1280,640,640,30,31
scifact,0,1150,balanced,64,1664,832,832,31,32
scifact,0,1150,balanced,64,3840,1920,1920,32,33
scifact,0,1150,balanced,64,3968,1984,1984,33,34
scifact,0,1150,balanced,64,4352,2176,2176,34,35
scifact,0,1150,balanced,64,6471,3264,3207,35,78
scifact,0,1150,balanced,64,6791,3584,3207,78,79
scifact,0,1150,balanced,64,7239,4032,3207,79,100
trec-covid,0,8,dibud,1,26,13,13,0,1
trec-covid,0,8,dibud,1,42,21,21,1,2
trec-covid,0,8,dibud,1,320,160,160,2,3
trec-covid,0,8,dibud,1,410,205,205,3,4
trec-covid,0,8,dibud,1,458,229,229,4,5
trec-covid,0,8,dibud,1,478,229,249,5,6
trec-covid,0,8,dibud,1,547,258,289,6,7
trec-covid,0,8,dibud,1,590,278,312,7,8
trec-covid,0,8,dibud,1,622,292,330,8,9
trec-covid,0,8,dibud,1,652,306,346,9,10
trec-covid,0,8,dibud,1,1152,521,631,10,11
trec-covid,0,8,dibud,1,1708,742,966,11,12
trec-covid,0,8,dibud,1,3893,742,3151,12,13
trec-covid,0,8,dibud,1,3902,751,3151,13,14
trec-covid,0,8,dibud,1,3963,812,3151,14,15
trec-covid,0,8,dibud,1,4017,866,3151,15,16
trec-covid,0,8,dibud,1,4120,969,3151,16,17
trec-covid,0,8,balanced,1,26,13,13,0,1
trec-covid,0,8,balanced,1,42,21,21,1,2
trec-covid,0,8,balanced,1,320,160,160,2,3
trec-covid,0,8,balanced,1,410,205,205,3,4
trec-covid,0,8,balanced,1,458,229,229,4,5
trec-covid,0,8,balanced,1,498,249,249,5,6
trec-covid,0,8,balanced,1,578,289,289,6,7
trec-covid,0,8,balanced,1,624,312,312,7,8
trec-covid,0,8,balanced,1,660,330,330,8,9
trec-covid,0,8,balanced,1,692,346,346,9,10
trec-covid,0,8,balanced,1,1262,631,631,10,11
trec-covid,0,8,balanced,1,1932,966,966,11,12
trec-covid,0,8,balanced,1,6302,3151,3151,12,17
trec-covid,0,8,dibud,64,128,64,64,0,2
trec-covid,0,8,dibud,64,384,192,192,2,3
trec-covid,0,8,dibud,64,512,256,256,3,6
trec-covid,0,8,dibud,64,640,320,320,6,8
trec-covid,0,8,dibud,64,704,320,384,8,10
trec-covid,0,8,dibud,64,1216,576,640,10,11
trec-covid,0,8,dibud,64,1792,768,1024,11,12
trec-covid,0,8,dibud,64,3968,768,3200,12,14
trec-covid,0,8,dibud,64,4032,832,3200,14,15
trec-covid,0,8,dibud,64,4096,896,3200,15,16
trec-covid,0,8,dibud,64,4224,1024,3200,16,17
trec-covid,0,8,balanced,64,128,64,64,0,2
trec-covid,0,8,balanced,64,384,192,192,2,3
trec-covid,0,8,balanced,64,512,256,256,3,6
trec-covid,0,8,balanced,64,640,320,320,6,8
trec-covid,0,8,balanced,64,768,384,384,8,10
trec-covid,0,8,balanced,64,1280,640,640,10,11
trec-covid,0,8,balanced,64,2048,1024,1024,11,12
trec-covid,0,8,balanced,64,6400,3200,3200,12,17
trec-covid,0,34,dibud,1,26,13,13,0,1
trec-covid,0,34,dibud,1,86,43,43,1,2
trec-covid,0,34,dibud,1,88,44,44,2,3
trec-covid,0,34,dibud,1,120,60,60,3,4
trec-covid,0,34,dibud,1,164,82,82,4,5
trec-covid,0,34,dibud,1,262,131,131,5,6
trec-covid,0,34,dibud,1,874,437,437,6,7
trec-covid,0,34,dibud,1,2226,1113,1113,7,8
trec-covid,0,34,dibud,1,2447,1223,1224,8,9
trec-covid,0,34,dibud,1,3138,1914,1224,9,10
trec-covid,0,34,dibud,1,4744,3520,1224,10,11
trec-covid,0,34,dibud,1,5129,3905,1224,11,12
trec-covid,0,34,dibud,1,5705,3905,1800,12,13
trec-covid,0,34,balanced,1,26,13,13,0,1
trec-covid,0,34,balanced,1,86,43,43,1,2
trec-covid,0,34,balanced,1,88,44,44,2,3
trec-covid,0,34,balanced,1,120,60,60,3,4
trec-covid,0,34,balanced,1,164,82,82,4,5
trec-covid,0,34,balanced,1,262,131,131,5,6
trec-covid,0,34,balanced,1,874,437,437,6,7
trec-covid,0,34,balanced,1,2226,1113,1113,7,8
trec-covid,0,34,balanced,1,2448,1224,1224,8,9
trec-covid,0,34,balanced,1,3827,1914,1913,9,10
trec-covid,0,34,balanced,1,7039,3520,3519,10,11
trec-covid,0,34,balanced,1,7809,3905,3904,11,13
trec-covid,0,34,dibud,64,128,64,64,0,4
trec-covid,0,34,dibud,64,256,128,128,4,5
trec-covid,0,34,dibud,64,384,192,192,5,6
trec-covid,0,34,dibud,64,896,448,448,6,7
trec-covid,0,34,dibud,64,2304,1152,1152,7,8
trec-covid,0,34,dibud,64,2560,1280,1280,8,9
trec-covid,0,34,dibud,64,3200,1920,1280,9,10
trec-covid,0,34,dibud,64,4800,3520,1280,10,11
trec-covid,0,34,dibud,64,5248,3968,1280,11,12
trec-covid,0,34,dibud,64,5824,3968,1856,12,13
trec-covid,0,34,balanced,64,128,64,64,0,4
trec-covid,0,34,balanced,64,256,128,128,4,5
trec-covid,0,34,balanced,64,384,192,192,5,6
trec-covid,0,34,balanced,64,896,448,448,6,7
trec-covid,0,34,balanced,64,2304,1152,1152,7,8
trec-covid,0,34,balanced,64,2560,1280,1280,8,9
trec-covid,0,34,balanced,64,3776,1920,1856,9,10
trec-covid,0,34,balanced,64,6976,3520,3456,10,11
trec-covid,0,34,balanced,64,7872,3968,3904,11,13
trec-covid-chrono-r1,1,7,dibud,1,16,8,8,0,1
trec-covid-chrono-r1,1,7,dibud,1,24,12,12,1,2
trec-covid-chrono-r1,1,7,dibud,1,30,15,15,2,3
trec-covid-chrono-r1,1,7,dibud,1,42,21,21,3,4
trec-covid-chrono-r1,1,7,dibud,1,48,24,24,4,5
trec-covid-chrono-r1,1,7,dibud,1,54,24,30,5,6
trec-covid-chrono-r1,1,7,dibud,1,67,29,38,6,7
trec-covid-chrono-r1,1,7,dibud,1,99,45,54,7,8
trec-covid-chrono-r1,1,7,dibud,1,117,53,64,8,9
trec-covid-chrono-r1,1,7,dibud,1,126,57,69,9,10
trec-covid-chrono-r1,1,7,dibud,1,128,59,69,10,11
trec-covid-chrono-r1,1,7,dibud,1,135,66,69,11,12
trec-covid-chrono-r1,1,7,dibud,1,139,70,69,12,13
trec-covid-chrono-r1,1,7,dibud,1,149,79,70,13,14
trec-covid-chrono-r1,1,7,dibud,1,153,81,72,14,15
trec-covid-chrono-r1,1,7,dibud,1,161,85,76,15,16
trec-covid-chrono-r1,1,7,dibud,1,185,98,87,16,17
trec-covid-chrono-r1,1,7,dibud,1,207,110,97,17,18
trec-covid-chrono-r1,1,7,dibud,1,240,128,112,18,19
trec-covid-chrono-r1,1,7,dibud,1,298,159,139,19,20
trec-covid-chrono-r1,1,7,dibud,1,306,164,142,20,21
trec-covid-chrono-r1,1,7,dibud,1,307,164,143,21,22
trec-covid-chrono-r1,1,7,dibud,1,339,188,151,22,23
trec-covid-chrono-r1,1,7,dibud,1,346,188,158,23,24
trec-covid-chrono-r1,1,7,dibud,1,347,188,159,24,26
trec-covid-chrono-r1,1,7,dibud,1,365,196,169,26,27
trec-covid-chrono-r1,1,7,dibud,1,369,198,171,27,28
trec-covid-chrono-r1,1,7,dibud,1,383,206,177,28,29
trec-covid-chrono-r1,1,7,dibud,1,488,265,223,29,30
trec-covid-chrono-r1,1,7,dibud,1,519,283,236,30,31
trec-covid-chrono-r1,1,7,dibud,1,679,376,303,31,32
trec-covid-chrono-r1,1,7,dibud,1,711,395,316,32,33
trec-covid-chrono-r1,1,7,dibud,1,762,425,337,33,34
trec-covid-chrono-r1,1,7,dibud,1,778,435,343,34,35
trec-covid-chrono-r1,1,7,dibud,1,869,490,379,35,36
trec-covid-chrono-r1,1,7,dibud,1,899,508,391,36,37
trec-covid-chrono-r1,1,7,dibud,1,983,560,423,37,38
trec-covid-chrono-r1,1,7,dibud,1,991,565,426,38,39
trec-covid-chrono-r1,1,7,dibud,1,1044,598,446,39,40
trec-covid-chrono-r1,1,7,dibud,1,1074,617,457,40,41
trec-covid-chrono-r1,1,7,dibud,1,1288,755,533,41,42
trec-covid-chrono-r1,1,7,dibud,1,1293,758,535,42,43
trec-covid-chrono-r1,1,7,dibud,1,1301,763,538,43,44
trec-covid-chrono-r1,1,7,dibud,1,1413,837,576,44,45
trec-covid-chrono-r1,1,7,dibud,1,1704,1035,669,45,46
trec-covid-chrono-r1,1,7,dibud,1,2095,1313,782,46,47
trec-covid-chrono-r1,1,7,dibud,1,2193,1384,809,47,48
trec-covid-chrono-r1,1,7,dibud,1,2457,1648,809,48,49
trec-covid-chrono-r1,1,7,dibud,1,2495,1686,809,49,50
trec-covid-chrono-r1,1,7,dibud,1,2808,1999,809,50,52
trec-covid-chrono-r1,1,7,dibud,1,2825,1999,826,52,53
trec-covid-chrono-r1,1,7,dibud,1,3090,1999,1091,53,54
trec-covid-chrono-r1,1,7,dibud,1,3181,1999,1182,54,55
trec-covid-chrono-r1,1,7,dibud,1,3241,1999,1242,55,62
trec-covid-chrono-r1,1,7,dibud,1,4463,1999,2464,62,63
trec-covid-chrono-r1,1,7,dibud,1,5298,1999,3299,63,98
trec-covid-chrono-r1,1,7,dibud,1,5697,2398,3299,98,99
trec-covid-chrono-r1,1,7,dibud,1,6335,3036,3299,99,100
trec-covid-chrono-r1,1,7,balanced,1,16,8,8,0,1
trec-covid-chrono-r1,1,7,balanced,1,24,12,12,1,2
trec-covid-chrono-r1,1,7,balanced,1,30,15,15,2,3
trec-covid-chrono-r1,1,7,balanced,1,42,21,21,3,4
trec-covid-chrono-r1,1,7,balanced,1,48,24,24,4,5
trec-covid-chrono-r1,1,7,balanced,1,60,30,30,5,6
trec-covid-chrono-r1,1,7,balanced,1,76,38,38,6,7
trec-covid-chrono-r1,1,7,balanced,1,108,54,54,7,8
trec-covid-chrono-r1,1,7,balanced,1,128,64,64,8,9
trec-covid-chrono-r1,1,7,balanced,1,138,69,69,9,12
trec-covid-chrono-r1,1,7,balanced,1,139,70,69,12,13
trec-covid-chrono-r1,1,7,balanced,1,157,79,78,13,14
trec-covid-chrono-r1,1,7,balanced,1,161,81,80,14,15
trec-covid-chrono-r1,1,7,balanced,1,169,85,84,15,16
trec-covid-chrono-r1,1,7,balanced,1,195,98,97,16,17
trec-covid-chrono-r1,1,7,balanced,1,219,110,109,17,18
trec-covid-chrono-r1,1,7,balanced,1,255,128,127,18,19
trec-covid-chrono-r1,1,7,balanced,1,317,159,158,19,20
trec-covid-chrono-r1,1,7,balanced,1,327,164,163,20,22
trec-covid-chrono-r1,1,7,balanced,1,375,188,187,22,26
trec-covid-chrono-r1,1,7,balanced,1,391,196,195,26,27
trec-covid-chrono-r1,1,7,balanced,1,395,198,197,27,28
trec-covid-chrono-r1,1,7,balanced,1,411,206,205,28,29
trec-covid-chrono-r1,1,7,balanced,1,529,265,264,29,30
trec-covid-chrono-r1,1,7,balanced,1,565,283,282,30,31
trec-covid-chrono-r1,1,7,balanced,1,751,376,375,31,32
trec-covid-chrono-r1,1,7,balanced,1,789,395,394,32,33
trec-covid-chrono-r1,1,7,balanced,1,849,425,424,33,34
trec-covid-chrono-r1,1,7,balanced,1,869,435,434,34,35
trec-covid-chrono-r1,1,7,balanced,1,979,490,489,35,36
trec-covid-chrono-r1,1,7,balanced,1,1015,508,507,36,37
trec-covid-chrono-r1,1,7,balanced,1,1119,560,559,37,38
trec-covid-chrono-r1,1,7,balanced,1,1129,565,564,38,39
trec-covid-chrono-r1,1,7,balanced,1,1195,598,597,39,40
trec-covid-chrono-r1,1,7,balanced,1,1233,617,616,40,41
trec-covid-chrono-r1,1,7,balanced,1,1509,755,754,41,42
trec-covid-chrono-r1,1,7,balanced,1,1515,758,757,42,43
trec-covid-chrono-r1,1,7,balanced,1,1525,763,762,43,44
trec-covid-chrono-r1,1,7,balanced,1,1673,837,836,44,45
trec-covid-chrono-r1,1,7,balanced,1,2069,1035,1034,45,46
trec-covid-chrono-r1,1,7,balanced,1,2625,1313,1312,46,47
trec-covid-chrono-r1,1,7,balanced,1,2767,1384,1383,47,48
trec-covid-chrono-r1,1,7,balanced,1,3295,1648,1647,48,49
trec-covid-chrono-r1,1,7,balanced,1,3371,1686,1685,49,50
trec-covid-chrono-r1,1,7,balanced,1,3997,1999,1998,50,62
trec-covid-chrono-r1,1,7,balanced,1,4928,2464,2464,62,63
trec-covid-chrono-r1,1,7,balanced,1,6598,3299,3299,63,100
trec-covid-chrono-r1,1,7,dibud,64,128,64,64,0,9
trec-covid-chrono-r1,1,7,dibud,64,192,64,128,9,11
trec-covid-chrono-r1,1,7,dibud,64,256,128,128,11,19
trec-covid-chrono-r1,1,7,dibud,64,384,192,192,19,26
trec-covid-chrono-r1,1,7,dibud,64,448,256,192,26,29
trec-covid-chrono-r1,1,7,dibud,64,576,320,256,29,31
trec-covid-chrono-r1,1,7,dibud,64,704,384,320,31,32
trec-covid-chrono-r1,1,7,dibud,64,768,448,320,32,33
trec-covid-chrono-r1,1,7,dibud,64,832,448,384,33,35
trec-covid-chrono-r1,1,7,dibud,64,896,512,384,35,36
trec-covid-chrono-r1,1,7,dibud,64,960,512,448,36,37
trec-covid-chrono-r1,1,7,dibud,64,1024,576,448,37,39
trec-covid-chrono-r1,1,7,dibud,64,1088,640,448,39,40
trec-covid-chrono-r1,1,7,dibud,64,1152,640,512,40,41
trec-covid-chrono-r1,1,7,dibud,64,1344,768,576,41,44
trec-covid-chrono-r1,1,7,dibud,64,1472,896,576,44,45
trec-covid-chrono-r1,1,7,dibud,64,1792,1088,704,45,46
trec-covid-chrono-r1,1,7,dibud,64,2176,1344,832,46,47
trec-covid-chrono-r1,1,7,dibud,64,2240,1408,832,47,48
trec-covid-chrono-r1,1,7,dibud,64,2496,1664,832,48,49
trec-covid-chrono-r1,1,7,dibud,64,2560,1728,832,49,50
trec-covid-chrono-r1,1,7,dibud,64,2880,2048,832,50,53
trec-covid-chrono-r1,1,7,dibud,64,3200,2048,1152,53,54
trec-covid-chrono-r1,1,7,dibud,64,3264,2048,1216,54,55
trec-covid-chrono-r1,1,7,dibud,64,3328,2048,1280,55,62
trec-covid-chrono-r1,1,7,dibud,64,4544,2048,2496,62,63
trec-covid-chrono-r1,1,7,dibud,64,5376,2048,3328,63,98
trec-covid-chrono-r1,1,7,dibud,64,5760,2432,3328,98,99
trec-covid-chrono-r1,1,7,dibud,64,6400,3072,3328,99,100
trec-covid-chrono-r1,1,7,balanced,64,128,64,64,0,9
trec-covid-chrono-r1,1,7,balanced,64,256,128,128,9,19
trec-covid-chrono-r1,1,7,balanced,64,384,192,192,19,26
trec-covid-chrono-r1,1,7,balanced,64,448,256,192,26,29
trec-covid-chrono-r1,1,7,balanced,64,576,320,256,29,31
trec-covid-chrono-r1,1,7,balanced,64,704,384,320,31,32
trec-covid-chrono-r1,1,7,balanced,64,832,448,384,32,35
trec-covid-chrono-r1,1,7,balanced,64,960,512,448,35,37
trec-covid-chrono-r1,1,7,balanced,64,1088,576,512,37,39
trec-covid-chrono-r1,1,7,balanced,64,1216,640,576,39,41
trec-covid-chrono-r1,1,7,balanced,64,1472,768,704,41,44
trec-covid-chrono-r1,1,7,balanced,64,1728,896,832,44,45
trec-covid-chrono-r1,1,7,balanced,64,2112,1088,1024,45,46
trec-covid-chrono-r1,1,7,balanced,64,2624,1344,1280,46,47
trec-covid-chrono-r1,1,7,balanced,64,2752,1408,1344,47,48
trec-covid-chrono-r1,1,7,balanced,64,3264,1664,1600,48,49
trec-covid-chrono-r1,1,7,balanced,64,3392,1728,1664,49,50
trec-covid-chrono-r1,1,7,balanced,64,4032,2048,1984,50,62
trec-covid-chrono-r1,1,7,balanced,64,4992,2496,2496,62,63
trec-covid-chrono-r1,1,7,balanced,64,6656,3328,3328,63,100
trec-covid-chrono-r1,1,17,dibud,1,8,4,4,0,1
trec-covid-chrono-r1,1,17,dibud,1,11,5,6,1,2
trec-covid-chrono-r1,1,17,dibud,1,66,32,34,2,4
trec-covid-chrono-r1,1,17,dibud,1,77,37,40,4,5
trec-covid-chrono-r1,1,17,dibud,1,97,47,50,5,6
trec-covid-chrono-r1,1,17,dibud,1,108,52,56,6,7
trec-covid-chrono-r1,1,17,dibud,1,112,54,58,7,8
trec-covid-chrono-r1,1,17,dibud,1,142,69,73,8,9
trec-covid-chrono-r1,1,17,dibud,1,145,70,75,9,10
trec-covid-chrono-r1,1,17,dibud,1,203,98,105,10,11
trec-covid-chrono-r1,1,17,dibud,1,247,119,128,11,12
trec-covid-chrono-r1,1,17,dibud,1,251,121,130,12,13
trec-covid-chrono-r1,1,17,dibud,1,258,124,134,13,14
trec-covid-chrono-r1,1,17,dibud,1,270,130,140,14,15
trec-covid-chrono-r1,1,17,dibud,1,291,140,151,15,16
trec-covid-chrono-r1,1,17,dibud,1,358,171,187,16,17
trec-covid-chrono-r1,1,17,dibud,1,381,182,199,17,18
trec-covid-chrono-r1,1,17,dibud,1,390,186,204,18,19
trec-covid-chrono-r1,1,17,dibud,1,476,226,250,19,20
trec-covid-chrono-r1,1,17,dibud,1,487,231,256,20,21
trec-covid-chrono-r1,1,17,dibud,1,488,231,257,21,22
trec-covid-chrono-r1,1,17,dibud,1,549,292,257,22,23
trec-covid-chrono-r1,1,17,dibud,1,1408,964,444,23,24
trec-covid-chrono-r1,1,17,dibud,1,2083,1532,551,24,25
trec-covid-chrono-r1,1,17,dibud,1,5756,4987,769,25,26
trec-covid-chrono-r1,1,17,balanced,1,7,4,3,0,1
trec-covid-chrono-r1,1,17,balanced,1,12,6,6,1,2
trec-covid-chrono-r1,1,17,balanced,1,68,34,34,2,4
trec-covid-chrono-r1,1,17,balanced,1,80,40,40,4,5
trec-covid-chrono-r1,1,17,balanced,1,100,50,50,5,6
trec-covid-chrono-r1,1,17,balanced,1,112,56,56,6,7
trec-covid-chrono-r1,1,17,balanced,1,116,58,58,7,8
trec-covid-chrono-r1,1,17,balanced,1,146,73,73,8,9
trec-covid-chrono-r1,1,17,balanced,1,150,75,75,9,10
trec-covid-chrono-r1,1,17,balanced,1,210,105,105,10,11
trec-covid-chrono-r1,1,17,balanced,1,256,128,128,11,12
trec-covid-chrono-r1,1,17,balanced,1,260,130,130,12,13
trec-covid-chrono-r1,1,17,balanced,1,268,134,134,13,14
trec-covid-chrono-r1,1,17,balanced,1,280,140,140,14,15
trec-covid-chrono-r1,1,17,balanced,1,302,151,151,15,16
trec-covid-chrono-r1,1,17,balanced,1,374,187,187,16,17
trec-covid-chrono-r1,1,17,balanced,1,398,199,199,17,18
trec-covid-chrono-r1,1,17,balanced,1,408,204,204,18,19
trec-covid-chrono-r1,1,17,balanced,1,500,250,250,19,20
trec-covid-chrono-r1,1,17,balanced,1,512,256,256,20,21
trec-covid-chrono-r1,1,17,balanced,1,514,257,257,21,22
trec-covid-chrono-r1,1,17,balanced,1,583,292,291,22,23
trec-covid-chrono-r1,1,17,balanced,1,1927,964,963,23,24
trec-covid-chrono-r1,1,17,balanced,1,3063,1532,1531,24,25
trec-covid-chrono-r1,1,17,balanced,1,9973,4987,4986,25,26
trec-covid-chrono-r1,1,17,dibud,64,128,64,64,0,8
trec-covid-chrono-r1,1,17,dibud,64,256,128,128,8,12
trec-covid-chrono-r1,1,17,dibud,64,320,128,192,12,14
trec-covid-chrono-r1,1,17,dibud,64,384,192,192,14,17
trec-covid-chrono-r1,1,17,dibud,64,448,192,256,17,19
trec-covid-chrono-r1,1,17,dibud,64,512,256,256,19,21
trec-covid-chrono-r1,1,17,dibud,64,576,256,320,21,22
trec-covid-chrono-r1,1,17,dibud,64,640,320,320,22,23
trec-covid-chrono-r1,1,17,dibud,64,1472,1024,448,23,24
trec-covid-chrono-r1,1,17,dibud,64,2112,1536,576,24,25
trec-covid-chrono-r1,1,17,dibud,64,5824,4992,832,25,26
trec-covid-chrono-r1,1,17,balanced,64,128,64,64,0,8
trec-covid-chrono-r1,1,17,balanced,64,256,128,128,8,12
trec-covid-chrono-r1,1,17,balanced,64,384,192,192,12,17
trec-covid-chrono-r1,1,17,balanced,64,512,256,256,17,21
trec-covid-chrono-r1,1,17,balanced,64,640,320,320,21,23
trec-covid-chrono-r1,1,17,balanced,64,1984,1024,960,23,24
trec-covid-chrono-r1,1,17,balanced,64,3008,1536,1472,24,25
trec-covid-chrono-r1,1,17,balanced,64,9920,4992,4928,25,26
trec-covid-chrono-r2,2,15,dibud,1,2,1,1,0,1
trec-covid-chrono-r2,2,15,dibud,1,494,247,247,1,2
trec-covid-chrono-r2,2,15,dibud,1,1873,937,936,2,3
trec-covid-chrono-r2,2,15,dibud,1,2081,937,1144,3,4
trec-covid-chrono-r2,2,15,dibud,1,6545,2014,4531,4,5
trec-covid-chrono-r2,2,15,balanced,1,2,1,1,0,1
trec-covid-chrono-r2,2,15,balanced,1,494,247,247,1,2
trec-covid-chrono-r2,2,15,balanced,1,1873,937,936,2,3
trec-covid-chrono-r2,2,15,balanced,1,2288,1144,1144,3,4
trec-covid-chrono-r2,2,15,balanced,1,9062,4531,4531,4,5
trec-covid-chrono-r2,2,15,dibud,64,128,64,64,0,1
trec-covid-chrono-r2,2,15,dibud,64,512,256,256,1,2
trec-covid-chrono-r2,2,15,dibud,64,1920,960,960,2,3
trec-covid-chrono-r2,2,15,dibud,64,2112,960,1152,3,4
trec-covid-chrono-r2,2,15,dibud,64,6592,2048,4544,4,5
trec-covid-chrono-r2,2,15,balanced,64,128,64,64,0,1
trec-covid-chrono-r2,2,15,balanced,64,512,256,256,1,2
trec-covid-chrono-r2,2,15,balanced,64,1920,960,960,2,3
trec-covid-chrono-r2,2,15,balanced,64,2304,1152,1152,3,4
trec-covid-chrono-r2,2,15,balanced,64,9088,4544,4544,4,5
trec-covid-chrono-r2,2,3,dibud,1,44,22,22,0,1
trec-covid-chrono-r2,2,3,dibud,1,49,24,25,1,2
trec-covid-chrono-r2,2,3,dibud,1,91,44,47,2,3
trec-covid-chrono-r2,2,3,dibud,1,107,52,55,3,4
trec-covid-chrono-r2,2,3,dibud,1,129,62,67,4,5
trec-covid-chrono-r2,2,3,dibud,1,131,64,67,5,6
trec-covid-chrono-r2,2,3,dibud,1,156,78,78,6,7
trec-covid-chrono-r2,2,3,dibud,1,178,89,89,7,8
trec-covid-chrono-r2,2,3,dibud,1,246,123,123,8,9
trec-covid-chrono-r2,2,3,dibud,1,358,179,179,9,10
trec-covid-chrono-r2,2,3,dibud,1,448,224,224,10,11
trec-covid-chrono-r2,2,3,dibud,1,452,228,224,11,12
trec-covid-chrono-r2,2,3,dibud,1,552,328,224,12,13
trec-covid-chrono-r2,2,3,dibud,1,800,522,278,13,14
trec-covid-chrono-r2,2,3,dibud,1,812,531,281,14,15
trec-covid-chrono-r2,2,3,dibud,1,859,566,293,15,16
trec-covid-chrono-r2,2,3,dibud,1,922,615,307,16,17
trec-covid-chrono-r2,2,3,dibud,1,1252,878,374,17,18
trec-covid-chrono-r2,2,3,dibud,1,1318,933,385,18,19
trec-covid-chrono-r2,2,3,dibud,1,1594,1167,427,19,20
trec-covid-chrono-r2,2,3,dibud,1,2203,1709,494,20,21
trec-covid-chrono-r2,2,3,dibud,1,2258,1709,549,21,22
trec-covid-chrono-r2,2,3,dibud,1,2399,1709,690,22,23
trec-covid-chrono-r2,2,3,dibud,1,2635,1885,750,23,24
trec-covid-chrono-r2,2,3,dibud,1,3539,2678,861,24,25
trec-covid-chrono-r2,2,3,dibud,1,3542,2678,864,25,26
trec-covid-chrono-r2,2,3,dibud,1,3562,2678,884,26,27
trec-covid-chrono-r2,2,3,dibud,1,3680,2678,1002,27,28
trec-covid-chrono-r2,2,3,dibud,1,3895,2749,1146,28,29
trec-covid-chrono-r2,2,3,balanced,1,44,22,22,0,1
trec-covid-chrono-r2,2,3,balanced,1,47,24,23,1,2
trec-covid-chrono-r2,2,3,balanced,1,94,47,47,2,3
trec-covid-chrono-r2,2,3,balanced,1,110,55,55,3,4
trec-covid-chrono-r2,2,3,balanced,1,134,67,67,4,6
trec-covid-chrono-r2,2,3,balanced,1,156,78,78,6,7
trec-covid-chrono-r2,2,3,balanced,1,178,89,89,7,8
trec-covid-chrono-r2,2,3,balanced,1,246,123,123,8,9
trec-covid-chrono-r2,2,3,balanced,1,358,179,179,9,10
trec-covid-chrono-r2,2,3,balanced,1,448,224,224,10,11
trec-covid-chrono-r2,2,3,balanced,1,455,228,227,11,12
trec-covid-chrono-r2,2,3,balanced,1,655,328,327,12,13
trec-covid-chrono-r2,2,3,balanced,1,1043,522,521,13,14
trec-covid-chrono-r2,2,3,balanced,1,1061,531,530,14,15
trec-covid-chrono-r2,2,3,balanced,1,1131,566,565,15,16
trec-covid-chrono-r2,2,3,balanced,1,1229,615,614,16,17
trec-covid-chrono-r2,2,3,balanced,1,1755,878,877,17,18
trec-covid-chrono-r2,2,3,balanced,1,1865,933,932,18,19
trec-covid-chrono-r2,2,3,balanced,1,2333,1167,1166,19,20
trec-covid-chrono-r2,2,3,balanced,1,3417,1709,1708,20,23
trec-covid-chrono-r2,2,3,balanced,1,3769,1885,1884,23,24
trec-covid-chrono-r2,2,3,balanced,1,5355,2678,2677,24,28
trec-covid-chrono-r2,2,3,balanced,1,5497,2749,2748,28,29
trec-covid-chrono-r2,2,3,dibud,64,128,64,64,0,4
trec-covid-chrono-r2,2,3,dibud,64,192,64,128,4,6
trec-covid-chrono-r2,2,3,dibud,64,256,128,128,6,9
trec-covid-chrono-r2,2,3,dibud,64,384,192,192,9,10
trec-covid-chrono-r2,2,3,dibud,64,512,256,256,10,12
trec-covid-chrono-r2,2,3,dibud,64,640,384,256,12,13
trec-covid-chrono-r2,2,3,dibud,64,896,576,320,13,16
trec-covid-chrono-r2,2,3,dibud,64,960,640,320,16,17
trec-covid-chrono-r2,2,3,dibud,64,1280,896,384,17,18
trec-covid-chrono-r2,2,3,dibud,64,1408,960,448,18,19
trec-covid-chrono-r2,2,3,dibud,64,1664,1216,448,19,20
trec-covid-chrono-r2,2,3,dibud,64,2240,1728,512,20,21
trec-covid-chrono-r2,2,3,dibud,64,2304,1728,576,21,22
trec-covid-chrono-r2,2,3,dibud,64,2432,1728,704,22,23
trec-covid-chrono-r2,2,3,dibud,64,2688,1920,768,23,24
trec-covid-chrono-r2,2,3,dibud,64,3584,2688,896,24,27
trec-covid-chrono-r2,2,3,dibud,64,3712,2688,1024,27,28
trec-covid-chrono-r2,2,3,dibud,64,3904,2752,1152,28,29
trec-covid-chrono-r2,2,3,balanced,64,128,64,64,0,4
trec-covid-chrono-r2,2,3,balanced,64,256,128,128,4,9
trec-covid-chrono-r2,2,3,balanced,64,384,192,192,9,10
trec-covid-chrono-r2,2,3,balanced,64,512,256,256,10,12
trec-covid-chrono-r2,2,3,balanced,64,704,384,320,12,13
trec-covid-chrono-r2,2,3,balanced,64,1088,576,512,13,16
trec-covid-chrono-r2,2,3,balanced,64,1216,640,576,16,17
trec-covid-chrono-r2,2,3,balanced,64,1728,896,832,17,18
trec-covid-chrono-r2,2,3,balanced,64,1856,960,896,18,19
trec-covid-chrono-r2,2,3,balanced,64,2368,1216,1152,19,20
trec-covid-chrono-r2,2,3,balanced,64,3392,1728,1664,20,23
trec-covid-chrono-r2,2,3,balanced,64,3776,1920,1856,23,24
trec-covid-chrono-r2,2,3,balanced,64,5312,2688,2624,24,28
trec-covid-chrono-r2,2,3,balanced,64,5440,2752,2688,28,29
trec-covid-chrono-r3,3,2,dibud,1,30,15,15,0,1
trec-covid-chrono-r3,3,2,dibud,1,38,19,19,1,2
trec-covid-chrono-r3,3,2,dibud,1,60,30,30,2,3
trec-covid-chrono-r3,3,2,dibud,1,102,48,54,3,4
trec-covid-chrono-r3,3,2,dibud,1,139,65,74,4,5
trec-covid-chrono-r3,3,2,dibud,1,165,77,88,5,6
trec-covid-chrono-r3,3,2,dibud,1,920,389,531,6,7
trec-covid-chrono-r3,3,2,dibud,1,1027,427,600,7,8
trec-covid-chrono-r3,3,2,dibud,1,1086,448,638,8,9
trec-covid-chrono-r3,3,2,dibud,1,1312,523,789,9,10
trec-covid-chrono-r3,3,2,dibud,1,1326,528,798,10,11
trec-covid-chrono-r3,3,2,dibud,1,2263,783,1480,11,12
trec-covid-chrono-r3,3,2,dibud,1,2264,783,1481,12,13
trec-covid-chrono-r3,3,2,dibud,1,2609,858,1751,13,14
trec-covid-chrono-r3,3,2,dibud,1,3626,1034,2592,14,15
trec-covid-chrono-r3,3,2,dibud,1,4590,1154,3436,15,16
trec-covid-chrono-r3,3,2,dibud,1,5149,1210,3939,16,17
trec-covid-chrono-r3,3,2,dibud,1,5196,1257,3939,17,18
trec-covid-chrono-r3,3,2,dibud,1,5915,1976,3939,18,19
trec-covid-chrono-r3,3,2,dibud,1,5987,2048,3939,19,22
trec-covid-chrono-r3,3,2,balanced,1,30,15,15,0,1
trec-covid-chrono-r3,3,2,balanced,1,38,19,19,1,2
trec-covid-chrono-r3,3,2,balanced,1,60,30,30,2,3
trec-covid-chrono-r3,3,2,balanced,1,108,54,54,3,4
trec-covid-chrono-r3,3,2,balanced,1,148,74,74,4,5
trec-covid-chrono-r3,3,2,balanced,1,176,88,88,5,6
trec-covid-chrono-r3,3,2,balanced,1,1062,531,531,6,7
trec-covid-chrono-r3,3,2,balanced,1,1200,600,600,7,8
trec-covid-chrono-r3,3,2,balanced,1,1276,638,638,8,9
trec-covid-chrono-r3,3,2,balanced,1,1578,789,789,9,10
trec-covid-chrono-r3,3,2,balanced,1,1596,798,798,10,11
trec-covid-chrono-r3,3,2,balanced,1,2960,1480,1480,11,12
trec-covid-chrono-r3,3,2,balanced,1,2962,1481,1481,12,13
trec-covid-chrono-r3,3,2,balanced,1,3502,1751,1751,13,14
trec-covid-chrono-r3,3,2,balanced,1,5184,2592,2592,14,15
trec-covid-chrono-r3,3,2,balanced,1,6872,3436,3436,15,16
trec-covid-chrono-r3,3,2,balanced,1,7878,3939,3939,16,22
trec-covid-chrono-r3,3,2,dibud,64,128,64,64,0,4
trec-covid-chrono-r3,3,2,dibud,64,256,128,128,4,6
trec-covid-chrono-r3,3,2,dibud,64,1024,448,576,6,7
trec-covid-chrono-r3,3,2,dibud,64,1088,448,640,7,9
trec-covid-chrono-r3,3,2,dibud,64,1408,576,832,9,11
trec-covid-chrono-r3,3,2,dibud,64,2368,832,1536,11,13
trec-covid-chrono-r3,3,2,dibud,64,2688,896,1792,13,14
trec-covid-chrono-r3,3,2,dibud,64,3712,1088,2624,14,15
trec-covid-chrono-r3,3,2,dibud,64,4672,1216,3456,15,16
trec-covid-chrono-r3,3,2,dibud,64,5184,1216,3968,16,17
trec-covid-chrono-r3,3,2,dibud,64,5248,1280,3968,17,18
trec-covid-chrono-r3,3,2,dibud,64,5952,1984,3968,18,19
trec-covid-chrono-r3,3,2,dibud,64,6016,2048,3968,19,22
trec-covid-chrono-r3,3,2,balanced,64,128,64,64,0,4
trec-covid-chrono-r3,3,2,balanced,64,256,128,128,4,6
trec-covid-chrono-r3,3,2,balanced,64,1152,576,576,6,7
trec-covid-chrono-r3,3,2,balanced,64,1280,640,640,7,9
trec-covid-chrono-r3,3,2,balanced,64,1664,832,832,9,11
trec-covid-chrono-r3,3,2,balanced,64,3072,1536,1536,11,13
trec-covid-chrono-r3,3,2,balanced,64,3584,1792,1792,13,14
trec-covid-chrono-r3,3,2,balanced,64,5248,2624,2624,14,15
trec-covid-chrono-r3,3,2,balanced,64,6912,3456,3456,15,16
trec-covid-chrono-r3,3,2,balanced,64,7936,3968,3968,16,22
trec-covid-chrono-r3,3,15,dibud,1,6,3,3,0,1
trec-covid-chrono-r3,3,15,dibud,1,3259,2000,1259,1,2
trec-covid-chrono-r3,3,15,dibud,1,5400,3600,1800,2,3
trec-covid-chrono-r3,3,15,dibud,1,7322,3600,3722,3,4
trec-covid-chrono-r3,3,15,dibud,1,7686,3600,4086,4,5
trec-covid-chrono-r3,3,15,balanced,1,6,3,3,0,1
trec-covid-chrono-r3,3,15,balanced,1,3999,2000,1999,1,2
trec-covid-chrono-r3,3,15,balanced,1,7199,3600,3599,2,3
trec-covid-chrono-r3,3,15,balanced,1,7444,3722,3722,3,4
trec-covid-chrono-r3,3,15,balanced,1,8172,4086,4086,4,5
trec-covid-chrono-r3,3,15,dibud,64,128,64,64,0,1
trec-covid-chrono-r3,3,15,dibud,64,3328,2048,1280,1,2
trec-covid-chrono-r3,3,15,dibud,64,5504,3648,1856,2,3
trec-covid-chrono-r3,3,15,dibud,64,7424,3648,3776,3,4
trec-covid-chrono-r3,3,15,dibud,64,7744,3648,4096,4,5
trec-covid-chrono-r3,3,15,balanced,64,128,64,64,0,1
trec-covid-chrono-r3,3,15,balanced,64,4032,2048,1984,1,2
trec-covid-chrono-r3,3,15,balanced,64,7232,3648,3584,2,3
trec-covid-chrono-r3,3,15,balanced,64,7552,3776,3776,3,4
trec-covid-chrono-r3,3,15,balanced,64,8192,4096,4096,4,5
trec-covid-chrono-r4,4,5,dibud,1,8,4,4,0,1
trec-covid-chrono-r4,4,5,dibud,1,40,20,20,1,2
trec-covid-chrono-r4,4,5,dibud,1,56,28,28,2,3
trec-covid-chrono-r4,4,5,dibud,1,68,34,34,3,4
trec-covid-chrono-r4,4,5,dibud,1,88,44,44,4,5
trec-covid-chrono-r4,4,5,dibud,1,94,47,47,5,6
trec-covid-chrono-r4,4,5,dibud,1,110,55,55,6,7
trec-covid-chrono-r4,4,5,dibud,1,170,85,85,7,8
trec-covid-chrono-r4,4,5,dibud,1,174,87,87,8,9
trec-covid-chrono-r4,4,5,dibud,1,217,108,109,9,10
trec-covid-chrono-r4,4,5,dibud,1,236,127,109,10,11
trec-covid-chrono-r4,4,5,dibud,1,240,131,109,11,12
trec-covid-chrono-r4,4,5,dibud,1,257,147,110,12,13
trec-covid-chrono-r4,4,5,dibud,1,264,151,113,13,14
trec-covid-chrono-r4,4,5,dibud,1,349,188,161,14,15
trec-covid-chrono-r4,4,5,dibud,1,354,191,163,15,16
trec-covid-chrono-r4,4,5,dibud,1,407,221,186,16,17
trec-covid-chrono-r4,4,5,dibud,1,437,238,199,17,18
trec-covid-chrono-r4,4,5,dibud,1,999,577,422,18,19
trec-covid-chrono-r4,4,5,dibud,1,1067,620,447,19,20
trec-covid-chrono-r4,4,5,dibud,1,1234,729,505,20,21
trec-covid-chrono-r4,4,5,dibud,1,1383,829,554,21,22
trec-covid-chrono-r4,4,5,dibud,1,1397,838,559,22,23
trec-covid-chrono-r4,4,5,dibud,1,1508,914,594,23,24
trec-covid-chrono-r4,4,5,dibud,1,1522,928,594,24,25
trec-covid-chrono-r4,4,5,dibud,1,1781,1187,594,25,26
trec-covid-chrono-r4,4,5,dibud,1,1810,1215,595,26,27
trec-covid-chrono-r4,4,5,dibud,1,2103,1508,595,27,28
trec-covid-chrono-r4,4,5,dibud,1,2150,1508,642,28,29
trec-covid-chrono-r4,4,5,dibud,1,2168,1508,660,29,30
trec-covid-chrono-r4,4,5,dibud,1,2185,1509,676,30,31
trec-covid-chrono-r4,4,5,dibud,1,2291,1509,782,31,32
trec-covid-chrono-r4,4,5,dibud,1,2503,1509,994,32,33
trec-covid-chrono-r4,4,5,dibud,1,2601,1509,1092,33,34
trec-covid-chrono-r4,4,5,dibud,1,2816,1509,1307,34,35
trec-covid-chrono-r4,4,5,dibud,1,2831,1509,1322,35,36
trec-covid-chrono-r4,4,5,dibud,1,2855,1509,1346,36,37
trec-covid-chrono-r4,4,5,dibud,1,2921,1509,1412,37,38
trec-covid-chrono-r4,4,5,dibud,1,2941,1509,1432,38,39
trec-covid-chrono-r4,4,5,dibud,1,3006,1509,1497,39,40
trec-covid-chrono-r4,4,5,dibud,1,3412,1509,1903,40,41
trec-covid-chrono-r4,4,5,dibud,1,4237,1509,2728,41,42
trec-covid-chrono-r4,4,5,balanced,1,8,4,4,0,1
trec-covid-chrono-r4,4,5,balanced,1,40,20,20,1,2
trec-covid-chrono-r4,4,5,balanced,1,56,28,28,2,3
trec-covid-chrono-r4,4,5,balanced,1,68,34,34,3,4
trec-covid-chrono-r4,4,5,balanced,1,88,44,44,4,5
trec-covid-chrono-r4,4,5,balanced,1,94,47,47,5,6
trec-covid-chrono-r4,4,5,balanced,1,110,55,55,6,7
trec-covid-chrono-r4,4,5,balanced,1,170,85,85,7,8
trec-covid-chrono-r4,4,5,balanced,1,174,87,87,8,9
trec-covid-chrono-r4,4,5,balanced,1,218,109,109,9,10
trec-covid-chrono-r4,4,5,balanced,1,253,127,126,10,11
trec-covid-chrono-r4,4,5,balanced,1,261,131,130,11,12
trec-covid-chrono-r4,4,5,balanced,1,293,147,146,12,13
trec-covid-chrono-r4,4,5,balanced,1,301,151,150,13,14
trec-covid-chrono-r4,4,5,balanced,1,375,188,187,14,15
trec-covid-chrono-r4,4,5,balanced,1,381,191,190,15,16
trec-covid-chrono-r4,4,5,balanced,1,441,221,220,16,17
trec-covid-chrono-r4,4,5,balanced,1,475,238,237,17,18
trec-covid-chrono-r4,4,5,balanced,1,1153,577,576,18,19
trec-covid-chrono-r4,4,5,balanced,1,1239,620,619,19,20
trec-covid-chrono-r4,4,5,balanced,1,1457,729,728,20,21
trec-covid-chrono-r4,4,5,balanced,1,1657,829,828,21,22
trec-covid-chrono-r4,4,5,balanced,1,1675,838,837,22,23
trec-covid-chrono-r4,4,5,balanced,1,1827,914,913,23,24
trec-covid-chrono-r4,4,5,balanced,1,1855,928,927,24,25
trec-covid-chrono-r4,4,5,balanced,1,2373,1187,1186,25,26
trec-covid-chrono-r4,4,5,balanced,1,2429,1215,1214,26,27
trec-covid-chrono-r4,4,5,balanced,1,3015,1508,1507,27,30
trec-covid-chrono-r4,4,5,balanced,1,3017,1509,1508,30,40
trec-covid-chrono-r4,4,5,balanced,1,3806,1903,1903,40,41
trec-covid-chrono-r4,4,5,balanced,1,5456,2728,2728,41,42
trec-covid-chrono-r4,4,5,dibud,64,128,64,64,0,7
trec-covid-chrono-r4,4,5,dibud,64,256,128,128,7,11
trec-covid-chrono-r4,4,5,dibud,64,320,192,128,11,14
trec-covid-chrono-r4,4,5,dibud,64,384,192,192,14,16
trec-covid-chrono-r4,4,5,dibud,64,448,256,192,16,17
trec-covid-chrono-r4,4,5,dibud,64,512,256,256,17,18
trec-covid-chrono-r4,4,5,dibud,64,1088,640,448,18,20
trec-covid-chrono-r4,4,5,dibud,64,1280,768,512,20,21
trec-covid-chrono-r4,4,5,dibud,64,1408,832,576,21,22
trec-covid-chrono-r4,4,5,dibud,64,1472,896,576,22,23
trec-covid-chrono-r4,4,5,dibud,64,1600,960,640,23,25
trec-covid-chrono-r4,4,5,dibud,64,1856,1216,640,25,27
trec-covid-chrono-r4,4,5,dibud,64,2176,1536,640,27,28
trec-covid-chrono-r4,4,5,dibud,64,2240,1536,704,28,31
trec-covid-chrono-r4,4,5,dibud,64,2368,1536,832,31,32
trec-covid-chrono-r4,4,5,dibud,64,2560,1536,1024,32,33
trec-covid-chrono-r4,4,5,dibud,64,2688,1536,1152,33,34
trec-covid-chrono-r4,4,5,dibud,64,2880,1536,1344,34,36
trec-covid-chrono-r4,4,5,dibud,64,2944,1536,1408,36,37
trec-covid-chrono-r4,4,5,dibud,64,3008,1536,1472,37,39
trec-covid-chrono-r4,4,5,dibud,64,3072,1536,1536,39,40
trec-covid-chrono-r4,4,5,dibud,64,3456,1536,1920,40,41
trec-covid-chrono-r4,4,5,dibud,64,4288,1536,2752,41,42
trec-covid-chrono-r4,4,5,balanced,64,128,64,64,0,7
trec-covid-chrono-r4,4,5,balanced,64,256,128,128,7,11
trec-covid-chrono-r4,4,5,balanced,64,320,192,128,11,14
trec-covid-chrono-r4,4,5,balanced,64,384,192,192,14,16
trec-covid-chrono-r4,4,5,balanced,64,448,256,192,16,17
trec-covid-chrono-r4,4,5,balanced,64,512,256,256,17,18
trec-covid-chrono-r4,4,5,balanced,64,1216,640,576,18,20
trec-covid-chrono-r4,4,5,balanced,64,1472,768,704,20,21
trec-covid-chrono-r4,4,5,balanced,64,1600,832,768,21,22
trec-covid-chrono-r4,4,5,balanced,64,1728,896,832,22,23
trec-covid-chrono-r4,4,5,balanced,64,1856,960,896,23,25
trec-covid-chrono-r4,4,5,balanced,64,2368,1216,1152,25,27
trec-covid-chrono-r4,4,5,balanced,64,3008,1536,1472,27,39
trec-covid-chrono-r4,4,5,balanced,64,3072,1536,1536,39,40
trec-covid-chrono-r4,4,5,balanced,64,3840,1920,1920,40,41
trec-covid-chrono-r4,4,5,balanced,64,5504,2752,2752,41,42
trec-covid-chrono-r4,4,4,dibud,1,146,73,73,0,1
trec-covid-chrono-r4,4,4,dibud,1,240,120,120,1,2
trec-covid-chrono-r4,4,4,dibud,1,442,221,221,2,3
trec-covid-chrono-r4,4,4,dibud,1,652,326,326,3,4
trec-covid-chrono-r4,4,4,dibud,1,765,383,382,4,5
trec-covid-chrono-r4,4,4,dibud,1,769,383,386,5,6
trec-covid-chrono-r4,4,4,dibud,1,1388,547,841,6,7
trec-covid-chrono-r4,4,4,dibud,1,1481,576,905,7,8
trec-covid-chrono-r4,4,4,dibud,1,1686,636,1050,8,9
trec-covid-chrono-r4,4,4,dibud,1,1724,636,1088,9,10
trec-covid-chrono-r4,4,4,dibud,1,1979,636,1343,10,11
trec-covid-chrono-r4,4,4,dibud,1,4252,863,3389,11,12
trec-covid-chrono-r4,4,4,dibud,1,4337,948,3389,12,13
trec-covid-chrono-r4,4,4,dibud,1,4496,1107,3389,13,14
trec-covid-chrono-r4,4,4,dibud,1,4497,1107,3390,14,16
trec-covid-chrono-r4,4,4,dibud,1,4840,1450,3390,16,17
trec-covid-chrono-r4,4,4,dibud,1,5960,1988,3972,17,18
trec-covid-chrono-r4,4,4,dibud,1,6767,2144,4623,18,19
trec-covid-chrono-r4,4,4,balanced,1,146,73,73,0,1
trec-covid-chrono-r4,4,4,balanced,1,240,120,120,1,2
trec-covid-chrono-r4,4,4,balanced,1,442,221,221,2,3
trec-covid-chrono-r4,4,4,balanced,1,652,326,326,3,4
trec-covid-chrono-r4,4,4,balanced,1,765,383,382,4,5
trec-covid-chrono-r4,4,4,balanced,1,772,386,386,5,6
trec-covid-chrono-r4,4,4,balanced,1,1682,841,841,6,7
trec-covid-chrono-r4,4,4,balanced,1,1810,905,905,7,8
trec-covid-chrono-r4,4,4,balanced,1,2100,1050,1050,8,9
trec-covid-chrono-r4,4,4,balanced,1,2176,1088,1088,9,10
trec-covid-chrono-r4,4,4,balanced,1,2686,1343,1343,10,11
trec-covid-chrono-r4,4,4,balanced,1,6778,3389,3389,11,14
trec-covid-chrono-r4,4,4,balanced,1,6780,3390,3390,14,17
trec-covid-chrono-r4,4,4,balanced,1,7944,3972,3972,17,18
trec-covid-chrono-r4,4,4,balanced,1,9246,4623,4623,18,19
trec-covid-chrono-r4,4,4,dibud,64,256,128,128,0,2
trec-covid-chrono-r4,4,4,dibud,64,512,256,256,2,3
trec-covid-chrono-r4,4,4,dibud,64,768,384,384,3,5
trec-covid-chrono-r4,4,4,dibud,64,832,384,448,5,6
trec-covid-chrono-r4,4,4,dibud,64,1472,576,896,6,7
trec-covid-chrono-r4,4,4,dibud,64,1536,576,960,7,8
trec-covid-chrono-r4,4,4,dibud,64,1728,640,1088,8,10
trec-covid-chrono-r4,4,4,dibud,64,1984,640,1344,10,11
trec-covid-chrono-r4,4,4,dibud,64,4288,896,3392,11,12
trec-covid-chrono-r4,4,4,dibud,64,4352,960,3392,12,13
trec-covid-chrono-r4,4,4,dibud,64,4544,1152,3392,13,16
trec-covid-chrono-r4,4,4,dibud,64,4864,1472,3392,16,17
trec-covid-chrono-r4,4,4,dibud,64,6080,2048,4032,17,18
trec-covid-chrono-r4,4,4,dibud,64,6848,2176,4672,18,19
trec-covid-chrono-r4,4,4,balanced,64,256,128,128,0,2
trec-covid-chrono-r4,4,4,balanced,64,512,256,256,2,3
trec-covid-chrono-r4,4,4,balanced,64,768,384,384,3,5
trec-covid-chrono-r4,4,4,balanced,64,896,448,448,5,6
trec-covid-chrono-r4,4,4,balanced,64,1792,896,896,6,7
trec-covid-chrono-r4,4,4,balanced,64,1920,960,960,7,8
trec-covid-chrono-r4,4,4,balanced,64,2176,1088,1088,8,10
trec-covid-chrono-r4,4,4,balanced,64,2688,1344,1344,10,11
trec-covid-chrono-r4,4,4,balanced,64,6784,3392,3392,11,17
trec-covid-chrono-r4,4,4,balanced,64,8064,4032,4032,17,18
trec-covid-chrono-r4,4,4,balanced,64,9344,4672,4672,18,19
trec-covid-chrono-r5,5,25,dibud,1,2,1,1,0,1
trec-covid-chrono-r5,5,25,dibud,1,4,2,2,1,2
trec-covid-chrono-r5,5,25,dibud,1,6,3,3,2,3
trec-covid-chrono-r5,5,25,dibud,1,32,16,16,3,4
trec-covid-chrono-r5,5,25,dibud,1,43,20,23,4,5
trec-covid-chrono-r5,5,25,dibud,1,96,45,51,5,6
trec-covid-chrono-r5,5,25,dibud,1,100,47,53,6,7
trec-covid-chrono-r5,5,25,dibud,1,104,49,55,7,9
trec-covid-chrono-r5,5,25,dibud,1,108,51,57,9,10
trec-covid-chrono-r5,5,25,dibud,1,111,52,59,10,11
trec-covid-chrono-r5,5,25,dibud,1,158,74,84,11,13
trec-covid-chrono-r5,5,25,dibud,1,225,105,120,13,14
trec-covid-chrono-r5,5,25,dibud,1,235,110,125,14,15
trec-covid-chrono-r5,5,25,dibud,1,253,118,135,15,16
trec-covid-chrono-r5,5,25,dibud,1,398,183,215,16,17
trec-covid-chrono-r5,5,25,dibud,1,499,226,273,17,18
trec-covid-chrono-r5,5,25,dibud,1,789,345,444,18,19
trec-covid-chrono-r5,5,25,dibud,1,861,373,488,19,20
trec-covid-chrono-r5,5,25,dibud,1,915,393,522,20,21
trec-covid-chrono-r5,5,25,dibud,1,989,421,568,21,22
trec-covid-chrono-r5,5,25,dibud,1,1006,427,579,22,23
trec-covid-chrono-r5,5,25,dibud,1,1024,434,590,23,24
trec-covid-chrono-r5,5,25,dibud,1,1066,434,632,24,25
trec-covid-chrono-r5,5,25,dibud,1,1143,435,708,25,26
trec-covid-chrono-r5,5,25,dibud,1,1309,436,873,26,27
trec-covid-chrono-r5,5,25,dibud,1,1408,436,972,27,28
trec-covid-chrono-r5,5,25,dibud,1,1555,437,1118,28,29
trec-covid-chrono-r5,5,25,dibud,1,1585,437,1148,29,30
trec-covid-chrono-r5,5,25,dibud,1,4637,665,3972,30,31
trec-covid-chrono-r5,5,25,dibud,1,4796,824,3972,31,32
trec-covid-chrono-r5,5,25,dibud,1,4860,888,3972,32,34
trec-covid-chrono-r5,5,25,dibud,1,4924,952,3972,34,41
trec-covid-chrono-r5,5,25,balanced,1,2,1,1,0,1
trec-covid-chrono-r5,5,25,balanced,1,4,2,2,1,2
trec-covid-chrono-r5,5,25,balanced,1,6,3,3,2,3
trec-covid-chrono-r5,5,25,balanced,1,32,16,16,3,4
trec-covid-chrono-r5,5,25,balanced,1,39,20,19,4,5
trec-covid-chrono-r5,5,25,balanced,1,102,51,51,5,6
trec-covid-chrono-r5,5,25,balanced,1,106,53,53,6,7
trec-covid-chrono-r5,5,25,balanced,1,110,55,55,7,9
trec-covid-chrono-r5,5,25,balanced,1,114,57,57,9,10
trec-covid-chrono-r5,5,25,balanced,1,118,59,59,10,11
trec-covid-chrono-r5,5,25,balanced,1,168,84,84,11,13
trec-covid-chrono-r5,5,25,balanced,1,240,120,120,13,14
trec-covid-chrono-r5,5,25,balanced,1,250,125,125,14,15
trec-covid-chrono-r5,5,25,balanced,1,270,135,135,15,16
trec-covid-chrono-r5,5,25,balanced,1,430,215,215,16,17
trec-covid-chrono-r5,5,25,balanced,1,546,273,273,17,18
trec-covid-chrono-r5,5,25,balanced,1,888,444,444,18,19
trec-covid-chrono-r5,5,25,balanced,1,976,488,488,19,20
trec-covid-chrono-r5,5,25,balanced,1,1044,522,522,20,21
trec-covid-chrono-r5,5,25,balanced,1,1136,568,568,21,22
trec-covid-chrono-r5,5,25,balanced,1,1158,579,579,22,23
trec-covid-chrono-r5,5,25,balanced,1,1180,590,590,23,24
trec-covid-chrono-r5,5,25,balanced,1,1264,632,632,24,25
trec-covid-chrono-r5,5,25,balanced,1,1416,708,708,25,26
trec-covid-chrono-r5,5,25,balanced,1,1746,873,873,26,27
trec-covid-chrono-r5,5,25,balanced,1,1944,972,972,27,28
trec-covid-chrono-r5,5,25,balanced,1,2236,1118,1118,28,29
trec-covid-chrono-r5,5,25,balanced,1,2296,1148,1148,29,30
trec-covid-chrono-r5,5,25,balanced,1,7944,3972,3972,30,41
trec-covid-chrono-r5,5,25,dibud,64,128,64,64,0,11
trec-covid-chrono-r5,5,25,dibud,64,256,128,128,11,15
trec-covid-chrono-r5,5,25,dibud,64,320,128,192,15,16
trec-covid-chrono-r5,5,25,dibud,64,448,192,256,16,17
trec-covid-chrono-r5,5,25,dibud,64,576,256,320,17,18
trec-covid-chrono-r5,5,25,dibud,64,832,384,448,18,19
trec-covid-chrono-r5,5,25,dibud,64,896,384,512,19,20
trec-covid-chrono-r5,5,25,dibud,64,1024,448,576,20,22
trec-covid-chrono-r5,5,25,dibud,64,1088,448,640,22,25
trec-covid-chrono-r5,5,25,dibud,64,1216,448,768,25,26
trec-covid-chrono-r5,5,25,dibud,64,1344,448,896,26,27
trec-covid-chrono-r5,5,25,dibud,64,1472,448,1024,27,28
trec-covid-chrono-r5,5,25,dibud,64,1600,448,1152,28,30
trec-covid-chrono-r5,5,25,dibud,64,4736,704,4032,30,31
trec-covid-chrono-r5,5,25,dibud,64,4864,832,4032,31,32
trec-covid-chrono-r5,5,25,dibud,64,4928,896,4032,32,34
trec-covid-chrono-r5,5,25,dibud,64,4992,960,4032,34,41
trec-covid-chrono-r5,5,25,balanced,64,128,64,64,0,11
trec-covid-chrono-r5,5,25,balanced,64,256,128,128,11,15
trec-covid-chrono-r5,5,25,balanced,64,384,192,192,15,16
trec-covid-chrono-r5,5,25,balanced,64,512,256,256,16,17
trec-covid-chrono-r5,5,25,balanced,64,640,320,320,17,18
trec-covid-chrono-r5,5,25,balanced,64,896,448,448,18,19
trec-covid-chrono-r5,5,25,balanced,64,1024,512,512,19,20
trec-covid-chrono-r5,5,25,balanced,64,1152,576,576,20,22
trec-covid-chrono-r5,5,25,balanced,64,1280,640,640,22,25
trec-covid-chrono-r5,5,25,balanced,64,1536,768,768,25,26
trec-covid-chrono-r5,5,25,balanced,64,1792,896,896,26,27
trec-covid-chrono-r5,5,25,balanced,64,2048,1024,1024,27,28
trec-covid-chrono-r5,5,25,balanced,64,2304,1152,1152,28,30
trec-covid-chrono-r5,5,25,balanced,64,8064,4032,4032,30,41
trec-covid-chrono-r5,5,23,dibud,1,26,13,13,0,1
trec-covid-chrono-r5,5,23,dibud,1,89,43,46,1,2
trec-covid-chrono-r5,5,23,dibud,1,104,50,54,2,3
trec-covid-chrono-r5,5,23,dibud,1,167,81,86,3,4
trec-covid-chrono-r5,5,23,dibud,1,171,81,90,4,5
trec-covid-chrono-r5,5,23,dibud,1,291,129,162,5,6
trec-covid-chrono-r5,5,23,dibud,1,691,282,409,6,7
trec-covid-chrono-r5,5,23,dibud,1,770,309,461,7,8
trec-covid-chrono-r5,5,23,dibud,1,849,335,514,8,9
trec-covid-chrono-r5,5,23,dibud,1,973,373,600,9,10
trec-covid-chrono-r5,5,23,dibud,1,1012,385,627,10,11
trec-covid-chrono-r5,5,23,dibud,1,1155,426,729,11,12
trec-covid-chrono-r5,5,23,dibud,1,1421,494,927,12,13
trec-covid-chrono-r5,5,23,dibud,1,1720,560,1160,13,14
trec-covid-chrono-r5,5,23,dibud,1,1729,562,1167,14,15
trec-covid-chrono-r5,5,23,dibud,1,1749,566,1183,15,16
trec-covid-chrono-r5,5,23,dibud,1,4200,860,3340,16,17
trec-covid-chrono-r5,5,23,dibud,1,4353,870,3483,17,18
trec-covid-chrono-r5,5,23,dibud,1,4577,1094,3483,18,19
trec-covid-chrono-r5,5,23,dibud,1,4670,1186,3484,19,20
trec-covid-chrono-r5,5,23,dibud,1,5282,1798,3484,20,21
trec-covid-chrono-r5,5,23,dibud,1,6965,3481,3484,21,22
trec-covid-chrono-r5,5,23,dibud,1,7419,3935,3484,22,23
trec-covid-chrono-r5,5,23,balanced,1,26,13,13,0,1
trec-covid-chrono-r5,5,23,balanced,1,92,46,46,1,2
trec-covid-chrono-r5,5,23,balanced,1,108,54,54,2,3
trec-covid-chrono-r5,5,23,balanced,1,172,86,86,3,4
trec-covid-chrono-r5,5,23,balanced,1,180,90,90,4,5
trec-covid-chrono-r5,5,23,balanced,1,324,162,162,5,6
trec-covid-chrono-r5,5,23,balanced,1,818,409,409,6,7
trec-covid-chrono-r5,5,23,balanced,1,922,461,461,7,8
trec-covid-chrono-r5,5,23,balanced,1,1028,514,514,8,9
trec-covid-chrono-r5,5,23,balanced,1,1200,600,600,9,10
trec-covid-chrono-r5,5,23,balanced,1,1254,627,627,10,11
trec-covid-chrono-r5,5,23,balanced,1,1458,729,729,11,12
trec-covid-chrono-r5,5,23,balanced,1,1854,927,927,12,13
trec-covid-chrono-r5,5,23,balanced,1,2320,1160,1160,13,14
trec-covid-chrono-r5,5,23,balanced,1,2334,1167,1167,14,15
trec-covid-chrono-r5,5,23,balanced,1,2366,1183,1183,15,16
trec-covid-chrono-r5,5,23,balanced,1,6680,3340,3340,16,17
trec-covid-chrono-r5,5,23,balanced,1,6966,3483,3483,17,19
trec-covid-chrono-r5,5,23,balanced,1,6968,3484,3484,19,22
trec-covid-chrono-r5,5,23,balanced,1,7869,3935,3934,22,23
trec-covid-chrono-r5,5,23,dibud,64,128,64,64,0,3
trec-covid-chrono-r5,5,23,dibud,64,256,128,128,3,5
trec-covid-chrono-r5,5,23,dibud,64,384,192,192,5,6
trec-covid-chrono-r5,5,23,dibud,64,768,320,448,6,7
trec-covid-chrono-r5,5,23,dibud,64,832,320,512,7,8
trec-covid-chrono-r5,5,23,dibud,64,960,384,576,8,9
trec-covid-chrono-r5,5,23,dibud,64,1024,384,640,9,10
trec-covid-chrono-r5,5,23,dibud,64,1088,448,640,10,11
trec-covid-chrono-r5,5,23,dibud,64,1216,448,768,11,12
trec-covid-chrono-r5,5,23,dibud,64,1472,512,960,12,13
trec-covid-chrono-r5,5,23,dibud,64,1792,576,1216,13,16
trec-covid-chrono-r5,5,23,dibud,64,4288,896,3392,16,17
trec-covid-chrono-r5,5,23,dibud,64,4416,896,3520,17,18
trec-covid-chrono-r5,5,23,dibud,64,4672,1152,3520,18,19
trec-covid-chrono-r5,5,23,dibud,64,4736,1216,3520,19,20
trec-covid-chrono-r5,5,23,dibud,64,5376,1856,3520,20,21
trec-covid-chrono-r5,5,23,dibud,64,7040,3520,3520,21,22
trec-covid-chrono-r5,5,23,dibud,64,7488,3968,3520,22,23
trec-covid-chrono-r5,5,23,balanced,64,128,64,64,0,3
trec-covid-chrono-r5,5,23,balanced,64,256,128,128,3,5
trec-covid-chrono-r5,5,23,balanced,64,384,192,192,5,6
trec-covid-chrono-r5,5,23,balanced,64,896,448,448,6,7
trec-covid-chrono-r5,5,23,balanced,64,1024,512,512,7,8
trec-covid-chrono-r5,5,23,balanced,64,1152,576,576,8,9
trec-covid-chrono-r5,5,23,balanced,64,1280,640,640,9,11
trec-covid-chrono-r5,5,23,balanced,64,1536,768,768,11,12
trec-covid-chrono-r5,5,23,balanced,64,1920,960,960,12,13
trec-covid-chrono-r5,5,23,balanced,64,2432,1216,1216,13,16
trec-covid-chrono-r5,5,23,balanced,64,6784,3392,3392,16,17
trec-covid-chrono-r5,5,23,balanced,64,7040,3520,3520,17,22
trec-covid-chrono-r5,5,23,balanced,64,7872,3968,3904,22,23
