dataset,snapshot,query_id,L,accesses,ndcg10,full_ndcg10,ordered20,overlap20
msmarco-passage-trec-dl-2019,0,490595,10,20,0.446230113814477,0.5016214442531799,0,0.65
msmarco-passage-trec-dl-2019,0,490595,20,40,0.47821730501042975,0.5016214442531799,0,0.7
msmarco-passage-trec-dl-2019,0,490595,50,100,0.5016214442531799,0.5016214442531799,0,0.95
msmarco-passage-trec-dl-2019,0,490595,100,200,0.5016214442531799,0.5016214442531799,1,1.0
msmarco-passage-trec-dl-2019,0,490595,200,400,0.5016214442531799,0.5016214442531799,1,1.0
msmarco-passage-trec-dl-2019,0,490595,500,1000,0.5016214442531799,0.5016214442531799,1,1.0
msmarco-passage-trec-dl-2019,0,490595,1000,2000,0.5016214442531799,0.5016214442531799,1,1.0
msmarco-passage-trec-dl-2019,0,490595,2000,4000,0.5016214442531799,0.5016214442531799,1,1.0
msmarco-passage-trec-dl-2019,0,490595,5000,10000,0.5016214442531799,0.5016214442531799,1,1.0
msmarco-passage-trec-dl-2019,0,855410,10,20,1.0,1.0,0,0.75
msmarco-passage-trec-dl-2019,0,855410,20,40,1.0,1.0,0,0.95
msmarco-passage-trec-dl-2019,0,855410,50,100,1.0,1.0,0,0.95
msmarco-passage-trec-dl-2019,0,855410,100,200,1.0,1.0,0,0.95
msmarco-passage-trec-dl-2019,0,855410,200,400,1.0,1.0,0,0.95
msmarco-passage-trec-dl-2019,0,855410,500,1000,1.0,1.0,0,0.95
msmarco-passage-trec-dl-2019,0,855410,1000,2000,1.0,1.0,0,0.95
msmarco-passage-trec-dl-2019,0,855410,2000,4000,1.0,1.0,0,0.95
msmarco-passage-trec-dl-2019,0,855410,5000,10000,1.0,1.0,0,0.95
msmarco-passage-trec-dl-2020,0,1109707,10,20,0.7426053798006326,0.6993876603474506,0,0.6
msmarco-passage-trec-dl-2020,0,1109707,20,40,0.7409353425419882,0.6993876603474506,0,0.65
msmarco-passage-trec-dl-2020,0,1109707,50,100,0.656562004227358,0.6993876603474506,0,0.65
msmarco-passage-trec-dl-2020,0,1109707,100,200,0.632086072545981,0.6993876603474506,0,0.8
msmarco-passage-trec-dl-2020,0,1109707,200,400,0.6993876603474506,0.6993876603474506,0,0.95
msmarco-passage-trec-dl-2020,0,1109707,500,1000,0.6993876603474506,0.6993876603474506,1,1.0
msmarco-passage-trec-dl-2020,0,1109707,1000,2000,0.6993876603474506,0.6993876603474506,1,1.0
msmarco-passage-trec-dl-2020,0,1109707,2000,4000,0.6993876603474506,0.6993876603474506,1,1.0
msmarco-passage-trec-dl-2020,0,1109707,5000,10000,0.6993876603474506,0.6993876603474506,1,1.0
msmarco-passage-trec-dl-2020,0,390360,10,20,0.5701494307154445,0.6640143973443788,0,0.6
msmarco-passage-trec-dl-2020,0,390360,20,40,0.5804968374546868,0.6640143973443788,0,0.7
msmarco-passage-trec-dl-2020,0,390360,50,100,0.5804968374546868,0.6640143973443788,0,0.7
msmarco-passage-trec-dl-2020,0,390360,100,200,0.6397216908378293,0.6640143973443788,0,0.75
msmarco-passage-trec-dl-2020,0,390360,200,400,0.6640143973443788,0.6640143973443788,0,0.95
msmarco-passage-trec-dl-2020,0,390360,500,1000,0.6640143973443788,0.6640143973443788,0,0.95
msmarco-passage-trec-dl-2020,0,390360,1000,2000,0.6640143973443788,0.6640143973443788,0,1.0
msmarco-passage-trec-dl-2020,0,390360,2000,4000,0.6640143973443788,0.6640143973443788,1,1.0
msmarco-passage-trec-dl-2020,0,390360,5000,10000,0.6640143973443788,0.6640143973443788,1,1.0
nfcorpus,0,PLAIN-1516,10,12,0.0,0.0,0,0.5
nfcorpus,0,PLAIN-1516,20,22,0.0,0.0,1,1.0
nfcorpus,0,PLAIN-1516,50,52,0.0,0.0,1,1.0
nfcorpus,0,PLAIN-1516,100,102,0.0,0.0,1,1.0
nfcorpus,0,PLAIN-1516,200,202,0.0,0.0,1,1.0
nfcorpus,0,PLAIN-1516,500,502,0.0,0.0,1,1.0
nfcorpus,0,PLAIN-1516,1000,1002,0.0,0.0,1,1.0
nfcorpus,0,PLAIN-1516,2000,2002,0.0,0.0,1,1.0
nfcorpus,0,PLAIN-1516,5000,3635,0.0,0.0,1,1.0
nfcorpus,0,PLAIN-2920,10,20,0.0,0.0,0,0.55
nfcorpus,0,PLAIN-2920,20,40,0.0,0.0,0,0.65
nfcorpus,0,PLAIN-2920,50,100,0.0,0.0,0,0.75
nfcorpus,0,PLAIN-2920,100,200,0.0,0.0,0,0.8
nfcorpus,0,PLAIN-2920,200,400,0.0,0.0,1,1.0
nfcorpus,0,PLAIN-2920,500,1000,0.0,0.0,1,1.0
nfcorpus,0,PLAIN-2920,1000,2000,0.0,0.0,1,1.0
nfcorpus,0,PLAIN-2920,2000,3077,0.0,0.0,1,1.0
nfcorpus,0,PLAIN-2920,5000,4710,0.0,0.0,1,1.0
scifact,0,674,10,20,0.3562071871080222,0.3333333333333333,0,0.6
scifact,0,674,20,40,0.31546487678572877,0.3333333333333333,0,0.7
scifact,0,674,50,100,0.3333333333333333,0.3333333333333333,0,0.9
scifact,0,674,100,200,0.3333333333333333,0.3333333333333333,1,1.0
scifact,0,674,200,400,0.3333333333333333,0.3333333333333333,1,1.0
scifact,0,674,500,1000,0.3333333333333333,0.3333333333333333,1,1.0
scifact,0,674,1000,2000,0.3333333333333333,0.3333333333333333,1,1.0
scifact,0,674,2000,4000,0.3333333333333333,0.3333333333333333,1,1.0
scifact,0,674,5000,8279,0.3333333333333333,0.3333333333333333,1,1.0
scifact,0,1150,10,20,1.0,1.0,0,0.6
scifact,0,1150,20,40,1.0,1.0,0,0.65
scifact,0,1150,50,100,1.0,1.0,0,0.75
scifact,0,1150,100,200,1.0,1.0,1,1.0
scifact,0,1150,200,400,1.0,1.0,1,1.0
scifact,0,1150,500,1000,1.0,1.0,1,1.0
scifact,0,1150,1000,2000,1.0,1.0,1,1.0
scifact,0,1150,2000,4000,1.0,1.0,1,1.0
scifact,0,1150,5000,8207,1.0,1.0,1,1.0
trec-covid,0,8,10,20,0.5302442049991306,0.8669479898642709,0,0.65
trec-covid,0,8,20,40,0.6691255538181726,0.8669479898642709,0,0.65
trec-covid,0,8,50,100,0.6691255538181726,0.8669479898642709,0,0.65
trec-covid,0,8,100,200,0.8521705090845474,0.8669479898642709,0,0.75
trec-covid,0,8,200,400,0.9363792118010481,0.8669479898642709,0,0.9
trec-covid,0,8,500,1000,0.8669479898642709,0.8669479898642709,0,0.95
trec-covid,0,8,1000,2000,0.8669479898642709,0.8669479898642709,0,0.95
trec-covid,0,8,2000,4000,0.8669479898642709,0.8669479898642709,0,0.95
trec-covid,0,8,5000,10000,0.8669479898642709,0.8669479898642709,0,1.0
trec-covid,0,34,10,20,0.15744006533381547,0.3580153433840133,0,0.65
trec-covid,0,34,20,40,0.2626633251188907,0.3580153433840133,0,0.7
trec-covid,0,34,50,100,0.2548073772664688,0.3580153433840133,0,0.8
trec-covid,0,34,100,200,0.32620494928453747,0.3580153433840133,0,0.85
trec-covid,0,34,200,400,0.32620494928453747,0.3580153433840133,0,0.95
trec-covid,0,34,500,1000,0.32620494928453747,0.3580153433840133,0,0.95
trec-covid,0,34,1000,2000,0.32620494928453747,0.3580153433840133,0,0.95
trec-covid,0,34,2000,4000,0.3580153433840133,0.3580153433840133,1,1.0
trec-covid,0,34,5000,10000,0.3580153433840133,0.3580153433840133,1,1.0
trec-covid-chrono-r1,1,7,10,20,0.7849818707050382,0.8701249883466592,0,0.55
trec-covid-chrono-r1,1,7,20,40,0.7967610662472991,0.8701249883466592,0,0.6
trec-covid-chrono-r1,1,7,50,100,0.933745776545611,0.8701249883466592,0,0.85
trec-covid-chrono-r1,1,7,100,200,0.8701249883466592,0.8701249883466592,1,1.0
trec-covid-chrono-r1,1,7,200,400,0.8701249883466592,0.8701249883466592,1,1.0
trec-covid-chrono-r1,1,7,500,1000,0.8701249883466592,0.8701249883466592,1,1.0
trec-covid-chrono-r1,1,7,1000,2000,0.8701249883466592,0.8701249883466592,1,1.0
trec-covid-chrono-r1,1,7,2000,4000,0.8701249883466592,0.8701249883466592,1,1.0
trec-covid-chrono-r1,1,7,5000,10000,0.8701249883466592,0.8701249883466592,1,1.0
trec-covid-chrono-r1,1,17,10,20,0.7570111083995952,0.8913696435738849,0,0.45
trec-covid-chrono-r1,1,17,20,40,0.8911742177248004,0.8913696435738849,0,0.55
trec-covid-chrono-r1,1,17,50,100,0.8277488553749334,0.8913696435738849,0,0.75
trec-covid-chrono-r1,1,17,100,200,0.8913696435738849,0.8913696435738849,0,0.9
trec-covid-chrono-r1,1,17,200,400,0.8913696435738849,0.8913696435738849,1,1.0
trec-covid-chrono-r1,1,17,500,1000,0.8913696435738849,0.8913696435738849,1,1.0
trec-covid-chrono-r1,1,17,1000,2000,0.8913696435738849,0.8913696435738849,1,1.0
trec-covid-chrono-r1,1,17,2000,4000,0.8913696435738849,0.8913696435738849,1,1.0
trec-covid-chrono-r1,1,17,5000,10000,0.8913696435738849,0.8913696435738849,1,1.0
trec-covid-chrono-r2,2,15,10,20,0.24969579131638178,0.25606569883520447,0,0.7
trec-covid-chrono-r2,2,15,20,40,0.24969579131638178,0.25606569883520447,0,0.7
trec-covid-chrono-r2,2,15,50,100,0.24969579131638178,0.25606569883520447,0,0.7
trec-covid-chrono-r2,2,15,100,200,0.24969579131638178,0.25606569883520447,0,0.7
trec-covid-chrono-r2,2,15,200,400,0.3534133657059562,0.25606569883520447,0,0.75
trec-covid-chrono-r2,2,15,500,1000,0.3114914393387184,0.25606569883520447,0,0.9
trec-covid-chrono-r2,2,15,1000,2000,0.25409934875391305,0.25606569883520447,0,0.95
trec-covid-chrono-r2,2,15,2000,4000,0.25409934875391305,0.25606569883520447,0,1.0
trec-covid-chrono-r2,2,15,5000,10000,0.25409934875391305,0.25606569883520447,0,1.0
trec-covid-chrono-r2,2,3,10,20,0.45605767792792884,0.7393614210213836,0,0.55
trec-covid-chrono-r2,2,3,20,40,0.6052130671959173,0.7393614210213836,0,0.55
trec-covid-chrono-r2,2,3,50,100,0.6375595291540206,0.7393614210213836,0,0.6
trec-covid-chrono-r2,2,3,100,200,0.7711718151208595,0.7393614210213836,0,0.7
trec-covid-chrono-r2,2,3,200,400,0.7393614210213836,0.7393614210213836,0,0.95
trec-covid-chrono-r2,2,3,500,1000,0.7393614210213836,0.7393614210213836,1,1.0
trec-covid-chrono-r2,2,3,1000,2000,0.7393614210213836,0.7393614210213836,1,1.0
trec-covid-chrono-r2,2,3,2000,4000,0.7393614210213836,0.7393614210213836,1,1.0
trec-covid-chrono-r2,2,3,5000,10000,0.7393614210213836,0.7393614210213836,1,1.0
trec-covid-chrono-r3,3,2,10,20,0.4674975726374815,0.7909506325094736,0,0.65
trec-covid-chrono-r3,3,2,20,40,0.46945447024602915,0.7909506325094736,0,0.65
trec-covid-chrono-r3,3,2,50,100,0.6528642754944294,0.7909506325094736,0,0.65
trec-covid-chrono-r3,3,2,100,200,0.9305687780632227,0.7909506325094736,0,0.9
trec-covid-chrono-r3,3,2,200,400,0.9305687780632227,0.7909506325094736,0,0.9
trec-covid-chrono-r3,3,2,500,1000,0.7909506325094736,0.7909506325094736,0,0.95
trec-covid-chrono-r3,3,2,1000,2000,0.7909506325094736,0.7909506325094736,0,0.95
trec-covid-chrono-r3,3,2,2000,4000,0.7909506325094736,0.7909506325094736,0,0.95
trec-covid-chrono-r3,3,2,5000,10000,0.7909506325094736,0.7909506325094736,1,1.0
trec-covid-chrono-r3,3,15,10,20,0.24029610769443033,0.34799097539738577,0,0.9
trec-covid-chrono-r3,3,15,20,40,0.24029610769443033,0.34799097539738577,0,0.9
trec-covid-chrono-r3,3,15,50,100,0.24029610769443033,0.34799097539738577,0,0.9
trec-covid-chrono-r3,3,15,100,200,0.24029610769443033,0.34799097539738577,0,0.9
trec-covid-chrono-r3,3,15,200,400,0.24029610769443033,0.34799097539738577,0,0.95
trec-covid-chrono-r3,3,15,500,1000,0.24029610769443033,0.34799097539738577,0,0.95
trec-covid-chrono-r3,3,15,1000,2000,0.24029610769443033,0.34799097539738577,0,0.95
trec-covid-chrono-r3,3,15,2000,4000,0.2868873606380917,0.34799097539738577,0,0.95
trec-covid-chrono-r3,3,15,5000,10000,0.28437018719843404,0.34799097539738577,0,1.0
trec-covid-chrono-r4,4,5,10,20,0.6311440561134205,0.7056740334630792,0,0.5
trec-covid-chrono-r4,4,5,20,40,0.7219997203203886,0.7056740334630792,0,0.55
trec-covid-chrono-r4,4,5,50,100,0.708579250331992,0.7056740334630792,0,0.75
trec-covid-chrono-r4,4,5,100,200,0.7056740334630792,0.7056740334630792,0,0.9
trec-covid-chrono-r4,4,5,200,400,0.7056740334630792,0.7056740334630792,0,0.95
trec-covid-chrono-r4,4,5,500,1000,0.7056740334630792,0.7056740334630792,1,1.0
trec-covid-chrono-r4,4,5,1000,2000,0.7056740334630792,0.7056740334630792,1,1.0
trec-covid-chrono-r4,4,5,2000,4000,0.7056740334630792,0.7056740334630792,1,1.0
trec-covid-chrono-r4,4,5,5000,10000,0.7056740334630792,0.7056740334630792,1,1.0
trec-covid-chrono-r4,4,4,10,20,0.2462792422025983,0.5087655161157055,0,0.7
trec-covid-chrono-r4,4,4,20,40,0.2462792422025983,0.5087655161157055,0,0.7
trec-covid-chrono-r4,4,4,50,100,0.43562277000443955,0.5087655161157055,0,0.75
trec-covid-chrono-r4,4,4,100,200,0.47422986604907463,0.5087655161157055,0,0.85
trec-covid-chrono-r4,4,4,200,400,0.6129021564317135,0.5087655161157055,0,0.95
trec-covid-chrono-r4,4,4,500,1000,0.5405759102151814,0.5087655161157055,0,0.9
trec-covid-chrono-r4,4,4,1000,2000,0.5087655161157055,0.5087655161157055,0,0.9
trec-covid-chrono-r4,4,4,2000,4000,0.5087655161157055,0.5087655161157055,0,0.95
trec-covid-chrono-r4,4,4,5000,10000,0.5087655161157055,0.5087655161157055,1,1.0
trec-covid-chrono-r5,5,25,10,20,0.7065836017263628,0.9266360779006398,0,0.4
trec-covid-chrono-r5,5,25,20,40,0.7183627972686238,0.9266360779006398,0,0.45
trec-covid-chrono-r5,5,25,50,100,0.9266360779006398,0.9266360779006398,0,0.8
trec-covid-chrono-r5,5,25,100,200,0.9266360779006398,0.9266360779006398,0,0.85
trec-covid-chrono-r5,5,25,200,400,0.9266360779006398,0.9266360779006398,1,1.0
trec-covid-chrono-r5,5,25,500,1000,0.9266360779006398,0.9266360779006398,1,1.0
trec-covid-chrono-r5,5,25,1000,2000,0.9266360779006398,0.9266360779006398,1,1.0
trec-covid-chrono-r5,5,25,2000,4000,0.9266360779006398,0.9266360779006398,1,1.0
trec-covid-chrono-r5,5,25,5000,10000,0.9266360779006398,0.9266360779006398,1,1.0
trec-covid-chrono-r5,5,23,10,20,0.7273298443105218,0.8967920338824553,0,0.25
trec-covid-chrono-r5,5,23,20,40,0.7273298443105218,0.8967920338824553,0,0.25
trec-covid-chrono-r5,5,23,50,100,0.8701249883466592,0.8967920338824553,0,0.35
trec-covid-chrono-r5,5,23,100,200,0.8967920338824553,0.8967920338824553,0,0.7
trec-covid-chrono-r5,5,23,200,400,0.8967920338824553,0.8967920338824553,0,0.95
trec-covid-chrono-r5,5,23,500,1000,0.8967920338824553,0.8967920338824553,0,1.0
trec-covid-chrono-r5,5,23,1000,2000,0.8967920338824553,0.8967920338824553,0,1.0
trec-covid-chrono-r5,5,23,2000,4000,0.8967920338824553,0.8967920338824553,0,1.0
trec-covid-chrono-r5,5,23,5000,10000,0.8967920338824553,0.8967920338824553,1,1.0
