dataset,query_id,policy,budget,reads,dense,sparse,k100,certificate_calls,replay_seconds
msmarco-passage-trec-dl-2019,490595,grouped-unit,128,128,52,76,22,129,0.0009593750583007932
msmarco-passage-trec-dl-2019,490595,grouped-unit,256,256,114,142,39,257,0.0019424171186983585
msmarco-passage-trec-dl-2019,490595,grouped-unit,512,512,199,313,58,513,0.0038940832018852234
msmarco-passage-trec-dl-2019,490595,grouped-unit,1024,1003,635,368,100,1004,0.00770641618873924
msmarco-passage-trec-dl-2019,490595,grouped-unit,2048,1003,635,368,100,1004,0.0077067072270438075
msmarco-passage-trec-dl-2019,490595,grouped-blocker64,128,128,64,64,17,3,0.00021645799279212952
msmarco-passage-trec-dl-2019,490595,grouped-blocker64,256,256,128,128,30,5,0.0004024989902973175
msmarco-passage-trec-dl-2019,490595,grouped-blocker64,512,512,256,256,54,9,0.0007928319973871112
msmarco-passage-trec-dl-2019,490595,grouped-blocker64,1024,1024,640,384,100,17,0.001574249006807804
msmarco-passage-trec-dl-2019,490595,grouped-blocker64,2048,1024,640,384,100,17,0.0015744990669190884
msmarco-passage-trec-dl-2019,855410,grouped-unit,128,128,64,64,5,129,0.0007012920686975121
msmarco-passage-trec-dl-2019,855410,grouped-unit,256,256,128,128,5,257,0.0013796250568702817
msmarco-passage-trec-dl-2019,855410,grouped-unit,512,512,256,256,5,513,0.002709750086069107
msmarco-passage-trec-dl-2019,855410,grouped-unit,1024,1024,512,512,5,1025,0.005579167045652866
msmarco-passage-trec-dl-2019,855410,grouped-unit,2048,2048,1024,1024,5,2049,0.012726875022053719
msmarco-passage-trec-dl-2019,855410,grouped-blocker64,128,128,64,64,5,3,0.00015554099809378386
msmarco-passage-trec-dl-2019,855410,grouped-blocker64,256,256,128,128,5,5,0.0002906660083681345
msmarco-passage-trec-dl-2019,855410,grouped-blocker64,512,512,256,256,5,9,0.0005294580478221178
msmarco-passage-trec-dl-2019,855410,grouped-blocker64,1024,1024,512,512,5,17,0.0009994989959523082
msmarco-passage-trec-dl-2019,855410,grouped-blocker64,2048,2048,1024,1024,5,33,0.002005749032832682
msmarco-passage-trec-dl-2019,264014,grouped-unit,128,128,70,58,9,129,0.0008197500137612224
msmarco-passage-trec-dl-2019,264014,grouped-unit,256,256,140,116,26,257,0.0017191249644383788
msmarco-passage-trec-dl-2019,264014,grouped-unit,512,512,272,240,40,513,0.0035607089521363378
msmarco-passage-trec-dl-2019,264014,grouped-unit,1024,1024,769,255,60,1025,0.007171918055973947
msmarco-passage-trec-dl-2019,264014,grouped-unit,2048,2048,1707,341,66,2049,0.014646877069026232
msmarco-passage-trec-dl-2019,264014,grouped-blocker64,128,128,64,64,9,3,0.0001781670143827796
msmarco-passage-trec-dl-2019,264014,grouped-blocker64,256,256,128,128,21,5,0.00038395903538912535
msmarco-passage-trec-dl-2019,264014,grouped-blocker64,512,512,256,256,40,9,0.000744209042750299
msmarco-passage-trec-dl-2019,264014,grouped-blocker64,1024,1024,768,256,60,17,0.0013020840706303716
msmarco-passage-trec-dl-2019,264014,grouped-blocker64,2048,2048,1664,384,66,33,0.0023640000727027655
msmarco-passage-trec-dl-2019,19335,grouped-unit,128,128,67,61,5,129,0.0007428330136463046
msmarco-passage-trec-dl-2019,19335,grouped-unit,256,256,133,123,8,257,0.0015897919656708837
msmarco-passage-trec-dl-2019,19335,grouped-unit,512,512,231,281,14,513,0.003350874991156161
msmarco-passage-trec-dl-2019,19335,grouped-unit,1024,1024,472,552,19,1025,0.006936584017239511
msmarco-passage-trec-dl-2019,19335,grouped-unit,2048,2048,885,1163,21,2049,0.014529042062349617
msmarco-passage-trec-dl-2019,19335,grouped-blocker64,128,128,64,64,4,3,0.00014766596723347902
msmarco-passage-trec-dl-2019,19335,grouped-blocker64,256,256,128,128,8,5,0.0002890409668907523
msmarco-passage-trec-dl-2019,19335,grouped-blocker64,512,512,256,256,14,9,0.0005642080213874578
msmarco-passage-trec-dl-2019,19335,grouped-blocker64,1024,1024,448,576,18,17,0.0011085410369560122
msmarco-passage-trec-dl-2019,19335,grouped-blocker64,2048,2048,896,1152,21,33,0.0021600000327453017
msmarco-passage-trec-dl-2019,1133167,grouped-unit,128,128,68,60,6,129,0.0007260419661179185
msmarco-passage-trec-dl-2019,1133167,grouped-unit,256,256,137,119,12,257,0.001621208037249744
msmarco-passage-trec-dl-2019,1133167,grouped-unit,512,512,256,256,26,513,0.003470999072305858
msmarco-passage-trec-dl-2019,1133167,grouped-unit,1024,1024,340,684,39,1025,0.0071617490611970425
msmarco-passage-trec-dl-2019,1133167,grouped-unit,2048,2048,961,1087,82,2049,0.015083999023772776
msmarco-passage-trec-dl-2019,1133167,grouped-blocker64,128,128,64,64,6,3,0.00015270791482180357
msmarco-passage-trec-dl-2019,1133167,grouped-blocker64,256,256,128,128,11,5,0.00031749880872666836
msmarco-passage-trec-dl-2019,1133167,grouped-blocker64,512,512,256,256,26,9,0.0006438738200813532
msmarco-passage-trec-dl-2019,1133167,grouped-blocker64,1024,1024,384,640,39,17,0.0011850828304886818
msmarco-passage-trec-dl-2019,1133167,grouped-blocker64,2048,2048,960,1088,82,33,0.0024699168279767036
msmarco-passage-trec-dl-2019,156493,grouped-unit,128,128,56,72,18,129,0.0008827920537441969
msmarco-passage-trec-dl-2019,156493,grouped-unit,256,256,99,157,25,257,0.0017202090239152312
msmarco-passage-trec-dl-2019,156493,grouped-unit,512,512,327,185,67,513,0.00372308399528265
msmarco-passage-trec-dl-2019,156493,grouped-unit,1024,1024,695,329,88,1025,0.007545916945673525
msmarco-passage-trec-dl-2019,156493,grouped-unit,2048,1223,799,424,100,1224,0.009041875950060785
msmarco-passage-trec-dl-2019,156493,grouped-blocker64,128,128,64,64,18,3,0.00021812506020069122
msmarco-passage-trec-dl-2019,156493,grouped-blocker64,256,256,128,128,24,5,0.00038470898289233446
msmarco-passage-trec-dl-2019,156493,grouped-blocker64,512,512,320,192,66,9,0.0008377499179914594
msmarco-passage-trec-dl-2019,156493,grouped-blocker64,1024,1024,704,320,88,17,0.0014367918483912945
msmarco-passage-trec-dl-2019,156493,grouped-blocker64,2048,1280,832,448,100,21,0.0017439587973058224
msmarco-passage-trec-dl-2019,87452,grouped-unit,128,128,62,66,14,129,0.0008800829527899623
msmarco-passage-trec-dl-2019,87452,grouped-unit,256,256,144,112,24,257,0.0017242080066353083
msmarco-passage-trec-dl-2019,87452,grouped-unit,512,512,278,234,28,513,0.0035286659840494394
msmarco-passage-trec-dl-2019,87452,grouped-unit,1024,1024,616,408,35,1025,0.007182749919593334
msmarco-passage-trec-dl-2019,87452,grouped-unit,2048,2048,791,1257,47,2049,0.014948541880585253
msmarco-passage-trec-dl-2019,87452,grouped-blocker64,128,128,64,64,14,3,0.00020987505558878183
msmarco-passage-trec-dl-2019,87452,grouped-blocker64,256,256,128,128,24,5,0.00038475007750093937
msmarco-passage-trec-dl-2019,87452,grouped-blocker64,512,512,256,256,26,9,0.0006474590627476573
msmarco-passage-trec-dl-2019,87452,grouped-blocker64,1024,1024,576,448,33,17,0.0011691260151565075
msmarco-passage-trec-dl-2019,87452,grouped-blocker64,2048,2048,832,1216,47,33,0.00232325098477304
msmarco-passage-trec-dl-2019,1112341,grouped-unit,128,128,63,65,8,129,0.0008267499506473541
msmarco-passage-trec-dl-2019,1112341,grouped-unit,256,256,133,123,10,257,0.0016747919144108891
msmarco-passage-trec-dl-2019,1112341,grouped-unit,512,512,294,218,16,513,0.003491166979074478
msmarco-passage-trec-dl-2019,1112341,grouped-unit,1024,1024,632,392,19,1025,0.007124084047973156
msmarco-passage-trec-dl-2019,1112341,grouped-unit,2048,2048,1336,712,24,2049,0.014818001072853804
msmarco-passage-trec-dl-2019,1112341,grouped-blocker64,128,128,64,64,7,3,0.0001557080540806055
msmarco-passage-trec-dl-2019,1112341,grouped-blocker64,256,256,128,128,10,5,0.00030087505001574755
msmarco-passage-trec-dl-2019,1112341,grouped-blocker64,512,512,256,256,14,9,0.0005571669898927212
msmarco-passage-trec-dl-2019,1112341,grouped-blocker64,1024,1024,640,384,19,17,0.0010629589669406414
msmarco-passage-trec-dl-2019,1112341,grouped-blocker64,2048,2048,1344,704,24,33,0.002144208992831409
msmarco-passage-trec-dl-2019,168216,grouped-unit,128,128,64,64,9,129,0.0008011249592527747
msmarco-passage-trec-dl-2019,168216,grouped-unit,256,256,127,129,29,257,0.0017009999137371778
msmarco-passage-trec-dl-2019,168216,grouped-unit,512,512,298,214,89,513,0.003821916878223419
msmarco-passage-trec-dl-2019,168216,grouped-unit,1024,605,350,255,100,606,0.004513749852776527
msmarco-passage-trec-dl-2019,168216,grouped-unit,2048,605,350,255,100,606,0.00451399979647249
msmarco-passage-trec-dl-2019,168216,grouped-blocker64,128,128,64,64,9,3,0.00015829107724130154
msmarco-passage-trec-dl-2019,168216,grouped-blocker64,256,256,128,128,24,5,0.00036999909207224846
msmarco-passage-trec-dl-2019,168216,grouped-blocker64,512,512,320,192,86,9,0.0009322491241618991
msmarco-passage-trec-dl-2019,168216,grouped-blocker64,1024,640,384,256,100,11,0.001135332160629332
msmarco-passage-trec-dl-2019,168216,grouped-blocker64,2048,640,384,256,100,11,0.001135540078394115
msmarco-passage-trec-dl-2019,1103812,grouped-unit,128,128,64,64,3,129,0.0007200000109151006
msmarco-passage-trec-dl-2019,1103812,grouped-unit,256,256,128,128,6,257,0.0015126250218600035
msmarco-passage-trec-dl-2019,1103812,grouped-unit,512,512,229,283,9,513,0.003264708095230162
msmarco-passage-trec-dl-2019,1103812,grouped-unit,1024,1024,426,598,12,1025,0.00679270806722343
msmarco-passage-trec-dl-2019,1103812,grouped-unit,2048,2048,731,1317,13,2049,0.014382166089490056
msmarco-passage-trec-dl-2019,1103812,grouped-blocker64,128,128,64,64,3,3,0.00011954200454056263
msmarco-passage-trec-dl-2019,1103812,grouped-blocker64,256,256,128,128,6,5,0.0002507920144125819
msmarco-passage-trec-dl-2019,1103812,grouped-blocker64,512,512,256,256,7,9,0.0004657920217141509
msmarco-passage-trec-dl-2019,1103812,grouped-blocker64,1024,1024,448,576,12,17,0.0009216249454766512
msmarco-passage-trec-dl-2019,1103812,grouped-blocker64,2048,2048,768,1280,13,33,0.0019195419736206532
msmarco-passage-trec-dl-2019,1114646,grouped-unit,128,128,70,58,14,129,0.000839291955344379
msmarco-passage-trec-dl-2019,1114646,grouped-unit,256,256,141,115,24,257,0.0017454579938203096
msmarco-passage-trec-dl-2019,1114646,grouped-unit,512,512,226,286,29,513,0.0034907920053228736
msmarco-passage-trec-dl-2019,1114646,grouped-unit,1024,1024,336,688,32,1025,0.0069807920372113585
msmarco-passage-trec-dl-2019,1114646,grouped-unit,2048,2048,631,1417,33,2049,0.01451641705352813
msmarco-passage-trec-dl-2019,1114646,grouped-blocker64,128,128,64,64,12,3,0.00019408308435231447
msmarco-passage-trec-dl-2019,1114646,grouped-blocker64,256,256,128,128,23,5,0.00041920808143913746
msmarco-passage-trec-dl-2019,1114646,grouped-blocker64,512,512,256,256,29,9,0.0006902080494910479
msmarco-passage-trec-dl-2019,1114646,grouped-blocker64,1024,1024,320,704,32,17,0.0011581240687519312
msmarco-passage-trec-dl-2019,1114646,grouped-blocker64,2048,2048,640,1408,33,33,0.002090248977765441
msmarco-passage-trec-dl-2019,1129237,grouped-unit,128,128,53,75,12,129,0.0008039170643314719
msmarco-passage-trec-dl-2019,1129237,grouped-unit,256,256,103,153,16,257,0.0016320841386914253
msmarco-passage-trec-dl-2019,1129237,grouped-unit,512,512,186,326,23,513,0.0033985840855166316
msmarco-passage-trec-dl-2019,1129237,grouped-unit,1024,1024,304,720,25,1025,0.006973667070269585
msmarco-passage-trec-dl-2019,1129237,grouped-unit,2048,2048,425,1623,27,2049,0.014484875020571053
msmarco-passage-trec-dl-2019,1129237,grouped-blocker64,128,128,64,64,10,3,0.00018145795911550522
msmarco-passage-trec-dl-2019,1129237,grouped-blocker64,256,256,128,128,16,5,0.000328000052832067
msmarco-passage-trec-dl-2019,1129237,grouped-blocker64,512,512,192,320,22,9,0.0006139171309769154
msmarco-passage-trec-dl-2019,1129237,grouped-blocker64,1024,1024,320,704,25,17,0.0011564171873033047
msmarco-passage-trec-dl-2019,1129237,grouped-blocker64,2048,2048,448,1600,27,33,0.002179708215408027
msmarco-passage-trec-dl-2019,489204,grouped-unit,128,128,60,68,4,129,0.0007395000429823995
msmarco-passage-trec-dl-2019,489204,grouped-unit,256,256,119,137,8,257,0.001576332957483828
msmarco-passage-trec-dl-2019,489204,grouped-unit,512,512,229,283,11,513,0.0032450419384986162
msmarco-passage-trec-dl-2019,489204,grouped-unit,1024,1024,388,636,22,1025,0.006857166881673038
msmarco-passage-trec-dl-2019,489204,grouped-unit,2048,2048,622,1426,26,2049,0.014554124907590449
msmarco-passage-trec-dl-2019,489204,grouped-blocker64,128,128,64,64,4,3,0.0001264170277863741
msmarco-passage-trec-dl-2019,489204,grouped-blocker64,256,256,128,128,7,5,0.0002657499862834811
msmarco-passage-trec-dl-2019,489204,grouped-blocker64,512,512,256,256,10,9,0.0005228340160101652
msmarco-passage-trec-dl-2019,489204,grouped-blocker64,1024,1024,384,640,22,17,0.0011401670053601265
msmarco-passage-trec-dl-2019,489204,grouped-blocker64,2048,2048,640,1408,26,33,0.002209458965808153
msmarco-passage-trec-dl-2019,146187,grouped-unit,128,128,66,62,16,129,0.0007736249826848507
msmarco-passage-trec-dl-2019,146187,grouped-unit,256,256,144,112,23,257,0.0016744999447837472
msmarco-passage-trec-dl-2019,146187,grouped-unit,512,512,305,207,34,513,0.003387332893908024
msmarco-passage-trec-dl-2019,146187,grouped-unit,1024,1024,378,646,56,1025,0.007105874828994274
msmarco-passage-trec-dl-2019,146187,grouped-unit,2048,2048,420,1628,65,2049,0.014723499887622893
msmarco-passage-trec-dl-2019,146187,grouped-blocker64,128,128,64,64,16,3,0.0002013340126723051
msmarco-passage-trec-dl-2019,146187,grouped-blocker64,256,256,128,128,22,5,0.0003639180213212967
msmarco-passage-trec-dl-2019,146187,grouped-blocker64,512,512,320,192,31,9,0.0006631260039284825
msmarco-passage-trec-dl-2019,146187,grouped-blocker64,1024,1024,384,640,55,17,0.0012859179405495524
msmarco-passage-trec-dl-2019,146187,grouped-blocker64,2048,2048,448,1600,65,33,0.0023743759375065565
msmarco-passage-trec-dl-2019,1063750,grouped-unit,128,128,70,58,4,129,0.0006887910421937704
msmarco-passage-trec-dl-2019,1063750,grouped-unit,256,256,142,114,6,257,0.0015374990180134773
msmarco-passage-trec-dl-2019,1063750,grouped-unit,512,512,295,217,6,513,0.003294541034847498
msmarco-passage-trec-dl-2019,1063750,grouped-unit,1024,1024,636,388,9,1025,0.006817333051003516
msmarco-passage-trec-dl-2019,1063750,grouped-unit,2048,2048,1426,622,11,2049,0.014240500051528215
msmarco-passage-trec-dl-2019,1063750,grouped-blocker64,128,128,64,64,4,3,0.00016216689255088568
msmarco-passage-trec-dl-2019,1063750,grouped-blocker64,256,256,128,128,6,5,0.00029341690242290497
msmarco-passage-trec-dl-2019,1063750,grouped-blocker64,512,512,256,256,6,9,0.0005342508666217327
msmarco-passage-trec-dl-2019,1063750,grouped-blocker64,1024,1024,640,384,9,17,0.0010350848315283656
msmarco-passage-trec-dl-2019,1063750,grouped-blocker64,2048,2048,1408,640,10,33,0.002122917794622481
msmarco-passage-trec-dl-2019,182539,grouped-unit,128,128,75,53,28,129,0.000885708024725318
msmarco-passage-trec-dl-2019,182539,grouped-unit,256,256,152,104,31,257,0.001712499069981277
msmarco-passage-trec-dl-2019,182539,grouped-unit,512,512,322,190,39,513,0.003524957108311355
msmarco-passage-trec-dl-2019,182539,grouped-unit,1024,1024,743,281,40,1025,0.007036624010652304
msmarco-passage-trec-dl-2019,182539,grouped-unit,2048,2048,1668,380,42,2049,0.014494206989184022
msmarco-passage-trec-dl-2019,182539,grouped-blocker64,128,128,64,64,28,3,0.00023062503896653652
msmarco-passage-trec-dl-2019,182539,grouped-blocker64,256,256,128,128,30,5,0.0003558750031515956
msmarco-passage-trec-dl-2019,182539,grouped-blocker64,512,512,320,192,39,9,0.0006540409522131085
msmarco-passage-trec-dl-2019,182539,grouped-blocker64,1024,1024,704,320,40,17,0.001134915859438479
msmarco-passage-trec-dl-2019,182539,grouped-blocker64,2048,2048,1664,384,42,33,0.002242248854599893
msmarco-passage-trec-dl-2019,915593,grouped-unit,128,128,60,68,10,129,0.0007523749954998493
msmarco-passage-trec-dl-2019,915593,grouped-unit,256,256,126,130,23,257,0.0016740839928388596
msmarco-passage-trec-dl-2019,915593,grouped-unit,512,512,290,222,63,513,0.003666543052531779
msmarco-passage-trec-dl-2019,915593,grouped-unit,1024,720,446,274,100,721,0.005371043109335005
msmarco-passage-trec-dl-2019,915593,grouped-unit,2048,720,446,274,100,721,0.005371335078962147
msmarco-passage-trec-dl-2019,915593,grouped-blocker64,128,128,64,64,9,3,0.00014558399561792612
msmarco-passage-trec-dl-2019,915593,grouped-blocker64,256,256,128,128,22,5,0.0003152090357616544
msmarco-passage-trec-dl-2019,915593,grouped-blocker64,512,512,256,256,46,9,0.0006834180094301701
msmarco-passage-trec-dl-2019,915593,grouped-blocker64,1024,768,448,320,100,13,0.0011862509418278933
msmarco-passage-trec-dl-2019,915593,grouped-blocker64,2048,768,448,320,100,13,0.0011865010019391775
msmarco-passage-trec-dl-2019,130510,grouped-unit,128,128,72,56,22,129,0.0008979580597952008
msmarco-passage-trec-dl-2019,130510,grouped-unit,256,256,159,97,26,257,0.0016926671378314495
msmarco-passage-trec-dl-2019,130510,grouped-unit,512,512,341,171,30,513,0.003493000171147287
msmarco-passage-trec-dl-2019,130510,grouped-unit,1024,1024,757,267,32,1025,0.00715033314190805
msmarco-passage-trec-dl-2019,130510,grouped-unit,2048,2048,1692,356,33,2049,0.01448283321224153
msmarco-passage-trec-dl-2019,130510,grouped-blocker64,128,128,64,64,22,3,0.00023841694928705692
msmarco-passage-trec-dl-2019,130510,grouped-blocker64,256,256,128,128,25,5,0.0003748750314116478
msmarco-passage-trec-dl-2019,130510,grouped-blocker64,512,512,320,192,29,9,0.0006533750565722585
msmarco-passage-trec-dl-2019,130510,grouped-blocker64,1024,1024,704,320,32,17,0.0012051250087097287
msmarco-passage-trec-dl-2019,130510,grouped-blocker64,2048,2048,1664,384,33,33,0.00224004196934402
msmarco-passage-trec-dl-2019,207786,grouped-unit,128,128,58,70,11,129,0.0007539590587839484
msmarco-passage-trec-dl-2019,207786,grouped-unit,256,256,106,150,18,257,0.001643541967496276
msmarco-passage-trec-dl-2019,207786,grouped-unit,512,512,236,276,25,513,0.003351000021211803
msmarco-passage-trec-dl-2019,207786,grouped-unit,1024,1024,448,576,30,1025,0.0069040830712765455
msmarco-passage-trec-dl-2019,207786,grouped-unit,2048,2048,631,1417,35,2049,0.014560125069692731
msmarco-passage-trec-dl-2019,207786,grouped-blocker64,128,128,64,64,11,3,0.00017433299217373133
msmarco-passage-trec-dl-2019,207786,grouped-blocker64,256,256,128,128,18,5,0.0003312489716336131
msmarco-passage-trec-dl-2019,207786,grouped-blocker64,512,512,192,320,23,9,0.0005957909161224961
msmarco-passage-trec-dl-2019,207786,grouped-blocker64,1024,1024,448,576,30,17,0.0011382908560335636
msmarco-passage-trec-dl-2019,207786,grouped-blocker64,2048,2048,640,1408,35,33,0.0022178739309310913
msmarco-passage-trec-dl-2019,1106007,grouped-unit,128,128,66,62,7,129,0.0007380000315606594
msmarco-passage-trec-dl-2019,1106007,grouped-unit,256,256,133,123,12,257,0.001659583067521453
msmarco-passage-trec-dl-2019,1106007,grouped-unit,512,512,218,294,17,513,0.0034330410417169333
msmarco-passage-trec-dl-2019,1106007,grouped-unit,1024,1024,392,632,21,1025,0.007074124063365161
msmarco-passage-trec-dl-2019,1106007,grouped-unit,2048,2048,1230,818,33,2049,0.01479658205062151
msmarco-passage-trec-dl-2019,1106007,grouped-blocker64,128,128,64,64,6,3,0.00015937502030283213
msmarco-passage-trec-dl-2019,1106007,grouped-blocker64,256,256,128,128,10,5,0.000311249983496964
msmarco-passage-trec-dl-2019,1106007,grouped-blocker64,512,512,256,256,17,9,0.0005996250547468662
msmarco-passage-trec-dl-2019,1106007,grouped-blocker64,1024,1024,384,640,21,17,0.0011263750493526459
msmarco-passage-trec-dl-2019,1106007,grouped-blocker64,2048,2048,1216,832,33,33,0.002254290971904993
msmarco-passage-trec-dl-2020,1109707,grouped-unit,128,128,66,62,3,129,0.000701958080753684
msmarco-passage-trec-dl-2020,1109707,grouped-unit,256,256,133,123,6,257,0.001576875103637576
msmarco-passage-trec-dl-2020,1109707,grouped-unit,512,512,244,268,22,513,0.0033829580061137676
msmarco-passage-trec-dl-2020,1109707,grouped-unit,1024,1024,556,468,29,1025,0.006981125101447105
msmarco-passage-trec-dl-2020,1109707,grouped-unit,2048,2048,1253,795,41,2049,0.014881792129017413
msmarco-passage-trec-dl-2020,1109707,grouped-blocker64,128,128,64,64,3,3,0.00014566699974238873
msmarco-passage-trec-dl-2020,1109707,grouped-blocker64,256,256,128,128,6,5,0.00029070908203721046
msmarco-passage-trec-dl-2020,1109707,grouped-blocker64,512,512,256,256,22,9,0.0006290421588346362
msmarco-passage-trec-dl-2020,1109707,grouped-blocker64,1024,1024,512,512,28,17,0.0011645011836662889
msmarco-passage-trec-dl-2020,1109707,grouped-blocker64,2048,2048,1216,832,40,33,0.002328626113012433
msmarco-passage-trec-dl-2020,390360,grouped-unit,128,128,62,66,6,129,0.0006976670119911432
msmarco-passage-trec-dl-2020,390360,grouped-unit,256,256,128,128,8,257,0.001584584009833634
msmarco-passage-trec-dl-2020,390360,grouped-unit,512,512,198,314,10,513,0.0033930419012904167
msmarco-passage-trec-dl-2020,390360,grouped-unit,1024,1024,334,690,13,1025,0.006633958895690739
msmarco-passage-trec-dl-2020,390360,grouped-unit,2048,2048,489,1559,14,2049,0.014262083917856216
msmarco-passage-trec-dl-2020,390360,grouped-blocker64,128,128,64,64,6,3,0.00015495799016207457
msmarco-passage-trec-dl-2020,390360,grouped-blocker64,256,256,128,128,8,5,0.0003162079956382513
msmarco-passage-trec-dl-2020,390360,grouped-blocker64,512,512,192,320,10,9,0.0005876669893041253
msmarco-passage-trec-dl-2020,390360,grouped-blocker64,1024,1024,320,704,13,17,0.0011343760415911674
msmarco-passage-trec-dl-2020,390360,grouped-blocker64,2048,2048,512,1536,14,33,0.0022181260865181684
msmarco-passage-trec-dl-2020,1121353,grouped-unit,128,128,60,68,5,129,0.000708041014149785
msmarco-passage-trec-dl-2020,1121353,grouped-unit,256,256,119,137,5,257,0.001575623988173902
msmarco-passage-trec-dl-2020,1121353,grouped-unit,512,512,229,283,6,513,0.003283581929281354
msmarco-passage-trec-dl-2020,1121353,grouped-unit,1024,1024,470,554,12,1025,0.006843957002274692
msmarco-passage-trec-dl-2020,1121353,grouped-unit,2048,2048,1171,877,17,2049,0.014598165987990797
msmarco-passage-trec-dl-2020,1121353,grouped-blocker64,128,128,64,64,5,3,0.00014650006778538227
msmarco-passage-trec-dl-2020,1121353,grouped-blocker64,256,256,128,128,5,5,0.00027291709557175636
msmarco-passage-trec-dl-2020,1121353,grouped-blocker64,512,512,256,256,6,9,0.0005750830750912428
msmarco-passage-trec-dl-2020,1121353,grouped-blocker64,1024,1024,448,576,12,17,0.0011134580709040165
msmarco-passage-trec-dl-2020,1121353,grouped-blocker64,2048,2048,1152,896,17,33,0.003869541105814278
msmarco-passage-trec-dl-2020,1122767,grouped-unit,128,128,72,56,14,129,0.0008507499005645514
msmarco-passage-trec-dl-2020,1122767,grouped-unit,256,256,124,132,28,257,0.0017324169166386127
msmarco-passage-trec-dl-2020,1122767,grouped-unit,512,512,244,268,35,513,0.003558291937224567
msmarco-passage-trec-dl-2020,1122767,grouped-unit,1024,1024,474,550,42,1025,0.007288416964001954
msmarco-passage-trec-dl-2020,1122767,grouped-unit,2048,2048,889,1159,44,2049,0.014927291893400252
msmarco-passage-trec-dl-2020,1122767,grouped-blocker64,128,128,64,64,14,3,0.000186417018994689
msmarco-passage-trec-dl-2020,1122767,grouped-blocker64,256,256,128,128,28,5,0.00036616704892367125
msmarco-passage-trec-dl-2020,1122767,grouped-blocker64,512,512,256,256,34,9,0.0006655420875176787
msmarco-passage-trec-dl-2020,1122767,grouped-blocker64,1024,1024,448,576,41,17,0.0011695841094478965
msmarco-passage-trec-dl-2020,1122767,grouped-blocker64,2048,2048,896,1152,44,33,0.0022775420220568776
msmarco-passage-trec-dl-2020,940547,grouped-unit,128,128,64,64,6,129,0.0007272079819813371
msmarco-passage-trec-dl-2020,940547,grouped-unit,256,256,137,119,14,257,0.0016542079392820597
msmarco-passage-trec-dl-2020,940547,grouped-unit,512,512,283,229,19,513,0.0033707909751683474
msmarco-passage-trec-dl-2020,940547,grouped-unit,1024,1024,598,426,27,1025,0.007044290890917182
msmarco-passage-trec-dl-2020,940547,grouped-unit,2048,2048,1317,731,27,2049,0.014702873886562884
msmarco-passage-trec-dl-2020,940547,grouped-blocker64,128,128,64,64,6,3,0.0001503749517723918
msmarco-passage-trec-dl-2020,940547,grouped-blocker64,256,256,128,128,13,5,0.00030387495644390583
msmarco-passage-trec-dl-2020,940547,grouped-blocker64,512,512,256,256,19,9,0.00057283288333565
msmarco-passage-trec-dl-2020,940547,grouped-blocker64,1024,1024,576,448,26,17,0.0010914579033851624
msmarco-passage-trec-dl-2020,940547,grouped-blocker64,2048,2048,1280,768,27,33,0.0021647908724844456
msmarco-passage-trec-dl-2020,1108651,grouped-unit,128,128,66,62,3,129,0.0006519999587908387
msmarco-passage-trec-dl-2020,1108651,grouped-unit,256,256,132,124,6,257,0.0015096248826012015
msmarco-passage-trec-dl-2020,1108651,grouped-unit,512,512,269,243,9,513,0.003265374922193587
msmarco-passage-trec-dl-2020,1108651,grouped-unit,1024,1024,554,470,15,1025,0.006894499878399074
msmarco-passage-trec-dl-2020,1108651,grouped-unit,2048,2048,1286,762,21,2049,0.01445295789744705
msmarco-passage-trec-dl-2020,1108651,grouped-blocker64,128,128,64,64,3,3,0.00013529101852327585
msmarco-passage-trec-dl-2020,1108651,grouped-blocker64,256,256,128,128,6,5,0.0002781250514090061
msmarco-passage-trec-dl-2020,1108651,grouped-blocker64,512,512,256,256,9,9,0.000533167039975524
msmarco-passage-trec-dl-2020,1108651,grouped-blocker64,1024,1024,576,448,14,17,0.0010363340843468904
msmarco-passage-trec-dl-2020,1108651,grouped-blocker64,2048,2048,1280,768,21,33,0.002187043079175055
msmarco-passage-trec-dl-2020,1106979,grouped-unit,128,128,77,51,25,129,0.0008499999530613422
msmarco-passage-trec-dl-2020,1106979,grouped-unit,256,256,173,83,30,257,0.0016280419658869505
msmarco-passage-trec-dl-2020,1106979,grouped-unit,512,512,377,135,34,513,0.0033716248581185937
msmarco-passage-trec-dl-2020,1106979,grouped-unit,1024,1024,833,191,39,1025,0.006918666884303093
msmarco-passage-trec-dl-2020,1106979,grouped-unit,2048,2048,1813,235,41,2049,0.01431670889724046
msmarco-passage-trec-dl-2020,1106979,grouped-blocker64,128,128,64,64,23,3,0.000228708959184587
msmarco-passage-trec-dl-2020,1106979,grouped-blocker64,256,256,128,128,30,5,0.0003694589249789715
msmarco-passage-trec-dl-2020,1106979,grouped-blocker64,512,512,384,128,34,9,0.0006244588876143098
msmarco-passage-trec-dl-2020,1106979,grouped-blocker64,1024,1024,832,192,39,17,0.0011021668324247003
msmarco-passage-trec-dl-2020,1106979,grouped-blocker64,2048,2048,1792,256,41,33,0.002149999840185046
msmarco-passage-trec-dl-2020,1136962,grouped-unit,128,128,73,55,25,129,0.0009437090484425426
msmarco-passage-trec-dl-2020,1136962,grouped-unit,256,256,175,81,43,257,0.0018253750167787075
msmarco-passage-trec-dl-2020,1136962,grouped-unit,512,512,371,141,51,513,0.003645166987553239
msmarco-passage-trec-dl-2020,1136962,grouped-unit,1024,1024,761,263,61,1025,0.007353125023655593
msmarco-passage-trec-dl-2020,1136962,grouped-unit,2048,2048,1409,639,69,2049,0.01498033304233104
msmarco-passage-trec-dl-2020,1136962,grouped-blocker64,128,128,64,64,24,3,0.0002382500097155571
msmarco-passage-trec-dl-2020,1136962,grouped-blocker64,256,256,192,64,36,5,0.00041370897088199854
msmarco-passage-trec-dl-2020,1136962,grouped-blocker64,512,512,320,192,51,9,0.0007297928677871823
msmarco-passage-trec-dl-2020,1136962,grouped-blocker64,1024,1024,768,256,61,17,0.0012575848959386349
msmarco-passage-trec-dl-2020,1136962,grouped-blocker64,2048,2048,1472,576,69,33,0.00238416891079396
msmarco-passage-trec-dl-2020,1132532,grouped-unit,128,128,62,66,5,129,0.0007755419937893748
msmarco-passage-trec-dl-2020,1132532,grouped-unit,256,256,119,137,12,257,0.0016298339469358325
msmarco-passage-trec-dl-2020,1132532,grouped-unit,512,512,205,307,27,513,0.003459291998296976
msmarco-passage-trec-dl-2020,1132532,grouped-unit,1024,1024,355,669,32,1025,0.00709941703826189
msmarco-passage-trec-dl-2020,1132532,grouped-unit,2048,2048,1237,811,37,2049,0.014718334074132144
msmarco-passage-trec-dl-2020,1132532,grouped-blocker64,128,128,64,64,4,3,0.0001235000090673566
msmarco-passage-trec-dl-2020,1132532,grouped-blocker64,256,256,128,128,11,5,0.0002607919741421938
msmarco-passage-trec-dl-2020,1132532,grouped-blocker64,512,512,192,320,25,9,0.0005437510553747416
msmarco-passage-trec-dl-2020,1132532,grouped-blocker64,1024,1024,384,640,32,17,0.0010236260714009404
msmarco-passage-trec-dl-2020,1132532,grouped-blocker64,2048,2048,1216,832,37,33,0.0021452511427924037
msmarco-passage-trec-dl-2020,877809,grouped-unit,128,128,62,66,11,129,0.0008013329934328794
msmarco-passage-trec-dl-2020,877809,grouped-unit,256,256,166,90,22,257,0.0016754170646890998
msmarco-passage-trec-dl-2020,877809,grouped-unit,512,512,347,165,35,513,0.003528584144078195
msmarco-passage-trec-dl-2020,877809,grouped-unit,1024,1024,649,375,49,1025,0.007224626140668988
msmarco-passage-trec-dl-2020,877809,grouped-unit,2048,2048,737,1311,56,2049,0.014809751184657216
msmarco-passage-trec-dl-2020,877809,grouped-blocker64,128,128,64,64,11,3,0.0001685840543359518
msmarco-passage-trec-dl-2020,877809,grouped-blocker64,256,256,128,128,20,5,0.0003313340712338686
msmarco-passage-trec-dl-2020,877809,grouped-blocker64,512,512,320,192,33,9,0.0006329590687528253
msmarco-passage-trec-dl-2020,877809,grouped-blocker64,1024,1024,704,320,48,17,0.0012014590902253985
msmarco-passage-trec-dl-2020,877809,grouped-blocker64,2048,2048,768,1280,56,33,0.002310918061994016
msmarco-passage-trec-dl-2020,1030303,grouped-unit,128,128,71,57,14,129,0.0007664170116186142
msmarco-passage-trec-dl-2020,1030303,grouped-unit,256,256,143,113,24,257,0.0016048341058194637
msmarco-passage-trec-dl-2020,1030303,grouped-unit,512,512,308,204,30,513,0.003430959186516702
msmarco-passage-trec-dl-2020,1030303,grouped-unit,1024,1024,673,351,41,1025,0.007128043100237846
msmarco-passage-trec-dl-2020,1030303,grouped-unit,2048,2048,1519,529,44,2049,0.01471904304344207
msmarco-passage-trec-dl-2020,1030303,grouped-blocker64,128,128,64,64,14,3,0.0001960420049726963
msmarco-passage-trec-dl-2020,1030303,grouped-blocker64,256,256,128,128,23,5,0.0003600830677896738
msmarco-passage-trec-dl-2020,1030303,grouped-blocker64,512,512,320,192,29,9,0.0006219991482794285
msmarco-passage-trec-dl-2020,1030303,grouped-blocker64,1024,1024,640,384,41,17,0.0011500822147354484
msmarco-passage-trec-dl-2020,1030303,grouped-blocker64,2048,2048,1472,576,44,33,0.0022314152447506785
msmarco-passage-trec-dl-2020,911232,grouped-unit,128,128,68,60,15,129,0.0007653749780729413
msmarco-passage-trec-dl-2020,911232,grouped-unit,256,256,137,119,18,257,0.0015555409481748939
msmarco-passage-trec-dl-2020,911232,grouped-unit,512,512,281,231,19,513,0.0032721658935770392
msmarco-passage-trec-dl-2020,911232,grouped-unit,1024,1024,322,702,24,1025,0.006699707941152155
msmarco-passage-trec-dl-2020,911232,grouped-unit,2048,2048,528,1520,27,2049,0.014032499864697456
msmarco-passage-trec-dl-2020,911232,grouped-blocker64,128,128,64,64,15,3,0.0002166670747101307
msmarco-passage-trec-dl-2020,911232,grouped-blocker64,256,256,128,128,18,5,0.0003694170154631138
msmarco-passage-trec-dl-2020,911232,grouped-blocker64,512,512,256,256,19,9,0.0006332079647108912
msmarco-passage-trec-dl-2020,911232,grouped-blocker64,1024,1024,384,640,24,17,0.001118707936257124
msmarco-passage-trec-dl-2020,911232,grouped-blocker64,2048,2048,576,1472,27,33,0.0022113738814368844
msmarco-passage-trec-dl-2020,768208,grouped-unit,128,128,59,69,10,129,0.000771332997828722
msmarco-passage-trec-dl-2020,768208,grouped-unit,256,256,111,145,12,257,0.0015135830035433173
msmarco-passage-trec-dl-2020,768208,grouped-unit,512,512,194,318,14,513,0.0030200419714674354
msmarco-passage-trec-dl-2020,768208,grouped-unit,1024,1024,272,752,14,1025,0.00599004200194031
msmarco-passage-trec-dl-2020,768208,grouped-unit,2048,2048,430,1618,15,2049,0.012313917046412826
msmarco-passage-trec-dl-2020,768208,grouped-blocker64,128,128,64,64,10,3,0.00020050001330673695
msmarco-passage-trec-dl-2020,768208,grouped-blocker64,256,256,128,128,12,5,0.00033279205672442913
msmarco-passage-trec-dl-2020,768208,grouped-blocker64,512,512,192,320,14,9,0.0005900420947000384
msmarco-passage-trec-dl-2020,768208,grouped-blocker64,1024,1024,320,704,14,17,0.0010492510627955198
msmarco-passage-trec-dl-2020,768208,grouped-blocker64,2048,2048,448,1600,15,33,0.002072335104458034
msmarco-passage-trec-dl-2020,169208,grouped-unit,128,128,63,65,13,129,0.0007977079367265105
msmarco-passage-trec-dl-2020,169208,grouped-unit,256,256,111,145,25,257,0.001649957848712802
msmarco-passage-trec-dl-2020,169208,grouped-unit,512,512,256,256,35,513,0.0034515418810769916
msmarco-passage-trec-dl-2020,169208,grouped-unit,1024,1024,512,512,38,1025,0.00706416682805866
msmarco-passage-trec-dl-2020,169208,grouped-unit,2048,2048,832,1216,42,2049,0.01458991679828614
msmarco-passage-trec-dl-2020,169208,grouped-blocker64,128,128,64,64,11,3,0.00017100002150982618
msmarco-passage-trec-dl-2020,169208,grouped-blocker64,256,256,128,128,25,5,0.0003584999358281493
msmarco-passage-trec-dl-2020,169208,grouped-blocker64,512,512,256,256,35,9,0.0006907919887453318
msmarco-passage-trec-dl-2020,169208,grouped-blocker64,1024,1024,512,512,38,17,0.0011616669362410903
msmarco-passage-trec-dl-2020,169208,grouped-blocker64,2048,2048,832,1216,42,33,0.002188042039051652
msmarco-passage-trec-dl-2020,156498,grouped-unit,128,128,73,55,9,129,0.0007026249077171087
msmarco-passage-trec-dl-2020,156498,grouped-unit,256,256,136,120,16,257,0.0015268748393282294
msmarco-passage-trec-dl-2020,156498,grouped-unit,512,512,256,256,26,513,0.003331290790811181
msmarco-passage-trec-dl-2020,156498,grouped-unit,1024,1024,417,607,33,1025,0.006968082743696868
msmarco-passage-trec-dl-2020,156498,grouped-unit,2048,2048,425,1623,40,2049,0.014608374796807766
msmarco-passage-trec-dl-2020,156498,grouped-blocker64,128,128,64,64,9,3,0.0001759999431669712
msmarco-passage-trec-dl-2020,156498,grouped-blocker64,256,256,128,128,14,5,0.00032970798201859
msmarco-passage-trec-dl-2020,156498,grouped-blocker64,512,512,256,256,26,9,0.0006929159862920642
msmarco-passage-trec-dl-2020,156498,grouped-blocker64,1024,1024,448,576,33,17,0.0012408749898895621
msmarco-passage-trec-dl-2020,156498,grouped-blocker64,2048,2048,448,1600,40,33,0.002374415984377265
msmarco-passage-trec-dl-2020,42255,grouped-unit,128,128,64,64,8,129,0.0007263330044224858
msmarco-passage-trec-dl-2020,42255,grouped-unit,256,256,128,128,15,257,0.0015689160209149122
msmarco-passage-trec-dl-2020,42255,grouped-unit,512,512,237,275,28,513,0.003427081974223256
msmarco-passage-trec-dl-2020,42255,grouped-unit,1024,1024,468,556,36,1025,0.007084414944984019
msmarco-passage-trec-dl-2020,42255,grouped-unit,2048,1791,642,1149,100,1792,0.0132502899505198
msmarco-passage-trec-dl-2020,42255,grouped-blocker64,128,128,64,64,8,3,0.00016745796892791986
msmarco-passage-trec-dl-2020,42255,grouped-blocker64,256,256,128,128,15,5,0.0003259578952565789
msmarco-passage-trec-dl-2020,42255,grouped-blocker64,512,512,256,256,27,9,0.0006404579617083073
msmarco-passage-trec-dl-2020,42255,grouped-blocker64,1024,1024,448,576,35,17,0.0011820830404758453
msmarco-passage-trec-dl-2020,42255,grouped-blocker64,2048,1856,704,1152,100,30,0.002534958068281412
msmarco-passage-trec-dl-2020,1037496,grouped-unit,128,128,64,64,24,129,0.0009429999627172947
msmarco-passage-trec-dl-2020,1037496,grouped-unit,256,256,145,111,29,257,0.0017884168773889542
msmarco-passage-trec-dl-2020,1037496,grouped-unit,512,512,292,220,51,513,0.0035909588914364576
msmarco-passage-trec-dl-2020,1037496,grouped-unit,1024,1024,628,396,56,1025,0.007211708929389715
msmarco-passage-trec-dl-2020,1037496,grouped-unit,2048,2048,1405,643,58,2049,0.014564333949238062
msmarco-passage-trec-dl-2020,1037496,grouped-blocker64,128,128,64,64,24,3,0.00022500008344650269
msmarco-passage-trec-dl-2020,1037496,grouped-blocker64,256,256,128,128,28,5,0.00036504107993096113
msmarco-passage-trec-dl-2020,1037496,grouped-blocker64,512,512,256,256,46,9,0.0007041660137474537
msmarco-passage-trec-dl-2020,1037496,grouped-blocker64,1024,1024,640,384,56,17,0.001224457984790206
msmarco-passage-trec-dl-2020,1037496,grouped-blocker64,2048,2048,1408,640,58,33,0.00235837500076741
msmarco-passage-trec-dl-2020,405163,grouped-unit,128,128,64,64,3,129,0.0007564160041511059
msmarco-passage-trec-dl-2020,405163,grouped-unit,256,256,128,128,6,257,0.001607498968951404
msmarco-passage-trec-dl-2020,405163,grouped-unit,512,512,256,256,6,513,0.003255123971030116
msmarco-passage-trec-dl-2020,405163,grouped-unit,1024,1024,512,512,8,1025,0.006921581923961639
msmarco-passage-trec-dl-2020,405163,grouped-unit,2048,2048,1020,1028,10,2049,0.014465164858847857
msmarco-passage-trec-dl-2020,405163,grouped-blocker64,128,128,64,64,3,3,0.00013054092414677143
msmarco-passage-trec-dl-2020,405163,grouped-blocker64,256,256,128,128,6,5,0.00026616593822836876
msmarco-passage-trec-dl-2020,405163,grouped-blocker64,512,512,256,256,6,9,0.0004974988987669349
msmarco-passage-trec-dl-2020,405163,grouped-blocker64,1024,1024,512,512,8,17,0.0009940828895196319
msmarco-passage-trec-dl-2020,405163,grouped-blocker64,2048,2048,1024,1024,10,33,0.002099874895066023
msmarco-passage-trec-dl-2020,67316,grouped-unit,128,128,62,66,1,129,0.0006964589701965451
msmarco-passage-trec-dl-2020,67316,grouped-unit,256,256,123,133,4,257,0.0016254589427262545
msmarco-passage-trec-dl-2020,67316,grouped-unit,512,512,242,270,12,513,0.003391875885426998
msmarco-passage-trec-dl-2020,67316,grouped-unit,1024,1024,444,580,25,1025,0.007132458849810064
msmarco-passage-trec-dl-2020,67316,grouped-unit,2048,2048,660,1388,31,2049,0.01488808379508555
msmarco-passage-trec-dl-2020,67316,grouped-blocker64,128,128,64,64,1,3,0.0001271250657737255
msmarco-passage-trec-dl-2020,67316,grouped-blocker64,256,256,128,128,4,5,0.0002655830467119813
msmarco-passage-trec-dl-2020,67316,grouped-blocker64,512,512,256,256,11,9,0.0005400830414146185
msmarco-passage-trec-dl-2020,67316,grouped-blocker64,1024,1024,448,576,25,17,0.0011188749922439456
msmarco-passage-trec-dl-2020,67316,grouped-blocker64,2048,2048,704,1344,31,33,0.002309333998709917
msmarco-passage-trec-dl-2020,1110678,grouped-unit,128,128,62,66,3,129,0.000731916050426662
msmarco-passage-trec-dl-2020,1110678,grouped-unit,256,256,133,123,7,257,0.0015983331250026822
msmarco-passage-trec-dl-2020,1110678,grouped-unit,512,512,269,243,10,513,0.003277833224274218
msmarco-passage-trec-dl-2020,1110678,grouped-unit,1024,1024,559,465,18,1025,0.006938499282114208
msmarco-passage-trec-dl-2020,1110678,grouped-unit,2048,2048,901,1147,22,2049,0.014604999334551394
msmarco-passage-trec-dl-2020,1110678,grouped-blocker64,128,128,64,64,3,3,0.00013354106340557337
msmarco-passage-trec-dl-2020,1110678,grouped-blocker64,256,256,128,128,7,5,0.0002782071242108941
msmarco-passage-trec-dl-2020,1110678,grouped-blocker64,512,512,256,256,9,9,0.0005274571012705564
msmarco-passage-trec-dl-2020,1110678,grouped-blocker64,1024,1024,512,512,17,17,0.001075082109309733
msmarco-passage-trec-dl-2020,1110678,grouped-blocker64,2048,2048,896,1152,22,33,0.002251332043670118
nfcorpus,PLAIN-1516,grouped-unit,128,102,100,2,100,103,0.00033116701524704695
nfcorpus,PLAIN-1516,grouped-unit,256,102,100,2,100,103,0.00033133302349597216
nfcorpus,PLAIN-1516,grouped-unit,512,102,100,2,100,103,0.0003316659713163972
nfcorpus,PLAIN-1516,grouped-unit,1024,102,100,2,100,103,0.0003317908849567175
nfcorpus,PLAIN-1516,grouped-unit,2048,102,100,2,100,103,0.0003319159150123596
nfcorpus,PLAIN-1516,grouped-blocker64,128,128,126,2,100,4,0.0003500829916447401
nfcorpus,PLAIN-1516,grouped-blocker64,256,128,126,2,100,4,0.00035029195714741945
nfcorpus,PLAIN-1516,grouped-blocker64,512,128,126,2,100,4,0.00035058287903666496
nfcorpus,PLAIN-1516,grouped-blocker64,1024,128,126,2,100,4,0.0003507498186081648
nfcorpus,PLAIN-1516,grouped-blocker64,2048,128,126,2,100,4,0.00035091582685709
nfcorpus,PLAIN-2920,grouped-unit,128,128,62,66,8,129,0.0007057919865474105
nfcorpus,PLAIN-2920,grouped-unit,256,256,124,132,11,257,0.0015229169512167573
nfcorpus,PLAIN-2920,grouped-unit,512,512,231,281,18,513,0.003299166914075613
nfcorpus,PLAIN-2920,grouped-unit,1024,1024,472,552,23,1025,0.007028583902865648
nfcorpus,PLAIN-2920,grouped-unit,2048,2048,971,1077,49,2049,0.014710333896800876
nfcorpus,PLAIN-2920,grouped-blocker64,128,128,64,64,8,3,0.00016566598787903786
nfcorpus,PLAIN-2920,grouped-blocker64,256,256,128,128,11,5,0.0002977909753099084
nfcorpus,PLAIN-2920,grouped-blocker64,512,512,256,256,17,9,0.0006756660295650363
nfcorpus,PLAIN-2920,grouped-blocker64,1024,1024,448,576,23,17,0.0011769160628318787
nfcorpus,PLAIN-2920,grouped-blocker64,2048,2048,971,1077,49,34,0.002392124035395682
nfcorpus,PLAIN-603,grouped-unit,128,103,100,3,100,104,0.0003802089486271143
nfcorpus,PLAIN-603,grouped-unit,256,103,100,3,100,104,0.00038045900873839855
nfcorpus,PLAIN-603,grouped-unit,512,103,100,3,100,104,0.000380708952434361
nfcorpus,PLAIN-603,grouped-unit,1024,103,100,3,100,104,0.00038087600842118263
nfcorpus,PLAIN-603,grouped-unit,2048,103,100,3,100,104,0.000381084973923862
nfcorpus,PLAIN-603,grouped-blocker64,128,128,125,3,100,4,0.0003458749270066619
nfcorpus,PLAIN-603,grouped-blocker64,256,128,125,3,100,4,0.0003460418665781617
nfcorpus,PLAIN-603,grouped-blocker64,512,128,125,3,100,4,0.00034620880614966154
nfcorpus,PLAIN-603,grouped-blocker64,1024,128,125,3,100,4,0.00034633371978998184
nfcorpus,PLAIN-603,grouped-blocker64,2048,128,125,3,100,4,0.00034645863343030214
nfcorpus,PLAIN-817,grouped-unit,128,128,120,8,5,129,0.0006443749880418181
nfcorpus,PLAIN-817,grouped-unit,256,256,248,8,6,257,0.0013341250596567988
nfcorpus,PLAIN-817,grouped-unit,512,512,504,8,7,513,0.0026436670450493693
nfcorpus,PLAIN-817,grouped-unit,1024,1024,1016,8,10,1025,0.005320167052559555
nfcorpus,PLAIN-817,grouped-unit,2048,2048,2040,8,11,2049,0.010808416991494596
nfcorpus,PLAIN-817,grouped-blocker64,128,128,120,8,5,4,0.00013016699813306332
nfcorpus,PLAIN-817,grouped-blocker64,256,256,248,8,6,6,0.0002475840738043189
nfcorpus,PLAIN-817,grouped-blocker64,512,512,504,8,7,10,0.0004664170555770397
nfcorpus,PLAIN-817,grouped-blocker64,1024,1024,1016,8,10,18,0.0008993340888991952
nfcorpus,PLAIN-817,grouped-blocker64,2048,2048,2040,8,11,34,0.0018666250398382545
nfcorpus,PLAIN-1249,grouped-unit,128,128,64,64,5,129,0.0007713750237599015
nfcorpus,PLAIN-1249,grouped-unit,256,256,128,128,10,257,0.0016282500000670552
nfcorpus,PLAIN-1249,grouped-unit,512,512,352,160,14,513,0.003413542057387531
nfcorpus,PLAIN-1249,grouped-unit,1024,1024,864,160,20,1025,0.006925584049895406
nfcorpus,PLAIN-1249,grouped-unit,2048,2048,1888,160,32,2049,0.014090001001022756
nfcorpus,PLAIN-1249,grouped-blocker64,128,128,64,64,5,3,0.00015029101632535458
nfcorpus,PLAIN-1249,grouped-blocker64,256,256,128,128,10,5,0.00029508303850889206
nfcorpus,PLAIN-1249,grouped-blocker64,512,512,352,160,14,10,0.0005600829608738422
nfcorpus,PLAIN-1249,grouped-blocker64,1024,1024,864,160,20,18,0.0010565408738330007
nfcorpus,PLAIN-1249,grouped-blocker64,2048,2048,1888,160,32,34,0.0021609568502753973
nfcorpus,PLAIN-1635,grouped-unit,128,128,67,61,27,129,0.0008659159066155553
nfcorpus,PLAIN-1635,grouped-unit,256,256,104,152,41,257,0.001754332915879786
nfcorpus,PLAIN-1635,grouped-unit,512,512,343,169,98,513,0.003721082932315767
nfcorpus,PLAIN-1635,grouped-unit,1024,551,382,169,100,552,0.003999999957159162
nfcorpus,PLAIN-1635,grouped-unit,2048,551,382,169,100,552,0.004000167013145983
nfcorpus,PLAIN-1635,grouped-blocker64,128,128,64,64,27,3,0.0002559999702498317
nfcorpus,PLAIN-1635,grouped-blocker64,256,256,128,128,39,5,0.0004441249184310436
nfcorpus,PLAIN-1635,grouped-blocker64,512,512,343,169,98,10,0.0009777499362826347
nfcorpus,PLAIN-1635,grouped-blocker64,1024,576,407,169,100,11,0.0010452078422531486
nfcorpus,PLAIN-1635,grouped-blocker64,2048,576,407,169,100,11,0.0010453748982399702
nfcorpus,PLAIN-1441,grouped-unit,128,128,74,54,21,129,0.0008531250059604645
nfcorpus,PLAIN-1441,grouped-unit,256,256,196,60,32,257,0.0016820000018924475
nfcorpus,PLAIN-1441,grouped-unit,512,512,452,60,37,513,0.0032816670136526227
nfcorpus,PLAIN-1441,grouped-unit,1024,1024,964,60,40,1025,0.006707750027999282
nfcorpus,PLAIN-1441,grouped-unit,2048,2048,1988,60,43,2049,0.013732417020946741
nfcorpus,PLAIN-1441,grouped-blocker64,128,128,68,60,16,4,0.00021275004837661982
nfcorpus,PLAIN-1441,grouped-blocker64,256,256,196,60,32,6,0.0004378330195322633
nfcorpus,PLAIN-1441,grouped-blocker64,512,512,452,60,37,10,0.0007075000321492553
nfcorpus,PLAIN-1441,grouped-blocker64,1024,1024,964,60,40,18,0.0011820410145446658
nfcorpus,PLAIN-1441,grouped-blocker64,2048,2048,1988,60,43,34,0.002210790989920497
nfcorpus,PLAIN-1731,grouped-unit,128,105,100,5,100,106,0.0004069999558851123
nfcorpus,PLAIN-1731,grouped-unit,256,105,100,5,100,106,0.00040720892138779163
nfcorpus,PLAIN-1731,grouped-unit,512,105,100,5,100,106,0.0004074589814990759
nfcorpus,PLAIN-1731,grouped-unit,1024,105,100,5,100,106,0.00040762603748589754
nfcorpus,PLAIN-1731,grouped-unit,2048,105,100,5,100,106,0.0004077930934727192
nfcorpus,PLAIN-1731,grouped-blocker64,128,128,123,5,100,4,0.00034816598054021597
nfcorpus,PLAIN-1731,grouped-blocker64,256,128,123,5,100,4,0.0003483330365270376
nfcorpus,PLAIN-1731,grouped-blocker64,512,128,123,5,100,4,0.0003484579501673579
nfcorpus,PLAIN-1731,grouped-blocker64,1024,128,123,5,100,4,0.00034858298022300005
nfcorpus,PLAIN-1731,grouped-blocker64,2048,128,123,5,100,4,0.00034866598434746265
nfcorpus,PLAIN-1909,grouped-unit,128,128,72,56,19,129,0.0008539999835193157
nfcorpus,PLAIN-1909,grouped-unit,256,256,200,56,32,257,0.0017205419717356563
nfcorpus,PLAIN-1909,grouped-unit,512,512,456,56,58,513,0.003491499926894903
nfcorpus,PLAIN-1909,grouped-unit,1024,1024,968,56,64,1025,0.006800332921557128
nfcorpus,PLAIN-1909,grouped-unit,2048,1892,1836,56,100,1893,0.012621749890968204
nfcorpus,PLAIN-1909,grouped-blocker64,128,128,72,56,19,4,0.00022554199676960707
nfcorpus,PLAIN-1909,grouped-blocker64,256,256,200,56,32,6,0.00041120906826108694
nfcorpus,PLAIN-1909,grouped-blocker64,512,512,456,56,58,10,0.00077970908023417
nfcorpus,PLAIN-1909,grouped-blocker64,1024,1024,968,56,64,18,0.001313667162321508
nfcorpus,PLAIN-1909,grouped-blocker64,2048,1920,1864,56,100,32,0.002340709208510816
nfcorpus,PLAIN-2600,grouped-unit,128,128,69,59,25,129,0.000895415898412466
nfcorpus,PLAIN-2600,grouped-unit,256,256,132,124,34,257,0.001763249863870442
nfcorpus,PLAIN-2600,grouped-unit,512,512,195,317,45,513,0.0035594168584793806
nfcorpus,PLAIN-2600,grouped-unit,1024,1024,376,648,62,1025,0.007267083856277168
nfcorpus,PLAIN-2600,grouped-unit,2048,1543,895,648,100,1544,0.011270166840404272
nfcorpus,PLAIN-2600,grouped-blocker64,128,128,64,64,24,3,0.0002567080082371831
nfcorpus,PLAIN-2600,grouped-blocker64,256,256,128,128,33,5,0.00042437505908310413
nfcorpus,PLAIN-2600,grouped-blocker64,512,512,192,320,44,9,0.0007488330593332648
nfcorpus,PLAIN-2600,grouped-blocker64,1024,1024,376,648,62,18,0.0013800830347463489
nfcorpus,PLAIN-2600,grouped-blocker64,2048,1600,952,648,100,27,0.0022818330908194184
nfcorpus,PLAIN-1611,grouped-unit,128,100,100,0,100,101,0.000299417064525187
nfcorpus,PLAIN-1611,grouped-unit,256,100,100,0,100,101,0.00029958400409668684
nfcorpus,PLAIN-1611,grouped-unit,512,100,100,0,100,101,0.0002998750424012542
nfcorpus,PLAIN-1611,grouped-unit,1024,100,100,0,100,101,0.0003000410506501794
nfcorpus,PLAIN-1611,grouped-unit,2048,100,100,0,100,101,0.0003002070588991046
nfcorpus,PLAIN-1611,grouped-blocker64,128,128,128,0,100,3,0.00036920804996043444
nfcorpus,PLAIN-1611,grouped-blocker64,256,128,128,0,100,3,0.00036937498953193426
nfcorpus,PLAIN-1611,grouped-blocker64,512,128,128,0,100,3,0.000369583023712039
nfcorpus,PLAIN-1611,grouped-blocker64,1024,128,128,0,100,3,0.0003697499632835388
nfcorpus,PLAIN-1611,grouped-blocker64,2048,128,128,0,100,3,0.00036987499333918095
nfcorpus,PLAIN-1700,grouped-unit,128,128,64,64,4,129,0.0007674999069422483
nfcorpus,PLAIN-1700,grouped-unit,256,256,128,128,6,257,0.0015910828951746225
nfcorpus,PLAIN-1700,grouped-unit,512,512,337,175,14,513,0.0034977078903466463
nfcorpus,PLAIN-1700,grouped-unit,1024,1024,849,175,22,1025,0.007301082834601402
nfcorpus,PLAIN-1700,grouped-unit,2048,2048,1873,175,25,2049,0.014853332773782313
nfcorpus,PLAIN-1700,grouped-blocker64,128,128,64,64,4,3,0.00014954200014472008
nfcorpus,PLAIN-1700,grouped-blocker64,256,256,128,128,6,5,0.00027129193767905235
nfcorpus,PLAIN-1700,grouped-blocker64,512,512,337,175,14,10,0.0005567920161411166
nfcorpus,PLAIN-1700,grouped-blocker64,1024,1024,849,175,22,18,0.001063126022927463
nfcorpus,PLAIN-1700,grouped-blocker64,2048,2048,1873,175,25,34,0.002098668017424643
nfcorpus,PLAIN-2430,grouped-unit,128,128,59,69,15,129,0.000770541955716908
nfcorpus,PLAIN-2430,grouped-unit,256,256,120,136,23,257,0.0016365419141948223
nfcorpus,PLAIN-2430,grouped-unit,512,512,212,300,27,513,0.003542416845448315
nfcorpus,PLAIN-2430,grouped-unit,1024,1024,433,591,39,1025,0.007348332786932588
nfcorpus,PLAIN-2430,grouped-unit,2048,2048,920,1128,51,2049,0.015352791757322848
nfcorpus,PLAIN-2430,grouped-blocker64,128,128,64,64,13,3,0.00018937501590698957
nfcorpus,PLAIN-2430,grouped-blocker64,256,256,128,128,22,5,0.0003549159737303853
nfcorpus,PLAIN-2430,grouped-blocker64,512,512,192,320,26,9,0.0006210820283740759
nfcorpus,PLAIN-2430,grouped-blocker64,1024,1024,448,576,39,17,0.0011609570356085896
nfcorpus,PLAIN-2430,grouped-blocker64,2048,2048,920,1128,51,34,0.0024086650228127837
nfcorpus,PLAIN-3402,grouped-unit,128,128,55,73,13,129,0.0007962919771671295
nfcorpus,PLAIN-3402,grouped-unit,256,256,100,156,19,257,0.001702207955531776
nfcorpus,PLAIN-3402,grouped-unit,512,512,235,277,32,513,0.003559374948963523
nfcorpus,PLAIN-3402,grouped-unit,1024,1024,512,512,46,1025,0.007070832885801792
nfcorpus,PLAIN-3402,grouped-unit,2048,2048,890,1158,60,2049,0.015107666840776801
nfcorpus,PLAIN-3402,grouped-blocker64,128,128,64,64,11,3,0.00018099998123943806
nfcorpus,PLAIN-3402,grouped-blocker64,256,256,128,128,18,5,0.00035929097793996334
nfcorpus,PLAIN-3402,grouped-blocker64,512,512,256,256,31,9,0.0006902910536155105
nfcorpus,PLAIN-3402,grouped-blocker64,1024,1024,512,512,46,17,0.0012698330683633685
nfcorpus,PLAIN-3402,grouped-blocker64,2048,2048,832,1216,60,33,0.002677166019566357
nfcorpus,PLAIN-2991,grouped-unit,128,128,60,68,11,129,0.0008152079535648227
nfcorpus,PLAIN-2991,grouped-unit,256,256,115,141,19,257,0.00180004199501127
nfcorpus,PLAIN-2991,grouped-unit,512,512,256,256,30,513,0.0035923750838264823
nfcorpus,PLAIN-2991,grouped-unit,1024,1024,733,291,44,1025,0.007098084082826972
nfcorpus,PLAIN-2991,grouped-unit,2048,2048,1631,417,55,2049,0.014851834042929113
nfcorpus,PLAIN-2991,grouped-blocker64,128,128,64,64,11,3,0.00020612496882677078
nfcorpus,PLAIN-2991,grouped-blocker64,256,256,128,128,19,5,0.00037329201586544514
nfcorpus,PLAIN-2991,grouped-blocker64,512,512,256,256,30,9,0.000662999926134944
nfcorpus,PLAIN-2991,grouped-blocker64,1024,1024,704,320,44,17,0.0012643749359995127
nfcorpus,PLAIN-2991,grouped-blocker64,2048,2048,1600,448,55,33,0.002468499937094748
nfcorpus,PLAIN-3452,grouped-unit,128,128,59,69,21,129,0.0008280830224975944
nfcorpus,PLAIN-3452,grouped-unit,256,256,116,140,27,257,0.0017520829569548368
nfcorpus,PLAIN-3452,grouped-unit,512,512,173,339,39,513,0.0035008329432457685
nfcorpus,PLAIN-3452,grouped-unit,1024,1024,608,416,69,1025,0.007482290850020945
nfcorpus,PLAIN-3452,grouped-unit,2048,2048,1632,416,77,2049,0.015219457796774805
nfcorpus,PLAIN-3452,grouped-blocker64,128,128,64,64,21,3,0.00023883290123194456
nfcorpus,PLAIN-3452,grouped-blocker64,256,256,128,128,27,5,0.0003932919353246689
nfcorpus,PLAIN-3452,grouped-blocker64,512,512,192,320,39,9,0.0007040839409455657
nfcorpus,PLAIN-3452,grouped-blocker64,1024,1024,608,416,69,18,0.0013583758845925331
nfcorpus,PLAIN-3452,grouped-blocker64,2048,2048,1632,416,77,34,0.0025747509207576513
nfcorpus,PLAIN-3432,grouped-unit,128,128,79,49,18,129,0.0009323339909315109
nfcorpus,PLAIN-3432,grouped-unit,256,256,161,95,19,257,0.00172700104303658
nfcorpus,PLAIN-3432,grouped-unit,512,512,346,166,20,513,0.0035022920928895473
nfcorpus,PLAIN-3432,grouped-unit,1024,1024,768,256,25,1025,0.007261834107339382
nfcorpus,PLAIN-3432,grouped-unit,2048,2048,1507,541,44,2049,0.015094917034730315
nfcorpus,PLAIN-3432,grouped-blocker64,128,128,64,64,18,3,0.00019683304708451033
nfcorpus,PLAIN-3432,grouped-blocker64,256,256,128,128,19,5,0.00032404111698269844
nfcorpus,PLAIN-3432,grouped-blocker64,512,512,320,192,20,9,0.0005711660487577319
nfcorpus,PLAIN-3432,grouped-blocker64,1024,1024,768,256,25,17,0.0011167069897055626
nfcorpus,PLAIN-3432,grouped-blocker64,2048,2048,1507,541,44,34,0.002307539922185242
nfcorpus,PLAIN-3261,grouped-unit,128,128,66,62,2,129,0.0007130829617381096
nfcorpus,PLAIN-3261,grouped-unit,256,256,170,86,4,257,0.0014624169562011957
nfcorpus,PLAIN-3261,grouped-unit,512,512,426,86,5,513,0.003127126023173332
nfcorpus,PLAIN-3261,grouped-unit,1024,1024,938,86,7,1025,0.006574333994649351
nfcorpus,PLAIN-3261,grouped-unit,2048,2048,1962,86,17,2049,0.01418687601108104
nfcorpus,PLAIN-3261,grouped-blocker64,128,128,64,64,2,3,0.00013708299957215786
nfcorpus,PLAIN-3261,grouped-blocker64,256,256,170,86,4,6,0.0002656659344211221
nfcorpus,PLAIN-3261,grouped-blocker64,512,512,426,86,5,10,0.0005383329698815942
nfcorpus,PLAIN-3261,grouped-blocker64,1024,1024,938,86,7,18,0.001021123956888914
nfcorpus,PLAIN-3261,grouped-blocker64,2048,2048,1962,86,17,34,0.0022199159720912576
nfcorpus,PLAIN-3392,grouped-unit,128,128,64,64,9,129,0.0008143329760059714
nfcorpus,PLAIN-3392,grouped-unit,256,256,153,103,16,257,0.0017022499814629555
nfcorpus,PLAIN-3392,grouped-unit,512,512,409,103,25,513,0.0034566670656204224
nfcorpus,PLAIN-3392,grouped-unit,1024,1024,921,103,31,1025,0.007133958046324551
nfcorpus,PLAIN-3392,grouped-unit,2048,2048,1945,103,73,2049,0.01426924904808402
nfcorpus,PLAIN-3392,grouped-blocker64,128,128,64,64,9,3,0.0001564159756526351
nfcorpus,PLAIN-3392,grouped-blocker64,256,256,153,103,16,6,0.00030420790426433086
nfcorpus,PLAIN-3392,grouped-blocker64,512,512,409,103,25,10,0.0006739998934790492
nfcorpus,PLAIN-3392,grouped-blocker64,1024,1024,921,103,31,18,0.0012666248949244618
nfcorpus,PLAIN-3392,grouped-blocker64,2048,2048,1945,103,73,34,0.002785583841614425
nfcorpus,PLAIN-741,grouped-unit,128,128,117,11,9,129,0.0006414590170606971
nfcorpus,PLAIN-741,grouped-unit,256,256,245,11,10,257,0.0012796249939128757
nfcorpus,PLAIN-741,grouped-unit,512,512,501,11,11,513,0.002543332986533642
nfcorpus,PLAIN-741,grouped-unit,1024,1024,1013,11,13,1025,0.0051282079657539725
nfcorpus,PLAIN-741,grouped-unit,2048,2048,2037,11,14,2049,0.010659958003088832
nfcorpus,PLAIN-741,grouped-blocker64,128,128,117,11,9,4,0.00017087499145418406
nfcorpus,PLAIN-741,grouped-blocker64,256,256,245,11,10,6,0.00029266695491969585
nfcorpus,PLAIN-741,grouped-blocker64,512,512,501,11,11,10,0.0005250830436125398
nfcorpus,PLAIN-741,grouped-blocker64,1024,1024,1013,11,13,18,0.000986665952950716
nfcorpus,PLAIN-741,grouped-blocker64,2048,2048,2037,11,14,34,0.0020932910265401006
scifact,674,grouped-unit,128,128,59,69,17,129,0.0009196660248562694
scifact,674,grouped-unit,256,256,116,140,28,257,0.0018200409831479192
scifact,674,grouped-unit,512,512,223,289,44,513,0.003592081950046122
scifact,674,grouped-unit,1024,1024,351,673,60,1025,0.007289164932444692
scifact,674,grouped-unit,2048,2048,351,1697,65,2049,0.014663664973340929
scifact,674,grouped-blocker64,128,128,64,64,17,3,0.00019420904573053122
scifact,674,grouped-blocker64,256,256,128,128,24,5,0.0003361679846420884
scifact,674,grouped-blocker64,512,512,256,256,42,9,0.0006610020063817501
scifact,674,grouped-blocker64,1024,1024,384,640,60,17,0.0012189180124551058
scifact,674,grouped-blocker64,2048,2048,384,1664,65,33,0.0022537510376423597
scifact,1150,grouped-unit,128,128,64,64,12,129,0.0007606670260429382
scifact,1150,grouped-unit,256,256,128,128,21,257,0.0015953760594129562
scifact,1150,grouped-unit,512,512,256,256,25,513,0.003390043042600155
scifact,1150,grouped-unit,1024,1024,367,657,31,1025,0.006910667987540364
scifact,1150,grouped-unit,2048,2048,567,1481,32,2049,0.0144482929026708
scifact,1150,grouped-blocker64,128,128,64,64,12,3,0.00018458289559930563
scifact,1150,grouped-blocker64,256,256,128,128,21,5,0.00037420797161757946
scifact,1150,grouped-blocker64,512,512,256,256,25,9,0.0006364580476656556
scifact,1150,grouped-blocker64,1024,1024,384,640,31,17,0.0011351241264492273
scifact,1150,grouped-blocker64,2048,2048,576,1472,32,33,0.00231262412853539
scifact,1271,grouped-unit,128,128,66,62,12,129,0.000832541030831635
scifact,1271,grouped-unit,256,256,133,123,16,257,0.0016479160403832793
scifact,1271,grouped-unit,512,512,269,243,21,513,0.003459499101154506
scifact,1271,grouped-unit,1024,1024,555,469,25,1025,0.007278582081198692
scifact,1271,grouped-unit,2048,2048,633,1415,29,2049,0.015045873005874455
scifact,1271,grouped-blocker64,128,128,64,64,11,3,0.00018391606863588095
scifact,1271,grouped-blocker64,256,256,128,128,16,5,0.0003281241515651345
scifact,1271,grouped-blocker64,512,512,256,256,21,9,0.0005996661493554711
scifact,1271,grouped-blocker64,1024,1024,576,448,25,17,0.0011111662024632096
scifact,1271,grouped-blocker64,2048,2048,640,1408,28,33,0.0021789572201669216
scifact,1316,grouped-unit,128,128,79,49,20,129,0.0008711660047993064
scifact,1316,grouped-unit,256,256,164,92,31,257,0.0017796660540625453
scifact,1316,grouped-unit,512,512,385,127,39,513,0.0035815410083159804
scifact,1316,grouped-unit,1024,1024,846,178,47,1025,0.007238250109367073
scifact,1316,grouped-unit,2048,2048,1369,679,76,2049,0.015033584204502404
scifact,1316,grouped-blocker64,128,128,64,64,18,3,0.00022887508384883404
scifact,1316,grouped-blocker64,256,256,128,128,29,5,0.00041437509935349226
scifact,1316,grouped-blocker64,512,512,384,128,39,9,0.0007147081196308136
scifact,1316,grouped-blocker64,1024,1024,832,192,46,17,0.0013340831501409411
scifact,1316,grouped-blocker64,2048,2048,1344,704,76,33,0.0025492911227047443
scifact,839,grouped-unit,128,128,64,64,10,129,0.0007254160009324551
scifact,839,grouped-unit,256,256,120,136,13,257,0.0015930000226944685
scifact,839,grouped-unit,512,512,233,279,15,513,0.003395959036424756
scifact,839,grouped-unit,1024,1024,512,512,24,1025,0.006848876015283167
scifact,839,grouped-unit,2048,2048,1024,1024,29,2049,0.014489791938103735
scifact,839,grouped-blocker64,128,128,64,64,10,3,0.00016295805107802153
scifact,839,grouped-blocker64,256,256,128,128,13,5,0.0002900830004364252
scifact,839,grouped-blocker64,512,512,256,256,15,9,0.0005299170734360814
scifact,839,grouped-blocker64,1024,1024,512,512,24,17,0.001051667146384716
scifact,839,grouped-blocker64,2048,2048,1024,1024,29,33,0.0022313331719487906
scifact,1179,grouped-unit,128,128,64,64,10,129,0.0008877080399543047
scifact,1179,grouped-unit,256,256,128,128,17,257,0.0016791250091046095
scifact,1179,grouped-unit,512,512,289,223,25,513,0.003460792009718716
scifact,1179,grouped-unit,1024,1024,548,476,37,1025,0.007036125985905528
scifact,1179,grouped-unit,2048,2048,1151,897,42,2049,0.01455891807563603
scifact,1179,grouped-blocker64,128,128,64,64,10,3,0.00015616603195667267
scifact,1179,grouped-blocker64,256,256,128,128,17,5,0.0003264989936724305
scifact,1179,grouped-blocker64,512,512,256,256,24,9,0.0006036650156602263
scifact,1179,grouped-blocker64,1024,1024,512,512,35,17,0.0011186240008100867
scifact,1179,grouped-blocker64,2048,2048,1152,896,42,33,0.0021854989463463426
scifact,1241,grouped-unit,128,128,55,73,24,129,0.0008738749893382192
scifact,1241,grouped-unit,256,256,90,166,36,257,0.0017791669815778732
scifact,1241,grouped-unit,512,512,271,241,60,513,0.003811500035226345
scifact,1241,grouped-unit,1024,1024,676,348,87,1025,0.007536291028372943
scifact,1241,grouped-unit,2048,2048,1463,585,97,2049,0.015395874041132629
scifact,1241,grouped-blocker64,128,128,64,64,24,3,0.000288125011138618
scifact,1241,grouped-blocker64,256,256,128,128,33,5,0.00046545895747840405
scifact,1241,grouped-blocker64,512,512,256,256,59,9,0.0008687919471412897
scifact,1241,grouped-blocker64,1024,1024,640,384,86,17,0.0016153338365256786
scifact,1241,grouped-blocker64,2048,2048,1472,576,97,33,0.002913583884947002
scifact,845,grouped-unit,128,128,56,72,20,129,0.0008454169146716595
scifact,845,grouped-unit,256,256,149,107,35,257,0.0017577499384060502
scifact,845,grouped-unit,512,512,315,197,40,513,0.003489374998025596
scifact,845,grouped-unit,1024,1024,692,332,43,1025,0.006994999945163727
scifact,845,grouped-unit,2048,2048,1291,757,63,2049,0.014816207927651703
scifact,845,grouped-blocker64,128,128,64,64,19,3,0.00021716696210205555
scifact,845,grouped-blocker64,256,256,128,128,34,5,0.00044774997513741255
scifact,845,grouped-blocker64,512,512,320,192,40,9,0.0007159999804571271
scifact,845,grouped-blocker64,1024,1024,704,320,42,17,0.0012142920168116689
scifact,845,grouped-blocker64,2048,2048,1291,757,63,34,0.0025389590300619602
scifact,230,grouped-unit,128,128,64,64,10,129,0.0008702500490471721
scifact,230,grouped-unit,256,256,120,136,19,257,0.0017090840265154839
scifact,230,grouped-unit,512,512,179,333,25,513,0.003493417054414749
scifact,230,grouped-unit,1024,1024,286,738,29,1025,0.007302250014618039
scifact,230,grouped-unit,2048,2048,464,1584,36,2049,0.015086041064932942
scifact,230,grouped-blocker64,128,128,64,64,10,3,0.00017074996139854193
scifact,230,grouped-blocker64,256,256,128,128,19,5,0.0003607909893617034
scifact,230,grouped-blocker64,512,512,192,320,24,9,0.0006299989763647318
scifact,230,grouped-blocker64,1024,1024,320,704,29,17,0.001190540031529963
scifact,230,grouped-blocker64,2048,2048,464,1584,36,34,0.002316999016329646
scifact,659,grouped-unit,128,128,62,66,1,129,0.0006399169797077775
scifact,659,grouped-unit,256,256,123,133,3,257,0.0014395829057320952
scifact,659,grouped-unit,512,512,242,270,5,513,0.003198457881808281
scifact,659,grouped-unit,1024,1024,468,556,8,1025,0.006862915935926139
scifact,659,grouped-unit,2048,2048,1024,1024,14,2049,0.014643374015577137
scifact,659,grouped-blocker64,128,128,64,64,1,3,0.00011200003791600466
scifact,659,grouped-blocker64,256,256,128,128,2,5,0.0002460000105202198
scifact,659,grouped-blocker64,512,512,256,256,5,9,0.0004976249765604734
scifact,659,grouped-blocker64,1024,1024,448,576,8,17,0.0009695839835330844
scifact,659,grouped-blocker64,2048,2048,1024,1024,14,33,0.0022533750161528587
scifact,552,grouped-unit,128,128,67,61,17,129,0.000704374979250133
scifact,552,grouped-unit,256,256,135,121,25,257,0.0015012089861556888
scifact,552,grouped-unit,512,512,276,236,32,513,0.003138083964586258
scifact,552,grouped-unit,1024,1024,576,448,35,1025,0.006551458965986967
scifact,552,grouped-unit,2048,2048,608,1440,40,2049,0.014663668000139296
scifact,552,grouped-blocker64,128,128,64,64,16,3,0.00020641600713133812
scifact,552,grouped-blocker64,256,256,128,128,25,5,0.00038416602183133364
scifact,552,grouped-blocker64,512,512,256,256,32,9,0.0006919989828020334
scifact,552,grouped-blocker64,1024,1024,576,448,35,17,0.001226956956088543
scifact,552,grouped-blocker64,2048,2048,640,1408,40,33,0.0025208729784935713
scifact,834,grouped-unit,128,128,58,70,4,129,0.0007091249572113156
scifact,834,grouped-unit,256,256,115,141,5,257,0.0015424160519614816
scifact,834,grouped-unit,512,512,218,294,8,513,0.0033932910300791264
scifact,834,grouped-unit,1024,1024,392,632,12,1025,0.007052708067931235
scifact,834,grouped-unit,2048,2048,658,1390,16,2049,0.014889667043462396
scifact,834,grouped-blocker64,128,128,64,64,4,3,0.0001379579771310091
scifact,834,grouped-blocker64,256,256,128,128,5,5,0.00025466689839959145
scifact,834,grouped-blocker64,512,512,256,256,7,9,0.0005225418135523796
scifact,834,grouped-blocker64,1024,1024,384,640,12,17,0.001049041748046875
scifact,834,grouped-blocker64,2048,2048,640,1408,16,33,0.0021698337513953447
scifact,1,grouped-unit,128,128,64,64,3,129,0.0007235410157591105
scifact,1,grouped-unit,256,256,128,128,3,257,0.0015601239865645766
scifact,1,grouped-unit,512,512,256,256,8,513,0.003290206892415881
scifact,1,grouped-unit,1024,1024,512,512,10,1025,0.006927081849426031
scifact,1,grouped-unit,2048,2048,1317,731,12,2049,0.014911706792190671
scifact,1,grouped-blocker64,128,128,64,64,3,3,0.00013679091352969408
scifact,1,grouped-blocker64,256,256,128,128,3,5,0.0002847498981282115
scifact,1,grouped-blocker64,512,512,256,256,8,9,0.0005332499276846647
scifact,1,grouped-blocker64,1024,1024,512,512,10,17,0.001053333980962634
scifact,1,grouped-blocker64,2048,2048,1280,768,12,33,0.0022855009883642197
scifact,143,grouped-unit,128,128,68,60,8,129,0.0007822080515325069
scifact,143,grouped-unit,256,256,146,110,14,257,0.001694458071142435
scifact,143,grouped-unit,512,512,301,211,30,513,0.003597749979235232
scifact,143,grouped-unit,1024,1024,554,470,45,1025,0.007370249950326979
scifact,143,grouped-unit,2048,2048,691,1357,76,2049,0.0157775420229882
scifact,143,grouped-blocker64,128,128,64,64,8,3,0.00016562500968575478
scifact,143,grouped-blocker64,256,256,128,128,12,5,0.0002917919773608446
scifact,143,grouped-blocker64,512,512,320,192,29,9,0.000592209049500525
scifact,143,grouped-blocker64,1024,1024,512,512,43,17,0.0011777090840041637
scifact,143,grouped-blocker64,2048,2048,704,1344,76,33,0.0026603341102600098
scifact,1379,grouped-unit,128,128,71,57,20,129,0.0008579581044614315
scifact,1379,grouped-unit,256,256,168,88,35,257,0.0018242500955238938
scifact,1379,grouped-unit,512,512,307,205,57,513,0.0038022081134840846
scifact,1379,grouped-unit,1024,1024,367,657,83,1025,0.007789291092194617
scifact,1379,grouped-unit,2048,1175,423,752,100,1176,0.0089486661599949
scifact,1379,grouped-blocker64,128,128,64,64,16,3,0.00021337508223950863
scifact,1379,grouped-blocker64,256,256,128,128,27,5,0.0004171250620856881
scifact,1379,grouped-blocker64,512,512,320,192,56,9,0.0008049581665545702
scifact,1379,grouped-blocker64,1024,1024,384,640,82,17,0.001514541101641953
scifact,1379,grouped-blocker64,2048,1216,448,768,100,20,0.0018108331132680178
scifact,967,grouped-unit,128,128,56,72,6,129,0.0007710839854553342
scifact,967,grouped-unit,256,256,110,146,8,257,0.0016511669382452965
scifact,967,grouped-unit,512,512,235,277,17,513,0.0034594169119372964
scifact,967,grouped-unit,1024,1024,462,562,25,1025,0.007384166936390102
scifact,967,grouped-unit,2048,2048,776,1272,28,2049,0.015408541890792549
scifact,967,grouped-blocker64,128,128,64,64,6,3,0.00016562500968575478
scifact,967,grouped-blocker64,256,256,128,128,7,5,0.0002928340109065175
scifact,967,grouped-blocker64,512,512,256,256,16,9,0.0005698760505765676
scifact,967,grouped-blocker64,1024,1024,512,512,24,17,0.0011079170508310199
scifact,967,grouped-blocker64,2048,2048,768,1280,28,33,0.0022629579761996865
scifact,1088,grouped-unit,128,128,62,66,9,129,0.0007519170176237822
scifact,1088,grouped-unit,256,256,133,123,14,257,0.001595125999301672
scifact,1088,grouped-unit,512,512,245,267,23,513,0.0035170010523870587
scifact,1088,grouped-unit,1024,1024,476,548,30,1025,0.007297626114450395
scifact,1088,grouped-unit,2048,2048,897,1151,36,2049,0.015357876080088317
scifact,1088,grouped-blocker64,128,128,64,64,8,3,0.0001600409159436822
scifact,1088,grouped-blocker64,256,256,128,128,14,5,0.0003044159384444356
scifact,1088,grouped-blocker64,512,512,256,256,22,9,0.000576498918235302
scifact,1088,grouped-blocker64,1024,1024,512,512,29,17,0.0010534158209338784
scifact,1088,grouped-blocker64,2048,2048,896,1152,36,33,0.0022482079220935702
scifact,628,grouped-unit,128,128,70,58,10,129,0.0008047909941524267
scifact,628,grouped-unit,256,256,150,106,16,257,0.0016835000133141875
scifact,628,grouped-unit,512,512,346,166,31,513,0.0035462919622659683
scifact,628,grouped-unit,1024,1024,346,678,61,1025,0.007374541950412095
scifact,628,grouped-unit,2048,2048,488,1560,82,2049,0.015588250011205673
scifact,628,grouped-blocker64,128,128,64,64,10,3,0.00015612493734806776
scifact,628,grouped-blocker64,256,256,128,128,16,5,0.000311249983496964
scifact,628,grouped-blocker64,512,512,320,192,30,9,0.0006576670566573739
scifact,628,grouped-blocker64,1024,1024,384,640,59,17,0.0014129581395536661
scifact,628,grouped-blocker64,2048,2048,512,1536,82,33,0.0029124581487849355
scifact,130,grouped-unit,128,128,68,60,7,129,0.0006955830613151193
scifact,130,grouped-unit,256,256,137,119,8,257,0.0015457920962944627
scifact,130,grouped-unit,512,512,294,218,11,513,0.003383333096280694
scifact,130,grouped-unit,1024,1024,593,431,13,1025,0.007024083053693175
scifact,130,grouped-unit,2048,2048,885,1163,18,2049,0.01513399905525148
scifact,130,grouped-blocker64,128,128,64,64,7,3,0.0001469160197302699
scifact,130,grouped-blocker64,256,256,128,128,8,5,0.0002616660203784704
scifact,130,grouped-blocker64,512,512,256,256,11,9,0.0004912069998681545
scifact,130,grouped-blocker64,1024,1024,576,448,13,17,0.0009742899565026164
scifact,130,grouped-blocker64,2048,2048,896,1152,18,33,0.0021000399719923735
scifact,185,grouped-unit,128,128,59,69,17,129,0.0008282091002911329
scifact,185,grouped-unit,256,256,132,124,27,257,0.0016930002020671964
scifact,185,grouped-unit,512,512,335,177,48,513,0.0035867912229150534
scifact,185,grouped-unit,1024,1024,753,271,58,1025,0.007457583327777684
scifact,185,grouped-unit,2048,2048,1274,774,94,2049,0.015831583412364125
scifact,185,grouped-blocker64,128,128,64,64,16,3,0.00020937505178153515
scifact,185,grouped-blocker64,256,256,128,128,27,5,0.0003876670962199569
scifact,185,grouped-blocker64,512,512,320,192,47,9,0.000737750087864697
scifact,185,grouped-blocker64,1024,1024,704,320,57,17,0.0013106671394780278
scifact,185,grouped-blocker64,2048,2048,1280,768,94,33,0.0027284170500934124
trec-covid,8,grouped-unit,128,128,64,64,2,129,0.0006267499411478639
trec-covid,8,grouped-unit,256,256,128,128,2,257,0.001361624919809401
trec-covid,8,grouped-unit,512,512,242,270,6,513,0.002990666893310845
trec-covid,8,grouped-unit,1024,1024,468,556,10,1025,0.006544624804519117
trec-covid,8,grouped-unit,2048,2048,742,1306,12,2049,0.014360291766934097
trec-covid,8,grouped-blocker64,128,128,64,64,2,3,0.0001385409850627184
trec-covid,8,grouped-blocker64,256,256,128,128,2,5,0.00025612395256757736
trec-covid,8,grouped-blocker64,512,512,256,256,6,9,0.0005439990200102329
trec-covid,8,grouped-blocker64,1024,1024,448,576,10,17,0.001139082945883274
trec-covid,8,grouped-blocker64,2048,2048,768,1280,12,33,0.0023566249292343855
trec-covid,34,grouped-unit,128,128,64,64,4,129,0.0007632080232724547
trec-covid,34,grouped-unit,256,256,128,128,5,257,0.00156074995175004
trec-covid,34,grouped-unit,512,512,256,256,6,513,0.003233957919292152
trec-covid,34,grouped-unit,1024,1024,512,512,7,1025,0.006862457958050072
trec-covid,34,grouped-unit,2048,2048,1024,1024,7,2049,0.014466332970187068
trec-covid,34,grouped-blocker64,128,128,64,64,4,3,0.00014129094779491425
trec-covid,34,grouped-blocker64,256,256,128,128,5,5,0.0002650830429047346
trec-covid,34,grouped-blocker64,512,512,256,256,6,9,0.0005137079861015081
trec-covid,34,grouped-blocker64,1024,1024,512,512,7,17,0.0010439989855512977
trec-covid,34,grouped-blocker64,2048,2048,1024,1024,7,33,0.002091165049932897
trec-covid,17,grouped-unit,128,128,64,64,0,129,0.0007665420416742563
trec-covid,17,grouped-unit,256,256,128,128,4,257,0.0016087919939309359
trec-covid,17,grouped-unit,512,512,256,256,6,513,0.003293417044915259
trec-covid,17,grouped-unit,1024,1024,468,556,12,1025,0.007077125017531216
trec-covid,17,grouped-unit,2048,2048,867,1181,13,2049,0.014846583013422787
trec-covid,17,grouped-blocker64,128,128,64,64,0,3,0.00012399989645928144
trec-covid,17,grouped-blocker64,256,256,128,128,4,5,0.0002783748786896467
trec-covid,17,grouped-blocker64,512,512,256,256,6,9,0.0005345839308574796
trec-covid,17,grouped-blocker64,1024,1024,448,576,11,17,0.0010735419346019626
trec-covid,17,grouped-blocker64,2048,2048,896,1152,13,33,0.0022407500073313713
trec-covid,37,grouped-unit,128,128,60,68,13,129,0.000864083063788712
trec-covid,37,grouped-unit,256,256,119,137,27,257,0.00175745808519423
trec-covid,37,grouped-unit,512,512,146,366,37,513,0.003651249106042087
trec-covid,37,grouped-unit,1024,1024,218,806,47,1025,0.007511833100579679
trec-covid,37,grouped-unit,2048,1976,773,1203,100,1977,0.015203166054561734
trec-covid,37,grouped-blocker64,128,128,64,64,13,3,0.000203415984287858
trec-covid,37,grouped-blocker64,256,256,128,128,25,5,0.00039454095531255007
trec-covid,37,grouped-blocker64,512,512,192,320,37,9,0.0007115410408005118
trec-covid,37,grouped-blocker64,1024,1024,256,768,47,17,0.0012893740786239505
trec-covid,37,grouped-blocker64,2048,2048,832,1216,100,33,0.002694874070584774
trec-covid,5,grouped-unit,128,128,64,64,5,129,0.0007950830040499568
trec-covid,5,grouped-unit,256,256,128,128,8,257,0.0016832909313961864
trec-covid,5,grouped-unit,512,512,269,243,18,513,0.0034926659427583218
trec-covid,5,grouped-unit,1024,1024,581,443,22,1025,0.007167082861997187
trec-covid,5,grouped-unit,2048,2048,1491,557,29,2049,0.015110832871869206
trec-covid,5,grouped-blocker64,128,128,64,64,5,3,0.00014279107563197613
trec-covid,5,grouped-blocker64,256,256,128,128,8,5,0.0002935820957645774
trec-covid,5,grouped-blocker64,512,512,256,256,18,9,0.0005561241414397955
trec-covid,5,grouped-blocker64,1024,1024,576,448,22,17,0.0010639161337167025
trec-covid,5,grouped-blocker64,2048,2048,1472,576,29,33,0.00225175020750612
trec-covid,29,grouped-unit,128,128,71,57,11,129,0.0008378749480471015
trec-covid,29,grouped-unit,256,256,149,107,17,257,0.001704750000499189
trec-covid,29,grouped-unit,512,512,299,213,31,513,0.0035328749800100923
trec-covid,29,grouped-unit,1024,1024,619,405,40,1025,0.007290333975106478
trec-covid,29,grouped-unit,2048,2048,659,1389,54,2049,0.015380958910100162
trec-covid,29,grouped-blocker64,128,128,64,64,11,3,0.00020783301442861557
trec-covid,29,grouped-blocker64,256,256,128,128,17,5,0.00036749907303601503
trec-covid,29,grouped-blocker64,512,512,320,192,30,9,0.0007192910416051745
trec-covid,29,grouped-blocker64,1024,1024,576,448,40,17,0.0013402490876615047
trec-covid,29,grouped-blocker64,2048,2048,704,1344,54,33,0.0025682070991024375
trec-covid,14,grouped-unit,128,128,53,75,13,129,0.0008598329732194543
trec-covid,14,grouped-unit,256,256,98,158,19,257,0.0017292499542236328
trec-covid,14,grouped-unit,512,512,175,337,20,513,0.003479457926005125
trec-covid,14,grouped-unit,1024,1024,276,748,25,1025,0.007047832943499088
trec-covid,14,grouped-unit,2048,2048,354,1694,28,2049,0.014700748957693577
trec-covid,14,grouped-blocker64,128,128,64,64,11,3,0.00020004191901534796
trec-covid,14,grouped-blocker64,256,256,128,128,17,5,0.0003358329413458705
trec-covid,14,grouped-blocker64,512,512,192,320,20,9,0.0005846249405294657
trec-covid,14,grouped-blocker64,1024,1024,320,704,24,17,0.0010830829851329327
trec-covid,14,grouped-blocker64,2048,2048,384,1664,28,33,0.0021461660508066416
trec-covid,23,grouped-unit,128,128,58,70,5,129,0.0008010420715436339
trec-covid,23,grouped-unit,256,256,114,142,6,257,0.0016522090882062912
trec-covid,23,grouped-unit,512,512,217,295,12,513,0.0034430421655997634
trec-covid,23,grouped-unit,1024,1024,388,636,16,1025,0.007170376251451671
trec-covid,23,grouped-unit,2048,2048,622,1426,18,2049,0.014893334242515266
trec-covid,23,grouped-blocker64,128,128,64,64,5,3,0.00014599994756281376
trec-covid,23,grouped-blocker64,256,256,128,128,6,5,0.00028024998027831316
trec-covid,23,grouped-blocker64,512,512,256,256,10,9,0.000547999981790781
trec-covid,23,grouped-blocker64,1024,1024,384,640,16,17,0.001083957962691784
trec-covid,23,grouped-blocker64,2048,2048,640,1408,18,33,0.00216133298818022
trec-covid,32,grouped-unit,128,128,66,62,3,129,0.0007653749780729413
trec-covid,32,grouped-unit,256,256,133,123,3,257,0.0015230419812723994
trec-covid,32,grouped-unit,512,512,270,242,4,513,0.0032715839333832264
trec-covid,32,grouped-unit,1024,1024,556,468,4,1025,0.006829666905105114
trec-covid,32,grouped-unit,2048,2048,1181,867,4,2049,0.01443504192866385
trec-covid,32,grouped-blocker64,128,128,64,64,3,3,0.00018145795911550522
trec-covid,32,grouped-blocker64,256,256,128,128,3,5,0.0003170828567817807
trec-covid,32,grouped-blocker64,512,512,256,256,4,9,0.0005559577839449048
trec-covid,32,grouped-blocker64,1024,1024,576,448,4,17,0.0010287078330293298
trec-covid,32,grouped-blocker64,2048,2048,1152,896,4,33,0.0020804988453164697
trec-covid,27,grouped-unit,128,128,64,64,3,129,0.0007445410592481494
trec-covid,27,grouped-unit,256,256,128,128,3,257,0.0015567069640383124
trec-covid,27,grouped-unit,512,512,256,256,3,513,0.003335374058224261
trec-covid,27,grouped-unit,1024,1024,426,598,5,1025,0.006994582014158368
trec-covid,27,grouped-unit,2048,2048,731,1317,5,2049,0.014904331997968256
trec-covid,27,grouped-blocker64,128,128,64,64,3,3,0.00015412503853440285
trec-covid,27,grouped-blocker64,256,256,128,128,3,5,0.0002904590219259262
trec-covid,27,grouped-blocker64,512,512,256,256,3,9,0.000540834036655724
trec-covid,27,grouped-blocker64,1024,1024,448,576,5,17,0.0010333340615034103
trec-covid,27,grouped-blocker64,2048,2048,768,1280,5,33,0.0021029181079939008
trec-covid,1,grouped-unit,128,128,62,66,1,129,0.0007344589103013277
trec-covid,1,grouped-unit,256,256,128,128,4,257,0.0014810428256168962
trec-covid,1,grouped-unit,512,512,242,270,5,513,0.003175375866703689
trec-covid,1,grouped-unit,1024,1024,401,623,8,1025,0.006442083860747516
trec-covid,1,grouped-unit,2048,2048,583,1465,9,2049,0.014082375913858414
trec-covid,1,grouped-blocker64,128,128,64,64,1,3,0.00014883303083479404
trec-covid,1,grouped-blocker64,256,256,128,128,4,5,0.00027837499510496855
trec-covid,1,grouped-blocker64,512,512,256,256,5,9,0.0005587500054389238
trec-covid,1,grouped-blocker64,1024,1024,448,576,8,17,0.0011318749748170376
trec-covid,1,grouped-blocker64,2048,2048,576,1472,9,33,0.0022167080314829946
trec-covid,40,grouped-unit,128,128,62,66,15,129,0.0008952079806476831
trec-covid,40,grouped-unit,256,256,116,140,28,257,0.0018006240716204047
trec-covid,40,grouped-unit,512,512,223,289,37,513,0.0037257910007610917
trec-covid,40,grouped-unit,1024,1024,413,611,67,1025,0.007588498992845416
trec-covid,40,grouped-unit,2048,1961,1056,905,100,1962,0.015109873958863318
trec-covid,40,grouped-blocker64,128,128,64,64,15,3,0.00021420896518975496
trec-covid,40,grouped-blocker64,256,256,128,128,27,5,0.00039416796062141657
trec-covid,40,grouped-blocker64,512,512,256,256,32,9,0.0006807929603382945
trec-covid,40,grouped-blocker64,1024,1024,448,576,67,17,0.0013425009092316031
trec-covid,40,grouped-blocker64,2048,2048,1088,960,100,33,0.002627583919093013
trec-covid,49,grouped-unit,128,128,64,64,1,129,0.0006227500271052122
trec-covid,49,grouped-unit,256,256,128,128,5,257,0.0014193750685080886
trec-covid,49,grouped-unit,512,512,256,256,6,513,0.0031584580428898335
trec-covid,49,grouped-unit,1024,1024,512,512,8,1025,0.006773874047212303
trec-covid,49,grouped-unit,2048,2048,1024,1024,12,2049,0.014650665107183158
trec-covid,49,grouped-blocker64,128,128,64,64,1,3,0.00013375002890825272
trec-covid,49,grouped-blocker64,256,256,128,128,5,5,0.00028062507044523954
trec-covid,49,grouped-blocker64,512,512,256,256,6,9,0.000525000155903399
trec-covid,49,grouped-blocker64,1024,1024,512,512,8,17,0.0009935001144185662
trec-covid,49,grouped-blocker64,2048,2048,1024,1024,12,33,0.0021072091767564416
trec-covid,36,grouped-unit,128,128,58,70,13,129,0.000852084020152688
trec-covid,36,grouped-unit,256,256,149,107,26,257,0.0017700010212138295
trec-covid,36,grouped-unit,512,512,340,172,38,513,0.0036252090940251946
trec-covid,36,grouped-unit,1024,1024,584,440,61,1025,0.0073539590230211616
trec-covid,36,grouped-unit,2048,2048,584,1464,99,2049,0.015305500011891127
trec-covid,36,grouped-blocker64,128,128,64,64,13,3,0.00017991696950048208
trec-covid,36,grouped-blocker64,256,256,128,128,24,5,0.0003582919016480446
trec-covid,36,grouped-blocker64,512,512,320,192,36,9,0.000661624944768846
trec-covid,36,grouped-blocker64,1024,1024,640,384,57,17,0.0012770829489454627
trec-covid,36,grouped-blocker64,2048,2048,640,1408,99,33,0.002678832854144275
trec-covid,25,grouped-unit,128,128,64,64,10,129,0.0008353330194950104
trec-covid,25,grouped-unit,256,256,128,128,13,257,0.001685416093096137
trec-covid,25,grouped-unit,512,512,256,256,17,513,0.0034496241714805365
trec-covid,25,grouped-unit,1024,1024,367,657,23,1025,0.007014291128143668
trec-covid,25,grouped-unit,2048,2048,567,1481,25,2049,0.01459237514063716
trec-covid,25,grouped-blocker64,128,128,64,64,10,3,0.0001657500397413969
trec-covid,25,grouped-blocker64,256,256,128,128,13,5,0.0003017920535057783
trec-covid,25,grouped-blocker64,512,512,256,256,17,9,0.0005786670371890068
trec-covid,25,grouped-blocker64,1024,1024,384,640,23,17,0.001088708988390863
trec-covid,25,grouped-blocker64,2048,2048,576,1472,25,33,0.0021914170356467366
trec-covid,22,grouped-unit,128,128,64,64,6,129,0.0007101250812411308
trec-covid,22,grouped-unit,256,256,128,128,9,257,0.0015878750709816813
trec-covid,22,grouped-unit,512,512,256,256,17,513,0.0032803331268951297
trec-covid,22,grouped-unit,1024,1024,512,512,20,1025,0.006815208122134209
trec-covid,22,grouped-unit,2048,2048,959,1089,23,2049,0.01445808308199048
trec-covid,22,grouped-blocker64,128,128,64,64,6,3,0.00014995899982750416
trec-covid,22,grouped-blocker64,256,256,128,128,9,5,0.00028175092302262783
trec-covid,22,grouped-blocker64,512,512,256,256,17,9,0.0005566260078921914
trec-covid,22,grouped-blocker64,1024,1024,512,512,20,17,0.0010526679689064622
trec-covid,22,grouped-blocker64,2048,2048,960,1088,23,33,0.0021363348932936788
trec-covid,41,grouped-unit,128,128,62,66,7,129,0.0007915000896900892
trec-covid,41,grouped-unit,256,256,133,123,16,257,0.0016872501000761986
trec-covid,41,grouped-unit,512,512,269,243,20,513,0.003422750160098076
trec-covid,41,grouped-unit,1024,1024,519,505,31,1025,0.007067000144161284
trec-covid,41,grouped-unit,2048,2048,1296,752,35,2049,0.014687833143398166
trec-covid,41,grouped-blocker64,128,128,64,64,7,3,0.00015233398880809546
trec-covid,41,grouped-blocker64,256,256,128,128,16,5,0.0003142929635941982
trec-covid,41,grouped-blocker64,512,512,256,256,20,9,0.0005782509688287973
trec-covid,41,grouped-blocker64,1024,1024,512,512,31,17,0.0011151679791510105
trec-covid,41,grouped-blocker64,2048,2048,1280,768,34,33,0.0022895849542692304
trec-covid,20,grouped-unit,128,128,64,64,11,129,0.0007603329140692949
trec-covid,20,grouped-unit,256,256,123,133,17,257,0.0016759999562054873
trec-covid,20,grouped-unit,512,512,258,254,33,513,0.003476958954706788
trec-covid,20,grouped-unit,1024,1024,724,300,51,1025,0.007096791989170015
trec-covid,20,grouped-unit,2048,2010,1245,765,100,2011,0.01484312501270324
trec-covid,20,grouped-blocker64,128,128,64,64,11,3,0.00017866597045212984
trec-covid,20,grouped-blocker64,256,256,128,128,17,5,0.0003313738852739334
trec-covid,20,grouped-blocker64,512,512,256,256,33,9,0.0006452909437939525
trec-covid,20,grouped-blocker64,1024,1024,704,320,51,17,0.0012337079970166087
trec-covid,20,grouped-blocker64,2048,2048,1280,768,100,33,0.00266754103358835
trec-covid,3,grouped-unit,128,128,64,64,4,129,0.0007223329739645123
trec-covid,3,grouped-unit,256,256,128,128,6,257,0.0016141249798238277
trec-covid,3,grouped-unit,512,512,270,242,9,513,0.0032400829950347543
trec-covid,3,grouped-unit,1024,1024,556,468,11,1025,0.006829707999713719
trec-covid,3,grouped-unit,2048,2048,1082,966,14,2049,0.01443470804952085
trec-covid,3,grouped-blocker64,128,128,64,64,4,3,0.0001433748984709382
trec-covid,3,grouped-blocker64,256,256,128,128,6,5,0.0002759168855845928
trec-covid,3,grouped-blocker64,512,512,256,256,9,9,0.0005293759750202298
trec-covid,3,grouped-blocker64,1024,1024,576,448,11,17,0.0010297509143128991
trec-covid,3,grouped-blocker64,2048,2048,1088,960,14,33,0.0021849179174751043
trec-covid,33,grouped-unit,128,128,64,64,2,129,0.0007870830595493317
trec-covid,33,grouped-unit,256,256,128,128,5,257,0.0016913330182433128
trec-covid,33,grouped-unit,512,512,256,256,7,513,0.0033802080433815718
trec-covid,33,grouped-unit,1024,1024,512,512,10,1025,0.006959916092455387
trec-covid,33,grouped-unit,2048,2048,889,1159,16,2049,0.014640791108831763
trec-covid,33,grouped-blocker64,128,128,64,64,2,3,0.00013070798013359308
trec-covid,33,grouped-blocker64,256,256,128,128,5,5,0.0002631669631227851
trec-covid,33,grouped-blocker64,512,512,256,256,7,9,0.0005109589546918869
trec-covid,33,grouped-blocker64,1024,1024,512,512,10,17,0.0010365840280428529
trec-covid,33,grouped-blocker64,2048,2048,832,1216,16,33,0.002281000022776425
