dataset,policy,batch,k,n,completion,mean_cost_lower,median_lower,median_upper,p90_lower,p90_upper,p95_lower,p95_upper
msmarco-passage-trec-dl-2019,balanced,1,5,43,1.0,125.65116279069767,52,52.0,244,244.0,266,266.0
msmarco-passage-trec-dl-2019,balanced,1,10,43,1.0,5163.930232558139,136,136.0,1394,1394.0,7451,7451.0
msmarco-passage-trec-dl-2019,balanced,1,20,43,1.0,104884.67441860466,368,368.0,53639,53639.0,76810,76810.0
msmarco-passage-trec-dl-2019,balanced,1,50,43,0.46511627906976744,109008.53488372093,10001,inf,53640,inf,76811,inf
msmarco-passage-trec-dl-2019,balanced,1,100,43,0.2558139534883721,110886.69767441861,10001,inf,53640,inf,76811,inf
msmarco-passage-trec-dl-2019,balanced,64,5,43,1.0,202.41860465116278,128,128.0,256,256.0,384,384.0
msmarco-passage-trec-dl-2019,balanced,64,10,43,1.0,5216.0,256,256.0,1408,1408.0,7488,7488.0
msmarco-passage-trec-dl-2019,balanced,64,20,43,1.0,104925.76744186046,384,384.0,53712,53712.0,76880,76880.0
msmarco-passage-trec-dl-2019,balanced,64,50,43,0.46511627906976744,109023.41860465116,10001,inf,53713,inf,76881,inf
msmarco-passage-trec-dl-2019,balanced,64,100,43,0.2558139534883721,110888.93023255814,10001,inf,53713,inf,76881,inf
msmarco-passage-trec-dl-2019,dibud,1,5,43,1.0,123.32558139534883,50,50.0,244,244.0,265,265.0
msmarco-passage-trec-dl-2019,dibud,1,10,43,1.0,4771.511627906977,128,128.0,1268,1268.0,5588,5588.0
msmarco-passage-trec-dl-2019,dibud,1,20,43,1.0,102105.95348837209,311,311.0,43175,43175.0,196410,196410.0
msmarco-passage-trec-dl-2019,dibud,1,50,43,0.5116279069767442,105867.58139534884,8367,8367.0,43176,inf,196411,inf
msmarco-passage-trec-dl-2019,dibud,1,100,43,0.27906976744186046,107889.97674418605,10001,inf,43176,inf,196411,inf
msmarco-passage-trec-dl-2019,dibud,64,5,43,1.0,202.41860465116278,128,128.0,256,256.0,384,384.0
msmarco-passage-trec-dl-2019,dibud,64,10,43,1.0,4832.0,192,192.0,1280,1280.0,5696,5696.0
msmarco-passage-trec-dl-2019,dibud,64,20,43,1.0,102164.58139534884,320,320.0,43216,43216.0,196432,196432.0
msmarco-passage-trec-dl-2019,dibud,64,50,43,0.5116279069767442,105904.6046511628,8448,8448.0,43217,inf,196433,inf
msmarco-passage-trec-dl-2019,dibud,64,100,43,0.27906976744186046,107914.88372093023,10001,inf,43217,inf,196433,inf
msmarco-passage-trec-dl-2020,balanced,1,5,54,1.0,81.16666666666667,45,45.0,177,177.0,272,272.0
msmarco-passage-trec-dl-2020,balanced,1,10,54,1.0,400.0,127,127.0,904,904.0,1083,1083.0
msmarco-passage-trec-dl-2020,balanced,1,20,54,1.0,8618.907407407407,500,500.0,18000,18000.0,36070,36070.0
msmarco-passage-trec-dl-2020,balanced,1,50,54,0.4444444444444444,12951.296296296296,10001,inf,18001,inf,36071,inf
msmarco-passage-trec-dl-2020,balanced,1,100,54,0.05555555555555555,15782.62962962963,10001,inf,18001,inf,36071,inf
msmarco-passage-trec-dl-2020,balanced,64,5,54,1.0,167.11111111111111,128,128.0,256,256.0,384,384.0
msmarco-passage-trec-dl-2020,balanced,64,10,54,1.0,455.1111111111111,128,128.0,1024,1024.0,1088,1088.0
msmarco-passage-trec-dl-2020,balanced,64,20,54,1.0,8656.648148148148,512,512.0,18000,18000.0,36048,36048.0
msmarco-passage-trec-dl-2020,balanced,64,50,54,0.4444444444444444,12963.574074074075,10001,inf,18001,inf,36049,inf
msmarco-passage-trec-dl-2020,balanced,64,100,54,0.05555555555555555,15786.185185185184,10001,inf,18001,inf,36049,inf
msmarco-passage-trec-dl-2020,dibud,1,5,54,1.0,78.87037037037037,44,44.0,173,173.0,262,262.0
msmarco-passage-trec-dl-2020,dibud,1,10,54,1.0,369.94444444444446,124,124.0,794,794.0,1006,1006.0
msmarco-passage-trec-dl-2020,dibud,1,20,54,1.0,8662.611111111111,444,444.0,12725,12725.0,35562,35562.0
msmarco-passage-trec-dl-2020,dibud,1,50,54,0.5185185185185185,12802.407407407407,9246,9246.0,12726,inf,35563,inf
msmarco-passage-trec-dl-2020,dibud,1,100,54,0.05555555555555555,15994.962962962964,10001,inf,12726,inf,35563,inf
msmarco-passage-trec-dl-2020,dibud,64,5,54,1.0,164.74074074074073,128,128.0,256,256.0,320,320.0
msmarco-passage-trec-dl-2020,dibud,64,10,54,1.0,430.22222222222223,128,128.0,896,896.0,1024,1024.0
msmarco-passage-trec-dl-2020,dibud,64,20,54,1.0,8727.574074074075,512,512.0,12752,12752.0,35664,35664.0
msmarco-passage-trec-dl-2020,dibud,64,50,54,0.5185185185185185,12845.981481481482,9344,9344.0,12753,inf,35665,inf
msmarco-passage-trec-dl-2020,dibud,64,100,54,0.05555555555555555,16007.62962962963,10001,inf,12753,inf,35665,inf
nfcorpus,balanced,1,5,323,1.0,145.79876160990713,39,39.0,210,210.0,702,702.0
nfcorpus,balanced,1,10,323,1.0,292.79256965944273,105,105.0,616,616.0,1584,1584.0
nfcorpus,balanced,1,20,323,1.0,728.4767801857585,325,325.0,2081,2081.0,2837,2837.0
nfcorpus,balanced,1,50,323,1.0,1889.5696594427245,1705,1705.0,3808,3808.0,4357,4357.0
nfcorpus,balanced,1,100,323,1.0,2605.4210526315787,2872,2872.0,4505,4505.0,5056,5056.0
nfcorpus,balanced,64,5,323,1.0,216.3498452012384,128,128.0,256,256.0,704,704.0
nfcorpus,balanced,64,10,323,1.0,344.8978328173375,128,128.0,640,640.0,1600,1600.0
nfcorpus,balanced,64,20,323,1.0,765.9566563467492,384,384.0,2112,2112.0,2880,2880.0
nfcorpus,balanced,64,50,323,1.0,1919.0,1728,1728.0,3835,3835.0,4416,4416.0
nfcorpus,balanced,64,100,323,1.0,2635.235294117647,2880,2880.0,4544,4544.0,5056,5056.0
nfcorpus,dibud,1,5,323,1.0,144.75851393188856,38,38.0,210,210.0,702,702.0
nfcorpus,dibud,1,10,323,1.0,287.3157894736842,101,101.0,616,616.0,1584,1584.0
nfcorpus,dibud,1,20,323,1.0,683.907120743034,308,308.0,2027,2027.0,2685,2685.0
nfcorpus,dibud,1,50,323,1.0,1779.6006191950464,1634,1634.0,3580,3580.0,3962,3962.0
nfcorpus,dibud,1,100,323,1.0,2568.2538699690404,2868,2868.0,4445,4445.0,4893,4893.0
nfcorpus,dibud,64,5,323,1.0,215.95356037151703,128,128.0,256,256.0,704,704.0
nfcorpus,dibud,64,10,323,1.0,342.1238390092879,128,128.0,640,640.0,1600,1600.0
nfcorpus,dibud,64,20,323,1.0,730.7430340557275,384,384.0,2048,2048.0,2752,2752.0
nfcorpus,dibud,64,50,323,1.0,1814.5077399380805,1664,1664.0,3606,3606.0,3968,3968.0
nfcorpus,dibud,64,100,323,1.0,2600.3653250773996,2880,2880.0,4480,4480.0,4896,4896.0
scifact,balanced,1,5,300,1.0,64.60333333333334,42,42.0,123,123.0,180,180.0
scifact,balanced,1,10,300,1.0,189.49666666666667,116,116.0,371,371.0,644,644.0
scifact,balanced,1,20,300,1.0,861.21,361,361.0,2344,2344.0,4060,4060.0
scifact,balanced,1,50,300,1.0,3616.8566666666666,3464,3464.0,6740,6740.0,7377,7377.0
scifact,balanced,1,100,300,1.0,5691.45,5840,5840.0,7715,7715.0,8169,8169.0
scifact,balanced,64,5,300,1.0,145.70666666666668,128,128.0,128,128.0,256,256.0
scifact,balanced,64,10,300,1.0,249.47,128,128.0,384,384.0,768,768.0
scifact,balanced,64,20,300,1.0,908.6766666666666,384,384.0,2368,2368.0,4096,4096.0
scifact,balanced,64,50,300,1.0,3655.5233333333335,3520,3520.0,6766,6766.0,7392,7392.0
scifact,balanced,64,100,300,1.0,5726.013333333333,5888,5888.0,7736,7736.0,8192,8192.0
scifact,dibud,1,5,300,1.0,63.13666666666666,41,41.0,122,122.0,175,175.0
scifact,dibud,1,10,300,1.0,179.84666666666666,112,112.0,368,368.0,630,630.0
scifact,dibud,1,20,300,1.0,746.9333333333333,325,325.0,2027,2027.0,3362,3362.0
scifact,dibud,1,50,300,1.0,3127.55,2696,2696.0,6143,6143.0,6803,6803.0
scifact,dibud,1,100,300,1.0,5306.836666666667,5481,5481.0,7532,7532.0,7948,7948.0
scifact,dibud,64,5,300,1.0,145.49333333333334,128,128.0,128,128.0,256,256.0
scifact,dibud,64,10,300,1.0,243.92333333333335,128,128.0,384,384.0,640,640.0
scifact,dibud,64,20,300,1.0,807.94,384,384.0,2112,2112.0,3392,3392.0
scifact,dibud,64,50,300,1.0,3181.04,2752,2752.0,6208,6208.0,6848,6848.0
scifact,dibud,64,100,300,1.0,5348.9766666666665,5515,5515.0,7552,7552.0,8000,8000.0
trec-covid,balanced,1,5,50,1.0,416.3,116,116.0,598,598.0,832,832.0
trec-covid,balanced,1,10,50,1.0,2396.52,280,280.0,4340,4340.0,13336,13336.0
trec-covid,balanced,1,20,50,1.0,15711.02,3690,3690.0,40934,40934.0,67490,67490.0
trec-covid,balanced,1,50,50,0.32,19120.52,10001,inf,40935,inf,67491,inf
trec-covid,balanced,1,100,50,0.18,19936.52,10001,inf,40935,inf,67491,inf
trec-covid,balanced,64,5,50,1.0,474.88,128,128.0,640,640.0,896,896.0
trec-covid,balanced,64,10,50,1.0,2447.04,384,384.0,4352,4352.0,13392,13392.0
trec-covid,balanced,64,20,50,1.0,15756.8,3712,3712.0,40912,40912.0,67536,67536.0
trec-covid,balanced,64,50,50,0.32,19149.16,10001,inf,40913,inf,67537,inf
trec-covid,balanced,64,100,50,0.18,19956.34,10001,inf,40913,inf,67537,inf
trec-covid,dibud,1,5,50,1.0,399.98,113,113.0,583,583.0,832,832.0
trec-covid,dibud,1,10,50,1.0,1797.12,270,270.0,3138,3138.0,9882,9882.0
trec-covid,dibud,1,20,50,1.0,11417.78,2544,2544.0,39970,39970.0,56363,56363.0
trec-covid,dibud,1,50,50,0.34,14818.72,10001,inf,39971,inf,56364,inf
trec-covid,dibud,1,100,50,0.2,15783.8,10001,inf,39971,inf,56364,inf
trec-covid,dibud,64,5,50,1.0,462.08,128,128.0,640,640.0,896,896.0
trec-covid,dibud,64,10,50,1.0,1854.08,384,384.0,3200,3200.0,9984,9984.0
trec-covid,dibud,64,20,50,1.0,11479.68,2560,2560.0,40080,40080.0,56400,56400.0
trec-covid,dibud,64,50,50,0.34,14860.5,10001,inf,40081,inf,56401,inf
trec-covid,dibud,64,100,50,0.2,15816.48,10001,inf,40081,inf,56401,inf
