dataset,query_id,repetition,policy,seconds,calls,k100
msmarco-passage-trec-dl-2019,490595,0,grouped-unit,0.007611207896843553,1004,100
msmarco-passage-trec-dl-2019,490595,0,grouped-handoff64,0.00471699982881546,219,100
msmarco-passage-trec-dl-2019,490595,0,array-blocker64,0.003323084209114313,17,100
msmarco-passage-trec-dl-2019,490595,0,array-unit,0.18517912493553013,1004,100
msmarco-passage-trec-dl-2019,490595,0,grouped-blocker64,0.0015849568881094456,17,100
msmarco-passage-trec-dl-2019,490595,1,grouped-handoff64,0.004768831888213754,219,100
msmarco-passage-trec-dl-2019,490595,1,array-blocker64,0.0032051667803898454,17,100
msmarco-passage-trec-dl-2019,490595,1,array-unit,0.18538124999031425,1004,100
msmarco-passage-trec-dl-2019,490595,1,grouped-blocker64,0.0015411259373649955,17,100
msmarco-passage-trec-dl-2019,490595,1,grouped-unit,0.007472000899724662,1004,100
msmarco-passage-trec-dl-2019,490595,2,array-blocker64,0.0031400418374687433,17,100
msmarco-passage-trec-dl-2019,490595,2,array-unit,0.18652512494008988,1004,100
msmarco-passage-trec-dl-2019,490595,2,grouped-blocker64,0.0016828341176733375,17,100
msmarco-passage-trec-dl-2019,490595,2,grouped-unit,0.007463208865374327,1004,100
msmarco-passage-trec-dl-2019,490595,2,grouped-handoff64,0.004722791025415063,219,100
msmarco-passage-trec-dl-2019,855410,0,array-unit,0.22032066795509309,2049,5
msmarco-passage-trec-dl-2019,855410,0,grouped-blocker64,0.0024393750354647636,33,5
msmarco-passage-trec-dl-2019,855410,0,grouped-unit,0.01299983391072601,2049,5
msmarco-passage-trec-dl-2019,855410,0,grouped-handoff64,0.023254084982909262,1426,5
msmarco-passage-trec-dl-2019,855410,0,array-blocker64,0.0033464578446000814,33,5
msmarco-passage-trec-dl-2019,855410,1,grouped-blocker64,0.002001458080485463,33,5
msmarco-passage-trec-dl-2019,855410,1,grouped-unit,0.013173499843105674,2049,5
msmarco-passage-trec-dl-2019,855410,1,grouped-handoff64,0.023372458876110613,1426,5
msmarco-passage-trec-dl-2019,855410,1,array-blocker64,0.0035742068430408835,33,5
msmarco-passage-trec-dl-2019,855410,1,array-unit,0.22172749985475093,2049,5
msmarco-passage-trec-dl-2019,855410,2,grouped-unit,0.013007584027945995,2049,5
msmarco-passage-trec-dl-2019,855410,2,grouped-handoff64,0.023075666860677302,1426,5
msmarco-passage-trec-dl-2019,855410,2,array-blocker64,0.0036682909121736884,33,5
msmarco-passage-trec-dl-2019,855410,2,array-unit,0.220176792005077,2049,5
msmarco-passage-trec-dl-2019,855410,2,grouped-blocker64,0.002132709021680057,33,5
msmarco-passage-trec-dl-2019,264014,0,grouped-blocker64,0.0025855839485302567,33,66
msmarco-passage-trec-dl-2019,264014,0,grouped-unit,0.014809415908530354,2049,66
msmarco-passage-trec-dl-2019,264014,0,grouped-handoff64,0.008929083123803139,427,66
msmarco-passage-trec-dl-2019,264014,0,array-blocker64,0.006633333978243172,33,66
msmarco-passage-trec-dl-2019,264014,0,array-unit,0.4011320840800181,2049,66
msmarco-passage-trec-dl-2019,264014,1,grouped-unit,0.01513791608158499,2049,66
msmarco-passage-trec-dl-2019,264014,1,grouped-handoff64,0.009115749970078468,427,66
msmarco-passage-trec-dl-2019,264014,1,array-blocker64,0.0067405408481135964,33,66
msmarco-passage-trec-dl-2019,264014,1,array-unit,0.40391766699030995,2049,66
msmarco-passage-trec-dl-2019,264014,1,grouped-blocker64,0.0024993749102577567,33,66
msmarco-passage-trec-dl-2019,264014,2,grouped-handoff64,0.00896962487604469,427,66
msmarco-passage-trec-dl-2019,264014,2,array-blocker64,0.0065837070578709245,33,66
msmarco-passage-trec-dl-2019,264014,2,array-unit,0.4011520011117682,2049,66
msmarco-passage-trec-dl-2019,264014,2,grouped-blocker64,0.002501793089322746,33,66
msmarco-passage-trec-dl-2019,264014,2,grouped-unit,0.014820541837252676,2049,66
msmarco-passage-trec-dl-2019,19335,0,grouped-unit,0.01501254306640476,2049,21
msmarco-passage-trec-dl-2019,19335,0,grouped-handoff64,0.02553470921702683,1461,21
msmarco-passage-trec-dl-2019,19335,0,array-blocker64,0.0047185830771923065,33,21
msmarco-passage-trec-dl-2019,19335,0,array-unit,0.2840850839857012,2049,21
msmarco-passage-trec-dl-2019,19335,0,grouped-blocker64,0.0023382509825751185,33,21
msmarco-passage-trec-dl-2019,19335,1,grouped-handoff64,0.02519545902032405,1461,21
msmarco-passage-trec-dl-2019,19335,1,array-blocker64,0.004822125076316297,33,21
msmarco-passage-trec-dl-2019,19335,1,array-unit,0.2834754161303863,2049,21
msmarco-passage-trec-dl-2019,19335,1,grouped-blocker64,0.0021851678611710668,33,21
msmarco-passage-trec-dl-2019,19335,1,grouped-unit,0.01451616594567895,2049,21
msmarco-passage-trec-dl-2019,19335,2,array-blocker64,0.004967791959643364,33,21
msmarco-passage-trec-dl-2019,19335,2,array-unit,0.284876000136137,2049,21
msmarco-passage-trec-dl-2019,19335,2,grouped-blocker64,0.0022409589728340507,33,21
msmarco-passage-trec-dl-2019,19335,2,grouped-unit,0.014955707942135632,2049,21
msmarco-passage-trec-dl-2019,19335,2,grouped-handoff64,0.025629874086007476,1461,21
msmarco-passage-trec-dl-2019,1133167,0,grouped-handoff64,0.009174501057714224,430,82
msmarco-passage-trec-dl-2019,1133167,0,array-blocker64,0.006354082026518881,33,82
msmarco-passage-trec-dl-2019,1133167,0,array-unit,0.3740204997593537,2049,82
msmarco-passage-trec-dl-2019,1133167,0,grouped-blocker64,0.002565540955401957,33,82
msmarco-passage-trec-dl-2019,1133167,0,grouped-unit,0.015250874101184309,2049,82
msmarco-passage-trec-dl-2019,1133167,1,array-blocker64,0.006155333947390318,33,82
msmarco-passage-trec-dl-2019,1133167,1,array-unit,0.37378712475765496,2049,82
msmarco-passage-trec-dl-2019,1133167,1,grouped-blocker64,0.0027119599981233478,33,82
msmarco-passage-trec-dl-2019,1133167,1,grouped-unit,0.018216708907857537,2049,82
msmarco-passage-trec-dl-2019,1133167,1,grouped-handoff64,0.009098917129449546,430,82
msmarco-passage-trec-dl-2019,1133167,2,array-unit,0.3799335000803694,2049,82
msmarco-passage-trec-dl-2019,1133167,2,grouped-blocker64,0.0026581240817904472,33,82
msmarco-passage-trec-dl-2019,1133167,2,grouped-unit,0.015314625925384462,2049,82
msmarco-passage-trec-dl-2019,1133167,2,grouped-handoff64,0.009028166881762445,430,82
msmarco-passage-trec-dl-2019,1133167,2,array-blocker64,0.006108875153586268,33,82
msmarco-passage-trec-dl-2019,156493,0,grouped-handoff64,0.00670741603244096,325,100
msmarco-passage-trec-dl-2019,156493,0,array-blocker64,0.004431583103723824,21,100
msmarco-passage-trec-dl-2019,156493,0,array-unit,0.24644020898267627,1224,100
msmarco-passage-trec-dl-2019,156493,0,grouped-blocker64,0.0019194569904357195,21,100
msmarco-passage-trec-dl-2019,156493,0,grouped-unit,0.009050165070220828,1224,100
msmarco-passage-trec-dl-2019,156493,1,array-blocker64,0.0043870838126167655,21,100
msmarco-passage-trec-dl-2019,156493,1,array-unit,0.2469609979307279,1224,100
msmarco-passage-trec-dl-2019,156493,1,grouped-blocker64,0.0017495420761406422,21,100
msmarco-passage-trec-dl-2019,156493,1,grouped-unit,0.008897167048417032,1224,100
msmarco-passage-trec-dl-2019,156493,1,grouped-handoff64,0.006961915991269052,325,100
msmarco-passage-trec-dl-2019,156493,2,array-unit,0.24815354100428522,1224,100
msmarco-passage-trec-dl-2019,156493,2,grouped-blocker64,0.0019157917704433203,21,100
msmarco-passage-trec-dl-2019,156493,2,grouped-unit,0.009188457857817411,1224,100
msmarco-passage-trec-dl-2019,156493,2,grouped-handoff64,0.006852290942333639,325,100
msmarco-passage-trec-dl-2019,156493,2,array-blocker64,0.004056167206726968,21,100
msmarco-passage-trec-dl-2019,87452,0,grouped-unit,0.01517812511883676,2049,47
msmarco-passage-trec-dl-2019,87452,0,grouped-handoff64,0.01596379093825817,831,47
msmarco-passage-trec-dl-2019,87452,0,array-blocker64,0.00594529090449214,33,47
msmarco-passage-trec-dl-2019,87452,0,array-unit,0.35213633405510336,2049,47
msmarco-passage-trec-dl-2019,87452,0,grouped-blocker64,0.0026435009203851223,33,47
msmarco-passage-trec-dl-2019,87452,1,grouped-handoff64,0.01573020708747208,831,47
msmarco-passage-trec-dl-2019,87452,1,array-blocker64,0.005885791149921715,33,47
msmarco-passage-trec-dl-2019,87452,1,array-unit,0.3548272921470925,2049,47
msmarco-passage-trec-dl-2019,87452,1,grouped-blocker64,0.0024188330862671137,33,47
msmarco-passage-trec-dl-2019,87452,1,grouped-unit,0.015225958894006908,2049,47
msmarco-passage-trec-dl-2019,87452,2,array-blocker64,0.006006209994666278,33,47
msmarco-passage-trec-dl-2019,87452,2,array-unit,0.35170908307190984,2049,47
msmarco-passage-trec-dl-2019,87452,2,grouped-blocker64,0.0024686239194124937,33,47
msmarco-passage-trec-dl-2019,87452,2,grouped-unit,0.015083792037330568,2049,47
msmarco-passage-trec-dl-2019,87452,2,grouped-handoff64,0.01524800097104162,831,47
msmarco-passage-trec-dl-2019,1112341,0,array-unit,0.28435883193742484,2049,24
msmarco-passage-trec-dl-2019,1112341,0,grouped-blocker64,0.0023155008675530553,33,24
msmarco-passage-trec-dl-2019,1112341,0,grouped-unit,0.014727290836162865,2049,24
msmarco-passage-trec-dl-2019,1112341,0,grouped-handoff64,0.019963458878919482,1116,24
msmarco-passage-trec-dl-2019,1112341,0,array-blocker64,0.004836041014641523,33,24
msmarco-passage-trec-dl-2019,1112341,1,grouped-blocker64,0.0022364159813150764,33,24
msmarco-passage-trec-dl-2019,1112341,1,grouped-unit,0.014548708102665842,2049,24
msmarco-passage-trec-dl-2019,1112341,1,grouped-handoff64,0.019912875024601817,1116,24
msmarco-passage-trec-dl-2019,1112341,1,array-blocker64,0.004948916961438954,33,24
msmarco-passage-trec-dl-2019,1112341,1,array-unit,0.2840490840608254,2049,24
msmarco-passage-trec-dl-2019,1112341,2,grouped-unit,0.014784167055040598,2049,24
msmarco-passage-trec-dl-2019,1112341,2,grouped-handoff64,0.019856708007864654,1116,24
msmarco-passage-trec-dl-2019,1112341,2,array-blocker64,0.004842083086259663,33,24
msmarco-passage-trec-dl-2019,1112341,2,array-unit,0.2832444179803133,2049,24
msmarco-passage-trec-dl-2019,1112341,2,grouped-blocker64,0.002322790096513927,33,24
msmarco-passage-trec-dl-2019,168216,0,grouped-handoff64,0.005337375099770725,278,100
msmarco-passage-trec-dl-2019,168216,0,array-blocker64,0.0019483340438455343,11,100
msmarco-passage-trec-dl-2019,168216,0,array-unit,0.10042224987410009,606,100
msmarco-passage-trec-dl-2019,168216,0,grouped-blocker64,0.0011907932348549366,11,100
msmarco-passage-trec-dl-2019,168216,0,grouped-unit,0.004523332929238677,606,100
msmarco-passage-trec-dl-2019,168216,1,array-blocker64,0.0019079979974776506,11,100
msmarco-passage-trec-dl-2019,168216,1,array-unit,0.10035779094323516,606,100
msmarco-passage-trec-dl-2019,168216,1,grouped-blocker64,0.0012883751187473536,11,100
msmarco-passage-trec-dl-2019,168216,1,grouped-unit,0.004571168101392686,606,100
msmarco-passage-trec-dl-2019,168216,1,grouped-handoff64,0.005323583027347922,278,100
msmarco-passage-trec-dl-2019,168216,2,array-unit,0.1008080008905381,606,100
msmarco-passage-trec-dl-2019,168216,2,grouped-blocker64,0.001171208918094635,11,100
msmarco-passage-trec-dl-2019,168216,2,grouped-unit,0.004555457271635532,606,100
msmarco-passage-trec-dl-2019,168216,2,grouped-handoff64,0.0053296678233891726,278,100
msmarco-passage-trec-dl-2019,168216,2,array-blocker64,0.0018735829507932067,11,100
msmarco-passage-trec-dl-2019,1103812,0,grouped-unit,0.014735249918885529,2049,13
msmarco-passage-trec-dl-2019,1103812,0,grouped-handoff64,0.022719500120729208,1285,13
msmarco-passage-trec-dl-2019,1103812,0,array-blocker64,0.0042927078902721405,33,13
msmarco-passage-trec-dl-2019,1103812,0,array-unit,0.24965574906673282,2049,13
msmarco-passage-trec-dl-2019,1103812,0,grouped-blocker64,0.0022757911356166005,33,13
msmarco-passage-trec-dl-2019,1103812,1,grouped-handoff64,0.02263587585184723,1285,13
msmarco-passage-trec-dl-2019,1103812,1,array-blocker64,0.004314750200137496,33,13
msmarco-passage-trec-dl-2019,1103812,1,array-unit,0.25067591795232147,2049,13
msmarco-passage-trec-dl-2019,1103812,1,grouped-blocker64,0.0022474159486591816,33,13
msmarco-passage-trec-dl-2019,1103812,1,grouped-unit,0.014562334050424397,2049,13
msmarco-passage-trec-dl-2019,1103812,2,array-blocker64,0.004031332908198237,33,13
msmarco-passage-trec-dl-2019,1103812,2,array-unit,0.2499450839823112,2049,13
msmarco-passage-trec-dl-2019,1103812,2,grouped-blocker64,0.002301833010278642,33,13
msmarco-passage-trec-dl-2019,1103812,2,grouped-unit,0.01451858296059072,2049,13
msmarco-passage-trec-dl-2019,1103812,2,grouped-handoff64,0.022490125033073127,1285,13
msmarco-passage-trec-dl-2020,1109707,0,array-blocker64,0.005651374813169241,33,40
msmarco-passage-trec-dl-2020,1109707,0,array-unit,0.32634925097227097,2049,41
msmarco-passage-trec-dl-2020,1109707,0,grouped-blocker64,0.0024824568536132574,33,40
msmarco-passage-trec-dl-2020,1109707,0,grouped-unit,0.014777709147892892,2049,41
msmarco-passage-trec-dl-2020,1109707,0,grouped-handoff64,0.02025499998126179,1148,41
msmarco-passage-trec-dl-2020,1109707,1,array-unit,0.32576379203237593,2049,41
msmarco-passage-trec-dl-2020,1109707,1,grouped-blocker64,0.002529666293412447,33,40
msmarco-passage-trec-dl-2020,1109707,1,grouped-unit,0.015106875100173056,2049,41
msmarco-passage-trec-dl-2020,1109707,1,grouped-handoff64,0.020858334028162062,1148,41
msmarco-passage-trec-dl-2020,1109707,1,array-blocker64,0.005680375033989549,33,40
msmarco-passage-trec-dl-2020,1109707,2,grouped-blocker64,0.0022708751494064927,33,40
msmarco-passage-trec-dl-2020,1109707,2,grouped-unit,0.014868457801640034,2049,41
msmarco-passage-trec-dl-2020,1109707,2,grouped-handoff64,0.02047050092369318,1148,41
msmarco-passage-trec-dl-2020,1109707,2,array-blocker64,0.005263958009891212,33,40
msmarco-passage-trec-dl-2020,1109707,2,array-unit,0.32706154207699,2049,41
msmarco-passage-trec-dl-2020,390360,0,grouped-handoff64,0.014939000946469605,808,14
msmarco-passage-trec-dl-2020,390360,0,array-blocker64,0.004721750156022608,33,14
msmarco-passage-trec-dl-2020,390360,0,array-unit,0.2675579600036144,2049,14
msmarco-passage-trec-dl-2020,390360,0,grouped-blocker64,0.0021712081506848335,33,14
msmarco-passage-trec-dl-2020,390360,0,grouped-unit,0.014934459119103849,2049,14
msmarco-passage-trec-dl-2020,390360,1,array-blocker64,0.004427834181115031,33,14
msmarco-passage-trec-dl-2020,390360,1,array-unit,0.2683479990810156,2049,14
msmarco-passage-trec-dl-2020,390360,1,grouped-blocker64,0.0022832920076325536,33,14
msmarco-passage-trec-dl-2020,390360,1,grouped-unit,0.014343626098707318,2049,14
msmarco-passage-trec-dl-2020,390360,1,grouped-handoff64,0.015072542009875178,808,14
msmarco-passage-trec-dl-2020,390360,2,array-unit,0.26898429286666214,2049,14
msmarco-passage-trec-dl-2020,390360,2,grouped-blocker64,0.0022894159192219377,33,14
msmarco-passage-trec-dl-2020,390360,2,grouped-unit,0.01448637607973069,2049,14
msmarco-passage-trec-dl-2020,390360,2,grouped-handoff64,0.0149713329738006,808,14
msmarco-passage-trec-dl-2020,390360,2,array-blocker64,0.00470891606528312,33,14
msmarco-passage-trec-dl-2020,1121353,0,grouped-handoff64,0.023789084050804377,1335,17
msmarco-passage-trec-dl-2020,1121353,0,array-blocker64,0.004484290024265647,33,17
msmarco-passage-trec-dl-2020,1121353,0,array-unit,0.258919624844566,2049,17
msmarco-passage-trec-dl-2020,1121353,0,grouped-blocker64,0.002113708993420005,33,17
msmarco-passage-trec-dl-2020,1121353,0,grouped-unit,0.014559501083567739,2049,17
msmarco-passage-trec-dl-2020,1121353,1,array-blocker64,0.004597625927999616,33,17
msmarco-passage-trec-dl-2020,1121353,1,array-unit,0.2603168321074918,2049,17
msmarco-passage-trec-dl-2020,1121353,1,grouped-blocker64,0.002425750019028783,33,17
msmarco-passage-trec-dl-2020,1121353,1,grouped-unit,0.014593917992897332,2049,17
msmarco-passage-trec-dl-2020,1121353,1,grouped-handoff64,0.023522790987044573,1335,17
msmarco-passage-trec-dl-2020,1121353,2,array-unit,0.25717720796819776,2049,17
msmarco-passage-trec-dl-2020,1121353,2,grouped-blocker64,0.0022052080603316426,33,17
msmarco-passage-trec-dl-2020,1121353,2,grouped-unit,0.014646997908130288,2049,17
msmarco-passage-trec-dl-2020,1121353,2,grouped-handoff64,0.02379504218697548,1335,17
msmarco-passage-trec-dl-2020,1121353,2,array-blocker64,0.004612834076397121,33,17
msmarco-passage-trec-dl-2020,1122767,0,array-unit,0.36070050089620054,2049,44
msmarco-passage-trec-dl-2020,1122767,0,grouped-blocker64,0.002527083153836429,33,44
msmarco-passage-trec-dl-2020,1122767,0,grouped-unit,0.015040460042655468,2049,44
msmarco-passage-trec-dl-2020,1122767,0,grouped-handoff64,0.0283489580033347,1605,44
msmarco-passage-trec-dl-2020,1122767,0,array-blocker64,0.006148374755866826,33,44
msmarco-passage-trec-dl-2020,1122767,1,grouped-blocker64,0.002488542115315795,33,44
msmarco-passage-trec-dl-2020,1122767,1,grouped-unit,0.015040123951621354,2049,44
msmarco-passage-trec-dl-2020,1122767,1,grouped-handoff64,0.028166541131213307,1605,44
msmarco-passage-trec-dl-2020,1122767,1,array-blocker64,0.005967834964394569,33,44
msmarco-passage-trec-dl-2020,1122767,1,array-unit,0.3589186680037528,2049,44
msmarco-passage-trec-dl-2020,1122767,2,grouped-unit,0.014906293130479753,2049,44
msmarco-passage-trec-dl-2020,1122767,2,grouped-handoff64,0.027902958914637566,1605,44
msmarco-passage-trec-dl-2020,1122767,2,array-blocker64,0.006034875172190368,33,44
msmarco-passage-trec-dl-2020,1122767,2,array-unit,0.360745292971842,2049,44
msmarco-passage-trec-dl-2020,1122767,2,grouped-blocker64,0.002427833853289485,33,44
msmarco-passage-trec-dl-2020,940547,0,array-unit,0.30126366682816297,2049,27
msmarco-passage-trec-dl-2020,940547,0,grouped-blocker64,0.002338790218345821,33,27
msmarco-passage-trec-dl-2020,940547,0,grouped-unit,0.014990459894761443,2049,27
msmarco-passage-trec-dl-2020,940547,0,grouped-handoff64,0.023864584043622017,1311,27
msmarco-passage-trec-dl-2020,940547,0,array-blocker64,0.0051241249311715364,33,27
msmarco-passage-trec-dl-2020,940547,1,grouped-blocker64,0.0023422081721946597,33,27
msmarco-passage-trec-dl-2020,940547,1,grouped-unit,0.015193040948361158,2049,27
msmarco-passage-trec-dl-2020,940547,1,grouped-handoff64,0.02359579096082598,1311,27
msmarco-passage-trec-dl-2020,940547,1,array-blocker64,0.005150041775777936,33,27
msmarco-passage-trec-dl-2020,940547,1,array-unit,0.30107245803810656,2049,27
msmarco-passage-trec-dl-2020,940547,2,grouped-unit,0.014961791108362377,2049,27
msmarco-passage-trec-dl-2020,940547,2,grouped-handoff64,0.02358487492892891,1311,27
msmarco-passage-trec-dl-2020,940547,2,array-blocker64,0.005169707001186907,33,27
msmarco-passage-trec-dl-2020,940547,2,array-unit,0.30199204105883837,2049,27
msmarco-passage-trec-dl-2020,940547,2,grouped-blocker64,0.002400374156422913,33,27
msmarco-passage-trec-dl-2020,1108651,0,grouped-blocker64,0.0023739999160170555,33,21
msmarco-passage-trec-dl-2020,1108651,0,grouped-unit,0.014588417019695044,2049,21
msmarco-passage-trec-dl-2020,1108651,0,grouped-handoff64,0.01989783300086856,1154,21
msmarco-passage-trec-dl-2020,1108651,0,array-blocker64,0.004663374973461032,33,21
msmarco-passage-trec-dl-2020,1108651,0,array-unit,0.2650861251167953,2049,21
msmarco-passage-trec-dl-2020,1108651,1,grouped-unit,0.0146289998665452,2049,21
msmarco-passage-trec-dl-2020,1108651,1,grouped-handoff64,0.019920706981793046,1154,21
msmarco-passage-trec-dl-2020,1108651,1,array-blocker64,0.0046552070416510105,33,21
msmarco-passage-trec-dl-2020,1108651,1,array-unit,0.2655043739359826,2049,21
msmarco-passage-trec-dl-2020,1108651,1,grouped-blocker64,0.002290082862600684,33,21
msmarco-passage-trec-dl-2020,1108651,2,grouped-handoff64,0.020092625985853374,1154,21
msmarco-passage-trec-dl-2020,1108651,2,array-blocker64,0.004589835065416992,33,21
msmarco-passage-trec-dl-2020,1108651,2,array-unit,0.2651596680516377,2049,21
msmarco-passage-trec-dl-2020,1108651,2,grouped-blocker64,0.0022503338987007737,33,21
msmarco-passage-trec-dl-2020,1108651,2,grouped-unit,0.014245375990867615,2049,21
msmarco-passage-trec-dl-2020,1106979,0,grouped-handoff64,0.00809070817194879,377,41
msmarco-passage-trec-dl-2020,1106979,0,array-blocker64,0.0056301242439076304,33,41
msmarco-passage-trec-dl-2020,1106979,0,array-unit,0.34143279306590557,2049,41
msmarco-passage-trec-dl-2020,1106979,0,grouped-blocker64,0.002441042917780578,33,41
msmarco-passage-trec-dl-2020,1106979,0,grouped-unit,0.014868750935420394,2049,41
msmarco-passage-trec-dl-2020,1106979,1,array-blocker64,0.005639209761284292,33,41
msmarco-passage-trec-dl-2020,1106979,1,array-unit,0.3413414171664044,2049,41
msmarco-passage-trec-dl-2020,1106979,1,grouped-blocker64,0.0022811649832874537,33,41
msmarco-passage-trec-dl-2020,1106979,1,grouped-unit,0.014535999740473926,2049,41
msmarco-passage-trec-dl-2020,1106979,1,grouped-handoff64,0.008034834172576666,377,41
msmarco-passage-trec-dl-2020,1106979,2,array-unit,0.3418098739348352,2049,41
msmarco-passage-trec-dl-2020,1106979,2,grouped-blocker64,0.0023517929948866367,33,41
msmarco-passage-trec-dl-2020,1106979,2,grouped-unit,0.014768415945582092,2049,41
msmarco-passage-trec-dl-2020,1106979,2,grouped-handoff64,0.008005416020751,377,41
msmarco-passage-trec-dl-2020,1106979,2,array-blocker64,0.0056773320538923144,33,41
msmarco-passage-trec-dl-2020,1136962,0,grouped-blocker64,0.002518123830668628,33,69
msmarco-passage-trec-dl-2020,1136962,0,grouped-unit,0.014981165993958712,2049,69
msmarco-passage-trec-dl-2020,1136962,0,grouped-handoff64,0.01041008299216628,516,69
msmarco-passage-trec-dl-2020,1136962,0,array-blocker64,0.006949251051992178,33,69
msmarco-passage-trec-dl-2020,1136962,0,array-unit,0.4150272487895563,2049,69
msmarco-passage-trec-dl-2020,1136962,1,grouped-unit,0.015505541115999222,2049,69
msmarco-passage-trec-dl-2020,1136962,1,grouped-handoff64,0.011035584146156907,516,69
msmarco-passage-trec-dl-2020,1136962,1,array-blocker64,0.0070580418687313795,33,69
msmarco-passage-trec-dl-2020,1136962,1,array-unit,0.41488124895840883,2049,69
msmarco-passage-trec-dl-2020,1136962,1,grouped-blocker64,0.0025982920778915286,33,69
msmarco-passage-trec-dl-2020,1136962,2,grouped-handoff64,0.010562333860434592,516,69
msmarco-passage-trec-dl-2020,1136962,2,array-blocker64,0.0068149990402162075,33,69
msmarco-passage-trec-dl-2020,1136962,2,array-unit,0.4104860411025584,2049,69
msmarco-passage-trec-dl-2020,1136962,2,grouped-blocker64,0.0025417921133339405,33,69
msmarco-passage-trec-dl-2020,1136962,2,grouped-unit,0.014925875118933618,2049,69
msmarco-passage-trec-dl-2020,1132532,0,array-unit,0.3428426270838827,2049,37
msmarco-passage-trec-dl-2020,1132532,0,grouped-blocker64,0.0024662920041009784,33,37
msmarco-passage-trec-dl-2020,1132532,0,grouped-unit,0.015287125017493963,2049,37
msmarco-passage-trec-dl-2020,1132532,0,grouped-handoff64,0.013286373810842633,705,37
msmarco-passage-trec-dl-2020,1132532,0,array-blocker64,0.005697001121006906,33,37
msmarco-passage-trec-dl-2020,1132532,1,grouped-blocker64,0.002456165966577828,33,37
msmarco-passage-trec-dl-2020,1132532,1,grouped-unit,0.015506833791732788,2049,37
msmarco-passage-trec-dl-2020,1132532,1,grouped-handoff64,0.013477624859660864,705,37
msmarco-passage-trec-dl-2020,1132532,1,array-blocker64,0.005939917056821287,33,37
msmarco-passage-trec-dl-2020,1132532,1,array-unit,0.3457966661080718,2049,37
msmarco-passage-trec-dl-2020,1132532,2,grouped-unit,0.015721457893960178,2049,37
msmarco-passage-trec-dl-2020,1132532,2,grouped-handoff64,0.01381583302281797,705,37
msmarco-passage-trec-dl-2020,1132532,2,array-blocker64,0.006112875300459564,33,37
msmarco-passage-trec-dl-2020,1132532,2,array-unit,0.3525280418107286,2049,37
msmarco-passage-trec-dl-2020,1132532,2,grouped-blocker64,0.002484791912138462,33,37
msmarco-passage-trec-dl-2020,877809,0,array-unit,0.3918116681743413,2049,56
msmarco-passage-trec-dl-2020,877809,0,grouped-blocker64,0.002682083868421614,33,56
msmarco-passage-trec-dl-2020,877809,0,grouped-unit,0.015375831862911582,2049,56
msmarco-passage-trec-dl-2020,877809,0,grouped-handoff64,0.009756499901413918,466,56
msmarco-passage-trec-dl-2020,877809,0,array-blocker64,0.006523458985611796,33,56
msmarco-passage-trec-dl-2020,877809,1,grouped-blocker64,0.0025502900825813413,33,56
msmarco-passage-trec-dl-2020,877809,1,grouped-unit,0.015059499186463654,2049,56
msmarco-passage-trec-dl-2020,877809,1,grouped-handoff64,0.009719664929434657,466,56
msmarco-passage-trec-dl-2020,877809,1,array-blocker64,0.006407917011529207,33,56
msmarco-passage-trec-dl-2020,877809,1,array-unit,0.383439208031632,2049,56
msmarco-passage-trec-dl-2020,877809,2,grouped-unit,0.015198583947494626,2049,56
msmarco-passage-trec-dl-2020,877809,2,grouped-handoff64,0.009212415898218751,466,56
msmarco-passage-trec-dl-2020,877809,2,array-blocker64,0.006447165040299296,33,56
msmarco-passage-trec-dl-2020,877809,2,array-unit,0.3850872510811314,2049,56
msmarco-passage-trec-dl-2020,877809,2,grouped-blocker64,0.0023839991772547364,33,56
nfcorpus,PLAIN-1516,0,array-blocker64,0.0004417079035192728,4,100
nfcorpus,PLAIN-1516,0,array-unit,0.009995041065849364,103,100
nfcorpus,PLAIN-1516,0,grouped-blocker64,0.00037612696178257465,4,100
nfcorpus,PLAIN-1516,0,grouped-unit,0.0003540010657161474,103,100
nfcorpus,PLAIN-1516,0,grouped-handoff64,0.00035395706072449684,40,100
nfcorpus,PLAIN-1516,1,array-unit,0.010150874964892864,103,100
nfcorpus,PLAIN-1516,1,grouped-blocker64,0.0004162488039582968,4,100
nfcorpus,PLAIN-1516,1,grouped-unit,0.0003319589886814356,103,100
nfcorpus,PLAIN-1516,1,grouped-handoff64,0.0003281249664723873,40,100
nfcorpus,PLAIN-1516,1,array-blocker64,0.0004456669557839632,4,100
nfcorpus,PLAIN-1516,2,grouped-blocker64,0.0003502931213006377,4,100
nfcorpus,PLAIN-1516,2,grouped-unit,0.0003674592589959502,103,100
nfcorpus,PLAIN-1516,2,grouped-handoff64,0.0004047080874443054,40,100
nfcorpus,PLAIN-1516,2,array-blocker64,0.0004237499088048935,4,100
nfcorpus,PLAIN-1516,2,array-unit,0.010335708153434098,103,100
nfcorpus,PLAIN-2920,0,array-unit,0.30360741703771055,2049,49
nfcorpus,PLAIN-2920,0,grouped-blocker64,0.0025877930456772447,34,49
nfcorpus,PLAIN-2920,0,grouped-unit,0.015110958949662745,2049,49
nfcorpus,PLAIN-2920,0,grouped-handoff64,0.014841166092082858,802,49
nfcorpus,PLAIN-2920,0,array-blocker64,0.005653666099533439,34,49
nfcorpus,PLAIN-2920,1,grouped-blocker64,0.0024388331221416593,34,49
nfcorpus,PLAIN-2920,1,grouped-unit,0.014979748986661434,2049,49
nfcorpus,PLAIN-2920,1,grouped-handoff64,0.014719667262397707,802,49
nfcorpus,PLAIN-2920,1,array-blocker64,0.00555104180239141,34,49
nfcorpus,PLAIN-2920,1,array-unit,0.30451491684652865,2049,49
nfcorpus,PLAIN-2920,2,grouped-unit,0.015193082042969763,2049,49
nfcorpus,PLAIN-2920,2,grouped-handoff64,0.014883834053762257,802,49
nfcorpus,PLAIN-2920,2,array-blocker64,0.005553999915719032,34,49
nfcorpus,PLAIN-2920,2,array-unit,0.3046272078063339,2049,49
nfcorpus,PLAIN-2920,2,grouped-blocker64,0.0025400409940630198,34,49
nfcorpus,PLAIN-603,0,array-unit,0.010331666213460267,104,100
nfcorpus,PLAIN-603,0,grouped-blocker64,0.0003834989620372653,4,100
nfcorpus,PLAIN-603,0,grouped-unit,0.0003517500590533018,104,100
nfcorpus,PLAIN-603,0,grouped-handoff64,0.00034662510734051466,41,100
nfcorpus,PLAIN-603,0,array-blocker64,0.00036704016383737326,4,100
nfcorpus,PLAIN-603,1,grouped-blocker64,0.0003652919549494982,4,100
nfcorpus,PLAIN-603,1,grouped-unit,0.0003422920126467943,104,100
nfcorpus,PLAIN-603,1,grouped-handoff64,0.00036812410689890385,41,100
nfcorpus,PLAIN-603,1,array-blocker64,0.0004386669024825096,4,100
nfcorpus,PLAIN-603,1,array-unit,0.01017654302995652,104,100
nfcorpus,PLAIN-603,2,grouped-unit,0.00038350094109773636,104,100
nfcorpus,PLAIN-603,2,grouped-handoff64,0.00035679107531905174,41,100
nfcorpus,PLAIN-603,2,array-blocker64,0.00037158303894102573,4,100
nfcorpus,PLAIN-603,2,array-unit,0.010113583062775433,104,100
nfcorpus,PLAIN-603,2,grouped-blocker64,0.000370291993021965,4,100
nfcorpus,PLAIN-817,0,array-blocker64,0.0039171259850263596,34,11
nfcorpus,PLAIN-817,0,array-unit,0.23587316705379635,2049,11
nfcorpus,PLAIN-817,0,grouped-blocker64,0.0021462900331243873,34,11
nfcorpus,PLAIN-817,0,grouped-unit,0.010725540923886001,2049,11
nfcorpus,PLAIN-817,0,grouped-handoff64,0.002283500856719911,40,11
nfcorpus,PLAIN-817,1,array-unit,0.23679704207461327,2049,11
nfcorpus,PLAIN-817,1,grouped-blocker64,0.0021683749509975314,34,11
nfcorpus,PLAIN-817,1,grouped-unit,0.010796915972605348,2049,11
nfcorpus,PLAIN-817,1,grouped-handoff64,0.0021469988860189915,40,11
nfcorpus,PLAIN-817,1,array-blocker64,0.004031917080283165,34,11
nfcorpus,PLAIN-817,2,grouped-blocker64,0.001992001081816852,34,11
nfcorpus,PLAIN-817,2,grouped-unit,0.010810833075083792,2049,11
nfcorpus,PLAIN-817,2,grouped-handoff64,0.002239541965536773,40,11
nfcorpus,PLAIN-817,2,array-blocker64,0.003914291970431805,34,11
nfcorpus,PLAIN-817,2,array-unit,0.23619787383358926,2049,11
nfcorpus,PLAIN-1249,0,array-unit,0.26502929197158664,2049,32
nfcorpus,PLAIN-1249,0,grouped-blocker64,0.0024157087318599224,34,32
nfcorpus,PLAIN-1249,0,grouped-unit,0.014693917823024094,2049,32
nfcorpus,PLAIN-1249,0,grouped-handoff64,0.004535333137027919,173,32
nfcorpus,PLAIN-1249,0,array-blocker64,0.004609916009940207,34,32
nfcorpus,PLAIN-1249,1,grouped-blocker64,0.0023079998791217804,34,32
nfcorpus,PLAIN-1249,1,grouped-unit,0.014620334841310978,2049,32
nfcorpus,PLAIN-1249,1,grouped-handoff64,0.004485707962885499,173,32
nfcorpus,PLAIN-1249,1,array-blocker64,0.004580584121868014,34,32
nfcorpus,PLAIN-1249,1,array-unit,0.2655364579986781,2049,32
nfcorpus,PLAIN-1249,2,grouped-unit,0.015111415879800916,2049,32
nfcorpus,PLAIN-1249,2,grouped-handoff64,0.004512500949203968,173,32
nfcorpus,PLAIN-1249,2,array-blocker64,0.004822916118428111,34,32
nfcorpus,PLAIN-1249,2,array-unit,0.26608070684596896,2049,32
nfcorpus,PLAIN-1249,2,grouped-blocker64,0.0022942901123315096,34,32
nfcorpus,PLAIN-1635,0,array-blocker64,0.001988417934626341,11,100
nfcorpus,PLAIN-1635,0,array-unit,0.09404416684992611,552,100
nfcorpus,PLAIN-1635,0,grouped-blocker64,0.001134165795519948,11,100
nfcorpus,PLAIN-1635,0,grouped-unit,0.004201998934149742,552,100
nfcorpus,PLAIN-1635,0,grouped-handoff64,0.0028238738887012005,125,100
nfcorpus,PLAIN-1635,1,array-unit,0.09391841699834913,552,100
nfcorpus,PLAIN-1635,1,grouped-blocker64,0.001160000218078494,11,100
nfcorpus,PLAIN-1635,1,grouped-unit,0.004065332002937794,552,100
nfcorpus,PLAIN-1635,1,grouped-handoff64,0.002844124916009605,125,100
nfcorpus,PLAIN-1635,1,array-blocker64,0.0019134159665554762,11,100
nfcorpus,PLAIN-1635,2,grouped-blocker64,0.0010731678921729326,11,100
nfcorpus,PLAIN-1635,2,grouped-unit,0.004184207879006863,552,100
nfcorpus,PLAIN-1635,2,grouped-handoff64,0.0028107919497415423,125,100
nfcorpus,PLAIN-1635,2,array-blocker64,0.0018813328351825476,11,100
nfcorpus,PLAIN-1635,2,array-unit,0.09412929194513708,552,100
nfcorpus,PLAIN-1441,0,array-blocker64,0.005458208965137601,34,43
nfcorpus,PLAIN-1441,0,array-unit,0.3235837077954784,2049,43
nfcorpus,PLAIN-1441,0,grouped-blocker64,0.0024296670453622937,34,43
nfcorpus,PLAIN-1441,0,grouped-unit,0.014413125929422677,2049,43
nfcorpus,PLAIN-1441,0,grouped-handoff64,0.002792915911413729,63,43
nfcorpus,PLAIN-1441,1,array-unit,0.32291566708590835,2049,43
nfcorpus,PLAIN-1441,1,grouped-blocker64,0.002408541040495038,34,43
nfcorpus,PLAIN-1441,1,grouped-unit,0.014094998827204108,2049,43
nfcorpus,PLAIN-1441,1,grouped-handoff64,0.0029613751685246825,63,43
nfcorpus,PLAIN-1441,1,array-blocker64,0.005435669096186757,34,43
nfcorpus,PLAIN-1441,2,grouped-blocker64,0.002287789946421981,34,43
nfcorpus,PLAIN-1441,2,grouped-unit,0.014047416858375072,2049,43
nfcorpus,PLAIN-1441,2,grouped-handoff64,0.0028596248012036085,63,43
nfcorpus,PLAIN-1441,2,array-blocker64,0.005418209009803832,34,43
nfcorpus,PLAIN-1441,2,array-unit,0.323686461080797,2049,43
nfcorpus,PLAIN-1731,0,grouped-unit,0.00041654007509350777,106,100
nfcorpus,PLAIN-1731,0,grouped-handoff64,0.0003825000021606684,41,100
nfcorpus,PLAIN-1731,0,array-blocker64,0.0003730009775608778,4,100
nfcorpus,PLAIN-1731,0,array-unit,0.010569084086455405,106,100
nfcorpus,PLAIN-1731,0,grouped-blocker64,0.0003920851740986109,4,100
nfcorpus,PLAIN-1731,1,grouped-handoff64,0.0003793740179389715,41,100
nfcorpus,PLAIN-1731,1,array-blocker64,0.000377209042198956,4,100
nfcorpus,PLAIN-1731,1,array-unit,0.01016766601242125,106,100
nfcorpus,PLAIN-1731,1,grouped-blocker64,0.0003869989886879921,4,100
nfcorpus,PLAIN-1731,1,grouped-unit,0.00041283201426267624,106,100
nfcorpus,PLAIN-1731,2,array-blocker64,0.00038595893420279026,4,100
nfcorpus,PLAIN-1731,2,array-unit,0.01029750017914921,106,100
nfcorpus,PLAIN-1731,2,grouped-blocker64,0.0003914170665666461,4,100
nfcorpus,PLAIN-1731,2,grouped-unit,0.00041662598960101604,106,100
nfcorpus,PLAIN-1731,2,grouped-handoff64,0.0003676260821521282,41,100
nfcorpus,PLAIN-1909,0,array-blocker64,0.006136624841019511,32,100
nfcorpus,PLAIN-1909,0,array-unit,0.34940979292150587,1893,100
nfcorpus,PLAIN-1909,0,grouped-blocker64,0.0025408328510820866,32,100
nfcorpus,PLAIN-1909,0,grouped-unit,0.013461206923238933,1893,100
nfcorpus,PLAIN-1909,0,grouped-handoff64,0.0028797079576179385,55,100
nfcorpus,PLAIN-1909,1,array-unit,0.347127916989848,1893,100
nfcorpus,PLAIN-1909,1,grouped-blocker64,0.0026388729456812143,32,100
nfcorpus,PLAIN-1909,1,grouped-unit,0.013323457911610603,1893,100
nfcorpus,PLAIN-1909,1,grouped-handoff64,0.003010665881447494,55,100
nfcorpus,PLAIN-1909,1,array-blocker64,0.0058675839100033045,32,100
nfcorpus,PLAIN-1909,2,grouped-blocker64,0.002476625028066337,32,100
nfcorpus,PLAIN-1909,2,grouped-unit,0.013192374957725406,1893,100
nfcorpus,PLAIN-1909,2,grouped-handoff64,0.0029814160661771894,55,100
nfcorpus,PLAIN-1909,2,array-blocker64,0.005928292055614293,32,100
nfcorpus,PLAIN-1909,2,array-unit,0.3464608328649774,1893,100
nfcorpus,PLAIN-2600,0,grouped-unit,0.011551667004823685,1544,100
nfcorpus,PLAIN-2600,0,grouped-handoff64,0.0062476679449900985,291,100
nfcorpus,PLAIN-2600,0,array-blocker64,0.005552210146561265,27,100
nfcorpus,PLAIN-2600,0,array-unit,0.29410041589289904,1544,100
nfcorpus,PLAIN-2600,0,grouped-blocker64,0.00234587409067899,27,100
nfcorpus,PLAIN-2600,1,grouped-handoff64,0.0063037489308044314,291,100
nfcorpus,PLAIN-2600,1,array-blocker64,0.005353416898287833,27,100
nfcorpus,PLAIN-2600,1,array-unit,0.29193999990820885,1544,100
nfcorpus,PLAIN-2600,1,grouped-blocker64,0.002226043143309653,27,100
nfcorpus,PLAIN-2600,1,grouped-unit,0.011526123969815671,1544,100
nfcorpus,PLAIN-2600,2,array-blocker64,0.005343541037291288,27,100
nfcorpus,PLAIN-2600,2,array-unit,0.2967006650287658,1544,100
nfcorpus,PLAIN-2600,2,grouped-blocker64,0.0024320820812135935,27,100
nfcorpus,PLAIN-2600,2,grouped-unit,0.011555958888493478,1544,100
nfcorpus,PLAIN-2600,2,grouped-handoff64,0.006261167931370437,291,100
scifact,674,0,grouped-handoff64,0.009824332082644105,474,65
scifact,674,0,array-blocker64,0.007190666859969497,33,65
scifact,674,0,array-unit,0.42107812396716326,2049,65
scifact,674,0,grouped-blocker64,0.0025526260724291205,33,65
scifact,674,0,grouped-unit,0.01556075003463775,2049,65
scifact,674,1,array-blocker64,0.0071746238972991705,33,65
scifact,674,1,array-unit,0.4195315829711035,2049,65
scifact,674,1,grouped-blocker64,0.002482165931724012,33,65
scifact,674,1,grouped-unit,0.014904456911608577,2049,65
scifact,674,1,grouped-handoff64,0.009618417010642588,474,65
scifact,674,2,array-unit,0.4226748759392649,2049,65
scifact,674,2,grouped-blocker64,0.002646540175192058,33,65
scifact,674,2,grouped-unit,0.01562587614171207,2049,65
scifact,674,2,grouped-handoff64,0.009865958942100406,474,65
scifact,674,2,array-blocker64,0.00737595884129405,33,65
scifact,1150,0,array-unit,0.34046108298934996,2049,32
scifact,1150,0,grouped-blocker64,0.0025357501581311226,33,32
scifact,1150,0,grouped-unit,0.015171624952927232,2049,32
scifact,1150,0,grouped-handoff64,0.01578529109247029,834,32
scifact,1150,0,array-blocker64,0.005979500128887594,33,32
scifact,1150,1,grouped-blocker64,0.0022392511600628495,33,32
scifact,1150,1,grouped-unit,0.01439883396960795,2049,32
scifact,1150,1,grouped-handoff64,0.015479542897082865,834,32
scifact,1150,1,array-blocker64,0.005777500104159117,33,32
scifact,1150,1,array-unit,0.33249570708721876,2049,32
scifact,1150,2,grouped-unit,0.014928624033927917,2049,32
scifact,1150,2,grouped-handoff64,0.014978875988163054,834,32
scifact,1150,2,array-blocker64,0.0057055409997701645,33,32
scifact,1150,2,array-unit,0.3361081250477582,2049,32
scifact,1150,2,grouped-blocker64,0.002563208108767867,33,32
scifact,1271,0,array-unit,0.3111339999595657,2049,29
scifact,1271,0,grouped-blocker64,0.00251541577745229,33,28
scifact,1271,0,grouped-unit,0.014585998840630054,2049,29
scifact,1271,0,grouped-handoff64,0.017149748979136348,945,29
scifact,1271,0,array-blocker64,0.005427085096016526,33,28
scifact,1271,1,grouped-blocker64,0.0022582070669159293,33,28
scifact,1271,1,grouped-unit,0.015182375092990696,2049,29
scifact,1271,1,grouped-handoff64,0.016983874957077205,945,29
scifact,1271,1,array-blocker64,0.005770417163148522,33,28
scifact,1271,1,array-unit,0.311432956950739,2049,29
scifact,1271,2,grouped-unit,0.015289498842321336,2049,29
scifact,1271,2,grouped-handoff64,0.016851707943715155,945,29
scifact,1271,2,array-blocker64,0.005536875803954899,33,28
scifact,1271,2,array-unit,0.3127257899614051,2049,29
scifact,1271,2,grouped-blocker64,0.00238108285702765,33,28
scifact,1316,0,array-blocker64,0.0064447070471942425,33,76
scifact,1316,0,array-unit,0.373620625003241,2049,76
scifact,1316,0,grouped-blocker64,0.0026728759985417128,33,76
scifact,1316,0,grouped-unit,0.015707082115113735,2049,76
scifact,1316,0,grouped-handoff64,0.008214002125896513,351,76
scifact,1316,1,array-unit,0.371499291039072,2049,76
scifact,1316,1,grouped-blocker64,0.002707042032852769,33,76
scifact,1316,1,grouped-unit,0.014659833046607673,2049,76
scifact,1316,1,grouped-handoff64,0.008171333116479218,351,76
scifact,1316,1,array-blocker64,0.006226290948688984,33,76
scifact,1316,2,grouped-blocker64,0.0026137499371543527,33,76
scifact,1316,2,grouped-unit,0.015182250062935054,2049,76
scifact,1316,2,grouped-handoff64,0.007890958804637194,351,76
scifact,1316,2,array-blocker64,0.006362001062370837,33,76
scifact,1316,2,array-unit,0.37083541695028543,2049,76
scifact,839,0,array-blocker64,0.0052446689223870635,33,29
scifact,839,0,array-unit,0.3053590840427205,2049,29
scifact,839,0,grouped-blocker64,0.0026755830040201545,33,29
scifact,839,0,grouped-unit,0.015569542185403407,2049,29
scifact,839,0,grouped-handoff64,0.025551124941557646,1435,29
scifact,839,1,array-unit,0.30131041700951755,2049,29
scifact,839,1,grouped-blocker64,0.002412166097201407,33,29
scifact,839,1,grouped-unit,0.014887500903569162,2049,29
scifact,839,1,grouped-handoff64,0.025539122871123254,1435,29
scifact,839,1,array-blocker64,0.005286916741169989,33,29
scifact,839,2,grouped-blocker64,0.0023547918535768986,33,29
scifact,839,2,grouped-unit,0.014781333855353296,2049,29
scifact,839,2,grouped-handoff64,0.025493499008007348,1435,29
scifact,839,2,array-blocker64,0.005275249946862459,33,29
scifact,839,2,array-unit,0.3008761659730226,2049,29
scifact,1179,0,grouped-unit,0.0155967929167673,2049,42
scifact,1179,0,grouped-handoff64,0.02539425005670637,1460,42
scifact,1179,0,array-blocker64,0.005862626014277339,33,42
scifact,1179,0,array-unit,0.3355926258955151,2049,42
scifact,1179,0,grouped-blocker64,0.0024379161186516285,33,42
scifact,1179,1,grouped-handoff64,0.026720999041572213,1460,42
scifact,1179,1,array-blocker64,0.0059021239867433906,33,42
scifact,1179,1,array-unit,0.3337304999586195,2049,42
scifact,1179,1,grouped-blocker64,0.0024316669441759586,33,42
scifact,1179,1,grouped-unit,0.015337000135332346,2049,42
scifact,1179,2,array-blocker64,0.005776416976004839,33,42
scifact,1179,2,array-unit,0.3360093757510185,2049,42
scifact,1179,2,grouped-blocker64,0.0023816670291125774,33,42
scifact,1179,2,grouped-unit,0.015386291197501123,2049,42
scifact,1179,2,grouped-handoff64,0.0260745418490842,1460,42
scifact,1241,0,array-unit,0.45904087519738823,2049,97
scifact,1241,0,grouped-blocker64,0.002923332736827433,33,97
scifact,1241,0,grouped-unit,0.01587541599292308,2049,97
scifact,1241,0,grouped-handoff64,0.011775750084780157,551,97
scifact,1241,0,array-blocker64,0.007635749178007245,33,97
scifact,1241,1,grouped-blocker64,0.0027602489572018385,33,97
scifact,1241,1,grouped-unit,0.015616166172549129,2049,97
scifact,1241,1,grouped-handoff64,0.011695416062138975,551,97
scifact,1241,1,array-blocker64,0.0075200010323897,33,97
scifact,1241,1,array-unit,0.45646999892778695,2049,97
scifact,1241,2,grouped-unit,0.01606437494046986,2049,97
scifact,1241,2,grouped-handoff64,0.01155483303591609,551,97
scifact,1241,2,array-blocker64,0.007497331942431629,33,97
scifact,1241,2,array-unit,0.46050512488000095,2049,97
scifact,1241,2,grouped-blocker64,0.002860291046090424,33,97
scifact,845,0,array-blocker64,0.006819960079155862,34,63
scifact,845,0,array-unit,0.37502412404865026,2049,63
scifact,845,0,grouped-blocker64,0.002538709086365998,34,63
scifact,845,0,grouped-unit,0.015624751104041934,2049,63
scifact,845,0,grouped-handoff64,0.014139667036943138,716,63
scifact,845,1,array-unit,0.37712304084561765,2049,63
scifact,845,1,grouped-blocker64,0.002705790917389095,34,63
scifact,845,1,grouped-unit,0.015104125021025538,2049,63
scifact,845,1,grouped-handoff64,0.013677290175110102,716,63
scifact,845,1,array-blocker64,0.006420541903935373,34,63
scifact,845,2,grouped-blocker64,0.0024813328636810184,34,63
scifact,845,2,grouped-unit,0.015450083301402628,2049,63
scifact,845,2,grouped-handoff64,0.013834875775501132,716,63
scifact,845,2,array-blocker64,0.006968333967961371,34,63
scifact,845,2,array-unit,0.3763712497893721,2049,63
scifact,230,0,grouped-unit,0.015066667110659182,2049,36
scifact,230,0,grouped-handoff64,0.009285000851377845,457,36
scifact,230,0,array-blocker64,0.006273041013628244,34,36
scifact,230,0,array-unit,0.3381172919180244,2049,36
scifact,230,0,grouped-blocker64,0.0024618729948997498,34,36
scifact,230,1,grouped-handoff64,0.00924945785664022,457,36
scifact,230,1,array-blocker64,0.005915334913879633,34,36
scifact,230,1,array-unit,0.3363840001402423,2049,36
scifact,230,1,grouped-blocker64,0.002502167015336454,34,36
scifact,230,1,grouped-unit,0.014997918042354286,2049,36
scifact,230,2,array-blocker64,0.006129959016107023,34,36
scifact,230,2,array-unit,0.33460954285692424,2049,36
scifact,230,2,grouped-blocker64,0.002410540822893381,34,36
scifact,230,2,grouped-unit,0.015496917185373604,2049,36
scifact,230,2,grouped-handoff64,0.009430000209249556,457,36
scifact,659,0,array-unit,0.24606487504206598,2049,14
scifact,659,0,grouped-blocker64,0.002513835090212524,33,14
scifact,659,0,grouped-unit,0.014932208927348256,2049,14
scifact,659,0,grouped-handoff64,0.02657479129265994,1515,14
scifact,659,0,array-blocker64,0.004344666027463973,33,14
scifact,659,1,grouped-blocker64,0.0022601247765123844,33,14
scifact,659,1,grouped-unit,0.014698792132548988,2049,14
scifact,659,1,grouped-handoff64,0.026409374899230897,1515,14
scifact,659,1,array-blocker64,0.004315334837883711,33,14
scifact,659,1,array-unit,0.24576658208388835,2049,14
scifact,659,2,grouped-unit,0.014931499841623008,2049,14
scifact,659,2,grouped-handoff64,0.02656583406496793,1515,14
scifact,659,2,array-blocker64,0.0042385009583085775,33,14
scifact,659,2,array-unit,0.24587895802687854,2049,14
scifact,659,2,grouped-blocker64,0.0023775401059538126,33,14
trec-covid,8,0,array-unit,0.24595462414436042,2049,12
trec-covid,8,0,grouped-blocker64,0.0024125820491462946,33,12
trec-covid,8,0,grouped-unit,0.014644582872278988,2049,12
trec-covid,8,0,grouped-handoff64,0.021982500096783042,1262,12
trec-covid,8,0,array-blocker64,0.004221625160425901,33,12
trec-covid,8,1,grouped-blocker64,0.002105541992932558,33,12
trec-covid,8,1,grouped-unit,0.01398016803432256,2049,12
trec-covid,8,1,grouped-handoff64,0.022524082101881504,1262,12
trec-covid,8,1,array-blocker64,0.004213165957480669,33,12
trec-covid,8,1,array-unit,0.25089916680008173,2049,12
trec-covid,8,2,grouped-unit,0.01496116688940674,2049,12
trec-covid,8,2,grouped-handoff64,0.022332167020067573,1262,12
trec-covid,8,2,array-blocker64,0.0042859179666265845,33,12
trec-covid,8,2,array-unit,0.24750883516389877,2049,12
trec-covid,8,2,grouped-blocker64,0.002098625060170889,33,12
trec-covid,34,0,grouped-blocker64,0.0023657928686589003,33,7
trec-covid,34,0,grouped-unit,0.014872666914016008,2049,7
trec-covid,34,0,grouped-handoff64,0.0235154990805313,1365,7
trec-covid,34,0,array-blocker64,0.004139124997891486,33,7
trec-covid,34,0,array-unit,0.23282825003843755,2049,7
trec-covid,34,1,grouped-unit,0.014586334000341594,2049,7
trec-covid,34,1,grouped-handoff64,0.023556125001050532,1365,7
trec-covid,34,1,array-blocker64,0.003960709902457893,33,7
trec-covid,34,1,array-unit,0.23380391695536673,2049,7
trec-covid,34,1,grouped-blocker64,0.0022188760340213776,33,7
trec-covid,34,2,grouped-handoff64,0.023335541132837534,1365,7
trec-covid,34,2,array-blocker64,0.004004708142019808,33,7
trec-covid,34,2,array-unit,0.233856417122297,2049,7
trec-covid,34,2,grouped-blocker64,0.002243832917883992,33,7
trec-covid,34,2,grouped-unit,0.014199292054399848,2049,7
trec-covid,17,0,array-blocker64,0.004479915834963322,33,13
trec-covid,17,0,array-unit,0.25313450198154896,2049,13
trec-covid,17,0,grouped-blocker64,0.002375250100158155,33,13
trec-covid,17,0,grouped-unit,0.014898000052198768,2049,13
trec-covid,17,0,grouped-handoff64,0.02596041699871421,1465,13
trec-covid,17,1,array-unit,0.2516622500261292,2049,13
trec-covid,17,1,grouped-blocker64,0.0023202078882604837,33,13
trec-covid,17,1,grouped-unit,0.014398416155017912,2049,13
trec-covid,17,1,grouped-handoff64,0.026275830809026957,1465,13
trec-covid,17,1,array-blocker64,0.004623207962140441,33,13
trec-covid,17,2,grouped-blocker64,0.002288498915731907,33,13
trec-covid,17,2,grouped-unit,0.014782789978198707,2049,13
trec-covid,17,2,grouped-handoff64,0.025546750868670642,1465,13
trec-covid,17,2,array-blocker64,0.004430250031873584,33,13
trec-covid,17,2,array-unit,0.25633008289150894,2049,13
trec-covid,37,0,grouped-handoff64,0.006938794162124395,276,100
trec-covid,37,0,array-blocker64,0.007444375078193843,33,100
trec-covid,37,0,array-unit,0.39820670802146196,1977,100
trec-covid,37,0,grouped-blocker64,0.0028390820370987058,33,100
trec-covid,37,0,grouped-unit,0.014792583882808685,1977,100
trec-covid,37,1,array-blocker64,0.007179918116889894,33,100
trec-covid,37,1,array-unit,0.3947775838896632,1977,100
trec-covid,37,1,grouped-blocker64,0.002804334042593837,33,100
trec-covid,37,1,grouped-unit,0.01507524901535362,1977,100
trec-covid,37,1,grouped-handoff64,0.006744748912751675,276,100
trec-covid,37,2,array-unit,0.3938047509873286,1977,100
trec-covid,37,2,grouped-blocker64,0.002804166986607015,33,100
trec-covid,37,2,grouped-unit,0.015445666038431227,1977,100
trec-covid,37,2,grouped-handoff64,0.0067105842754244804,276,100
trec-covid,37,2,array-blocker64,0.00718070799484849,33,100
trec-covid,5,0,grouped-unit,0.015139667084440589,2049,29
trec-covid,5,0,grouped-handoff64,0.016239291871897876,873,29
trec-covid,5,0,array-blocker64,0.005306084058247507,33,29
trec-covid,5,0,array-unit,0.301124126999639,2049,29
trec-covid,5,0,grouped-blocker64,0.0022975000320002437,33,29
trec-covid,5,1,grouped-handoff64,0.015912040951661766,873,29
trec-covid,5,1,array-blocker64,0.005337998969480395,33,29
trec-covid,5,1,array-unit,0.30135945696383715,2049,29
trec-covid,5,1,grouped-blocker64,0.0024340011877939105,33,29
trec-covid,5,1,grouped-unit,0.015054917079396546,2049,29
trec-covid,5,2,array-blocker64,0.005176624865271151,33,29
trec-covid,5,2,array-unit,0.300463417195715,2049,29
trec-covid,5,2,grouped-blocker64,0.0023505407152697444,33,29
trec-covid,5,2,grouped-unit,0.01513404119759798,2049,29
trec-covid,5,2,grouped-handoff64,0.016359126078896224,873,29
trec-covid,29,0,grouped-unit,0.015419541043229401,2049,54
trec-covid,29,0,grouped-handoff64,0.012917500920593739,671,54
trec-covid,29,0,array-blocker64,0.006291502038948238,33,54
trec-covid,29,0,array-unit,0.36815737502183765,2049,54
trec-covid,29,0,grouped-blocker64,0.0025133751332759857,33,54
trec-covid,29,1,grouped-handoff64,0.013139083981513977,671,54
trec-covid,29,1,array-blocker64,0.006062709027901292,33,54
trec-covid,29,1,array-unit,0.36697221000213176,2049,54
trec-covid,29,1,grouped-blocker64,0.002645291853696108,33,54
trec-covid,29,1,grouped-unit,0.015271376934833825,2049,54
trec-covid,29,2,array-blocker64,0.006290791090577841,33,54
trec-covid,29,2,array-unit,0.3670411250786856,2049,54
trec-covid,29,2,grouped-blocker64,0.002484999014995992,33,54
trec-covid,29,2,grouped-unit,0.015245999908074737,2049,54
trec-covid,29,2,grouped-handoff64,0.012795584159903228,671,54
trec-covid,14,0,grouped-handoff64,0.01167554093990475,604,28
trec-covid,14,0,array-blocker64,0.005423832102678716,33,28
trec-covid,14,0,array-unit,0.3070898330770433,2049,28
trec-covid,14,0,grouped-blocker64,0.002490999992005527,33,28
trec-covid,14,0,grouped-unit,0.014758249977603555,2049,28
trec-covid,14,1,array-blocker64,0.005193458986468613,33,28
trec-covid,14,1,array-unit,0.305972459143959,2049,28
trec-covid,14,1,grouped-blocker64,0.0023392080329358578,33,28
trec-covid,14,1,grouped-unit,0.014497999916784465,2049,28
trec-covid,14,1,grouped-handoff64,0.011628667009063065,604,28
trec-covid,14,2,array-unit,0.30704979109577835,2049,28
trec-covid,14,2,grouped-blocker64,0.002314169076271355,33,28
trec-covid,14,2,grouped-unit,0.014830043073743582,2049,28
trec-covid,14,2,grouped-handoff64,0.011661334079690278,604,28
trec-covid,14,2,array-blocker64,0.005319790914654732,33,28
trec-covid,23,0,array-blocker64,0.004962417064234614,33,18
trec-covid,23,0,array-unit,0.2827719181077555,2049,18
trec-covid,23,0,grouped-blocker64,0.0024186241207644343,33,18
trec-covid,23,0,grouped-unit,0.014848500140942633,2049,18
trec-covid,23,0,grouped-handoff64,0.020529999863356352,1128,18
trec-covid,23,1,array-unit,0.28199770697392523,2049,18
trec-covid,23,1,grouped-blocker64,0.0024999999441206455,33,18
trec-covid,23,1,grouped-unit,0.015064499923028052,2049,18
trec-covid,23,1,grouped-handoff64,0.020237539894878864,1128,18
trec-covid,23,1,array-blocker64,0.004843584029003978,33,18
trec-covid,23,2,grouped-blocker64,0.0023002092493698,33,18
trec-covid,23,2,grouped-unit,0.014650958124548197,2049,18
trec-covid,23,2,grouped-handoff64,0.019820249872282147,1128,18
trec-covid,23,2,array-blocker64,0.0049172500148415565,33,18
trec-covid,23,2,array-unit,0.30275337491184473,2049,18
trec-covid,32,0,array-unit,0.21978995704557747,2049,4
trec-covid,32,0,grouped-blocker64,0.0023454169277101755,33,4
trec-covid,32,0,grouped-unit,0.014356083003804088,2049,4
trec-covid,32,0,grouped-handoff64,0.02763537596911192,1613,4
trec-covid,32,0,array-blocker64,0.003593791974708438,33,4
trec-covid,32,1,grouped-blocker64,0.0022826249478384852,33,4
trec-covid,32,1,grouped-unit,0.014748792047612369,2049,4
trec-covid,32,1,grouped-handoff64,0.027830084087327123,1613,4
trec-covid,32,1,array-blocker64,0.003745625028386712,33,4
trec-covid,32,1,array-unit,0.22158250014763325,2049,4
trec-covid,32,2,grouped-unit,0.014957333100028336,2049,4
trec-covid,32,2,grouped-handoff64,0.02782441722229123,1613,4
trec-covid,32,2,array-blocker64,0.0039107920601964,33,4
trec-covid,32,2,array-unit,0.22019470890518278,2049,4
trec-covid,32,2,grouped-blocker64,0.00229720794595778,33,4
trec-covid,27,0,array-blocker64,0.00397858303040266,33,5
trec-covid,27,0,array-unit,0.23122354201041162,2049,5
trec-covid,27,0,grouped-blocker64,0.002371958107687533,33,5
trec-covid,27,0,grouped-unit,0.014889706973917782,2049,5
trec-covid,27,0,grouped-handoff64,0.021499874768778682,1204,5
trec-covid,27,1,array-unit,0.23453858494758606,2049,5
trec-covid,27,1,grouped-blocker64,0.0023542899871245027,33,5
trec-covid,27,1,grouped-unit,0.014804875012487173,2049,5
trec-covid,27,1,grouped-handoff64,0.021649040980264544,1204,5
trec-covid,27,1,array-blocker64,0.004211833234876394,33,5
trec-covid,27,2,grouped-blocker64,0.0020947480807080865,33,5
trec-covid,27,2,grouped-unit,0.014925166266039014,2049,5
trec-covid,27,2,grouped-handoff64,0.021372832939960063,1204,5
trec-covid,27,2,array-blocker64,0.0038630819180980325,33,5
trec-covid,27,2,array-unit,0.23076166596729308,2049,5
