dataset,policy,batch,budget,n,coverage,mean_k_lower,mean_k_upper,k20_lower,k20_upper,median_k_lower,p10_k_lower,empty_lower,empty_upper,at10_lower,at10_upper,at20_lower,at20_upper
msmarco-passage-trec-dl-2019,balanced,1,128,43,1.0,9.953488372093023,9.953488372093023,9.651162790697674,9.651162790697674,9.0,2.2,0.0,0.0,0.4418604651162791,0.4418604651162791,0.09302325581395349,0.09302325581395349
msmarco-passage-trec-dl-2019,balanced,1,256,43,1.0,17.0,17.0,14.069767441860465,14.069767441860465,17.0,5.2,0.0,0.0,0.6976744186046512,0.6976744186046512,0.46511627906976744,0.46511627906976744
msmarco-passage-trec-dl-2019,balanced,1,512,43,1.0,27.53488372093023,27.53488372093023,15.930232558139535,15.930232558139535,25.0,7.0,0.0,0.0,0.8372093023255814,0.8372093023255814,0.5813953488372093,0.5813953488372093
msmarco-passage-trec-dl-2019,balanced,1,1024,43,1.0,35.2093023255814,35.2093023255814,17.13953488372093,17.13953488372093,30.0,9.2,0.0,0.0,0.8837209302325582,0.8837209302325582,0.6511627906976745,0.6511627906976745
msmarco-passage-trec-dl-2019,balanced,1,2048,43,1.0,41.86046511627907,41.86046511627907,17.767441860465116,17.767441860465116,33.0,10.2,0.0,0.0,0.9302325581395349,0.9302325581395349,0.7674418604651163,0.7674418604651163
msmarco-passage-trec-dl-2019,balanced,1,4096,43,1.0,48.41860465116279,48.41860465116279,18.162790697674417,18.162790697674417,37.0,13.0,0.0,0.0,0.9302325581395349,0.9302325581395349,0.7906976744186046,0.7906976744186046
msmarco-passage-trec-dl-2019,balanced,1,8192,43,1.0,53.2093023255814,53.2093023255814,18.441860465116278,18.441860465116278,44.0,13.2,0.0,0.0,0.9534883720930233,0.9534883720930233,0.813953488372093,0.813953488372093
msmarco-passage-trec-dl-2019,balanced,1,10000,43,1.0,55.72093023255814,55.72093023255814,18.58139534883721,18.58139534883721,45.0,13.4,0.0,0.0,0.9534883720930233,0.9534883720930233,0.813953488372093,0.813953488372093
msmarco-passage-trec-dl-2019,balanced,64,128,43,1.0,9.953488372093023,9.953488372093023,9.651162790697674,9.651162790697674,9.0,2.2,0.0,0.0,0.4418604651162791,0.4418604651162791,0.09302325581395349,0.09302325581395349
msmarco-passage-trec-dl-2019,balanced,64,256,43,1.0,17.0,17.0,14.069767441860465,14.069767441860465,17.0,5.2,0.0,0.0,0.6976744186046512,0.6976744186046512,0.46511627906976744,0.46511627906976744
msmarco-passage-trec-dl-2019,balanced,64,512,43,1.0,27.53488372093023,27.53488372093023,15.930232558139535,15.930232558139535,25.0,7.0,0.0,0.0,0.8372093023255814,0.8372093023255814,0.5813953488372093,0.5813953488372093
msmarco-passage-trec-dl-2019,balanced,64,1024,43,1.0,35.2093023255814,35.2093023255814,17.13953488372093,17.13953488372093,30.0,9.2,0.0,0.0,0.8837209302325582,0.8837209302325582,0.6511627906976745,0.6511627906976745
msmarco-passage-trec-dl-2019,balanced,64,2048,43,1.0,41.86046511627907,41.86046511627907,17.767441860465116,17.767441860465116,33.0,10.2,0.0,0.0,0.9302325581395349,0.9302325581395349,0.7674418604651163,0.7674418604651163
msmarco-passage-trec-dl-2019,balanced,64,4096,43,1.0,48.41860465116279,48.41860465116279,18.162790697674417,18.162790697674417,37.0,13.0,0.0,0.0,0.9302325581395349,0.9302325581395349,0.7906976744186046,0.7906976744186046
msmarco-passage-trec-dl-2019,balanced,64,8192,43,1.0,53.2093023255814,53.2093023255814,18.441860465116278,18.441860465116278,44.0,13.2,0.0,0.0,0.9534883720930233,0.9534883720930233,0.813953488372093,0.813953488372093
msmarco-passage-trec-dl-2019,balanced,64,10000,43,1.0,55.72093023255814,55.72093023255814,18.58139534883721,18.58139534883721,45.0,13.4,0.0,0.0,0.9534883720930233,0.9534883720930233,0.813953488372093,0.813953488372093
msmarco-passage-trec-dl-2019,dibud,1,128,43,1.0,10.55813953488372,10.55813953488372,10.209302325581396,10.209302325581396,10.0,2.2,0.0,0.0,0.5116279069767442,0.5116279069767442,0.11627906976744186,0.11627906976744186
msmarco-passage-trec-dl-2019,dibud,1,256,43,1.0,18.325581395348838,18.325581395348838,14.348837209302326,14.348837209302326,18.0,5.2,0.0,0.0,0.7209302325581395,0.7209302325581395,0.46511627906976744,0.46511627906976744
msmarco-passage-trec-dl-2019,dibud,1,512,43,1.0,29.58139534883721,29.58139534883721,16.232558139534884,16.232558139534884,26.0,7.4,0.0,0.0,0.8372093023255814,0.8372093023255814,0.6046511627906976,0.6046511627906976
msmarco-passage-trec-dl-2019,dibud,1,1024,43,1.0,37.674418604651166,37.674418604651166,17.325581395348838,17.325581395348838,30.0,9.2,0.0,0.0,0.8837209302325582,0.8837209302325582,0.6744186046511628,0.6744186046511628
msmarco-passage-trec-dl-2019,dibud,1,2048,43,1.0,46.18604651162791,46.18604651162791,17.906976744186046,17.906976744186046,34.0,11.2,0.0,0.0,0.9302325581395349,0.9302325581395349,0.7906976744186046,0.7906976744186046
msmarco-passage-trec-dl-2019,dibud,1,4096,43,1.0,51.13953488372093,51.13953488372093,18.209302325581394,18.209302325581394,40.0,13.0,0.0,0.0,0.9302325581395349,0.9302325581395349,0.7906976744186046,0.7906976744186046
msmarco-passage-trec-dl-2019,dibud,1,8192,43,0.4883720930232558,55.44186046511628,84.09302325581395,18.488372093023255,18.953488372093023,44.0,13.2,0.0,0.0,0.9534883720930233,0.9534883720930233,0.813953488372093,0.9069767441860465
msmarco-passage-trec-dl-2019,dibud,1,10000,43,0.3023255813953488,55.72093023255814,96.65116279069767,18.58139534883721,19.790697674418606,45.0,13.4,0.0,0.0,0.9534883720930233,1.0,0.813953488372093,0.9767441860465116
msmarco-passage-trec-dl-2019,dibud,64,128,43,1.0,9.953488372093023,9.953488372093023,9.651162790697674,9.651162790697674,9.0,2.2,0.0,0.0,0.4418604651162791,0.4418604651162791,0.09302325581395349,0.09302325581395349
msmarco-passage-trec-dl-2019,dibud,64,256,43,1.0,17.0,17.0,14.069767441860465,14.069767441860465,17.0,5.2,0.0,0.0,0.6976744186046512,0.6976744186046512,0.46511627906976744,0.46511627906976744
msmarco-passage-trec-dl-2019,dibud,64,512,43,1.0,28.302325581395348,28.302325581395348,16.046511627906977,16.046511627906977,25.0,7.0,0.0,0.0,0.8372093023255814,0.8372093023255814,0.5813953488372093,0.5813953488372093
msmarco-passage-trec-dl-2019,dibud,64,1024,43,1.0,37.51162790697674,37.51162790697674,17.302325581395348,17.302325581395348,30.0,9.2,0.0,0.0,0.8837209302325582,0.8837209302325582,0.6744186046511628,0.6744186046511628
msmarco-passage-trec-dl-2019,dibud,64,2048,43,1.0,45.58139534883721,45.58139534883721,17.88372093023256,17.88372093023256,34.0,10.4,0.0,0.0,0.9302325581395349,0.9302325581395349,0.7906976744186046,0.7906976744186046
msmarco-passage-trec-dl-2019,dibud,64,4096,43,1.0,51.093023255813954,51.093023255813954,18.209302325581394,18.209302325581394,39.0,13.0,0.0,0.0,0.9302325581395349,0.9302325581395349,0.7906976744186046,0.7906976744186046
msmarco-passage-trec-dl-2019,dibud,64,8192,43,0.4883720930232558,55.44186046511628,84.09302325581395,18.488372093023255,18.953488372093023,44.0,13.2,0.0,0.0,0.9534883720930233,0.9534883720930233,0.813953488372093,0.9069767441860465
msmarco-passage-trec-dl-2019,dibud,64,10000,43,0.3023255813953488,55.72093023255814,96.65116279069767,18.58139534883721,19.790697674418606,45.0,13.4,0.0,0.0,0.9534883720930233,1.0,0.813953488372093,0.9767441860465116
msmarco-passage-trec-dl-2020,balanced,1,128,54,1.0,10.333333333333334,10.333333333333334,9.833333333333334,9.833333333333334,9.5,3.0,0.0,0.0,0.5,0.5,0.09259259259259259,0.09259259259259259
msmarco-passage-trec-dl-2020,balanced,1,256,54,1.0,16.59259259259259,16.59259259259259,13.666666666666666,13.666666666666666,13.0,6.0,0.0,0.0,0.7222222222222222,0.7222222222222222,0.3333333333333333,0.3333333333333333
msmarco-passage-trec-dl-2020,balanced,1,512,54,1.0,23.24074074074074,23.24074074074074,16.203703703703702,16.203703703703702,20.5,8.3,0.0,0.0,0.8333333333333334,0.8333333333333334,0.5185185185185185,0.5185185185185185
msmarco-passage-trec-dl-2020,balanced,1,1024,54,1.0,29.72222222222222,29.72222222222222,17.537037037037038,17.537037037037038,28.5,10.0,0.0,0.0,0.9444444444444444,0.9444444444444444,0.6296296296296297,0.6296296296296297
msmarco-passage-trec-dl-2020,balanced,1,2048,54,1.0,34.907407407407405,34.907407407407405,18.333333333333332,18.333333333333332,32.5,13.0,0.0,0.0,0.9814814814814815,0.9814814814814815,0.7592592592592593,0.7592592592592593
msmarco-passage-trec-dl-2020,balanced,1,4096,54,1.0,41.72222222222222,41.72222222222222,18.87037037037037,18.87037037037037,37.0,15.0,0.0,0.0,0.9814814814814815,0.9814814814814815,0.7962962962962963,0.7962962962962963
msmarco-passage-trec-dl-2020,balanced,1,8192,54,1.0,45.111111111111114,45.111111111111114,19.166666666666668,19.166666666666668,42.5,16.3,0.0,0.0,1.0,1.0,0.8148148148148148,0.8148148148148148
msmarco-passage-trec-dl-2020,balanced,1,10000,54,1.0,46.68518518518518,46.68518518518518,19.25925925925926,19.25925925925926,44.0,17.0,0.0,0.0,1.0,1.0,0.8518518518518519,0.8518518518518519
msmarco-passage-trec-dl-2020,balanced,64,128,54,1.0,10.333333333333334,10.333333333333334,9.833333333333334,9.833333333333334,9.5,3.0,0.0,0.0,0.5,0.5,0.09259259259259259,0.09259259259259259
msmarco-passage-trec-dl-2020,balanced,64,256,54,1.0,16.59259259259259,16.59259259259259,13.666666666666666,13.666666666666666,13.0,6.0,0.0,0.0,0.7222222222222222,0.7222222222222222,0.3333333333333333,0.3333333333333333
msmarco-passage-trec-dl-2020,balanced,64,512,54,1.0,23.24074074074074,23.24074074074074,16.203703703703702,16.203703703703702,20.5,8.3,0.0,0.0,0.8333333333333334,0.8333333333333334,0.5185185185185185,0.5185185185185185
msmarco-passage-trec-dl-2020,balanced,64,1024,54,1.0,29.72222222222222,29.72222222222222,17.537037037037038,17.537037037037038,28.5,10.0,0.0,0.0,0.9444444444444444,0.9444444444444444,0.6296296296296297,0.6296296296296297
msmarco-passage-trec-dl-2020,balanced,64,2048,54,1.0,34.907407407407405,34.907407407407405,18.333333333333332,18.333333333333332,32.5,13.0,0.0,0.0,0.9814814814814815,0.9814814814814815,0.7592592592592593,0.7592592592592593
msmarco-passage-trec-dl-2020,balanced,64,4096,54,1.0,41.72222222222222,41.72222222222222,18.87037037037037,18.87037037037037,37.0,15.0,0.0,0.0,0.9814814814814815,0.9814814814814815,0.7962962962962963,0.7962962962962963
msmarco-passage-trec-dl-2020,balanced,64,8192,54,1.0,45.111111111111114,45.111111111111114,19.166666666666668,19.166666666666668,42.5,16.3,0.0,0.0,1.0,1.0,0.8148148148148148,0.8148148148148148
msmarco-passage-trec-dl-2020,balanced,64,10000,54,1.0,46.68518518518518,46.68518518518518,19.25925925925926,19.25925925925926,44.0,17.0,0.0,0.0,1.0,1.0,0.8518518518518519,0.8518518518518519
msmarco-passage-trec-dl-2020,dibud,1,128,54,1.0,10.61111111111111,10.61111111111111,10.0,10.0,9.5,3.0,0.0,0.0,0.5,0.5,0.1111111111111111,0.1111111111111111
msmarco-passage-trec-dl-2020,dibud,1,256,54,1.0,17.25925925925926,17.25925925925926,13.833333333333334,13.833333333333334,13.5,6.0,0.0,0.0,0.7222222222222222,0.7222222222222222,0.35185185185185186,0.35185185185185186
msmarco-passage-trec-dl-2020,dibud,1,512,54,1.0,24.796296296296298,24.796296296296298,16.37037037037037,16.37037037037037,22.0,8.3,0.0,0.0,0.8518518518518519,0.8518518518518519,0.5370370370370371,0.5370370370370371
msmarco-passage-trec-dl-2020,dibud,1,1024,54,1.0,31.64814814814815,31.64814814814815,17.72222222222222,17.72222222222222,30.0,10.600000000000001,0.0,0.0,0.9629629629629629,0.9629629629629629,0.6851851851851852,0.6851851851851852
msmarco-passage-trec-dl-2020,dibud,1,2048,54,1.0,38.31481481481482,38.31481481481482,18.35185185185185,18.35185185185185,35.5,13.0,0.0,0.0,0.9814814814814815,0.9814814814814815,0.7592592592592593,0.7592592592592593
msmarco-passage-trec-dl-2020,dibud,1,4096,54,1.0,43.46296296296296,43.46296296296296,18.962962962962962,18.962962962962962,39.5,15.0,0.0,0.0,0.9814814814814815,0.9814814814814815,0.7962962962962963,0.7962962962962963
msmarco-passage-trec-dl-2020,dibud,1,8192,54,0.3333333333333333,46.48148148148148,81.9074074074074,19.22222222222222,19.72222222222222,43.5,15.600000000000001,0.0,0.0,1.0,1.0,0.8518518518518519,0.9444444444444444
msmarco-passage-trec-dl-2020,dibud,1,10000,54,0.14814814814814814,46.648148148148145,93.03703703703704,19.22222222222222,19.814814814814813,44.0,15.600000000000001,0.0,0.0,1.0,1.0,0.8518518518518519,0.9629629629629629
msmarco-passage-trec-dl-2020,dibud,64,128,54,1.0,10.333333333333334,10.333333333333334,9.833333333333334,9.833333333333334,9.5,3.0,0.0,0.0,0.5,0.5,0.09259259259259259,0.09259259259259259
msmarco-passage-trec-dl-2020,dibud,64,256,54,1.0,16.61111111111111,16.61111111111111,13.666666666666666,13.666666666666666,13.0,6.0,0.0,0.0,0.7222222222222222,0.7222222222222222,0.3333333333333333,0.3333333333333333
msmarco-passage-trec-dl-2020,dibud,64,512,54,1.0,24.185185185185187,24.185185185185187,16.22222222222222,16.22222222222222,21.0,8.3,0.0,0.0,0.8333333333333334,0.8333333333333334,0.5185185185185185,0.5185185185185185
msmarco-passage-trec-dl-2020,dibud,64,1024,54,1.0,31.35185185185185,31.35185185185185,17.685185185185187,17.685185185185187,29.5,10.600000000000001,0.0,0.0,0.9629629629629629,0.9629629629629629,0.6851851851851852,0.6851851851851852
msmarco-passage-trec-dl-2020,dibud,64,2048,54,1.0,38.27777777777778,38.27777777777778,18.35185185185185,18.35185185185185,35.5,13.0,0.0,0.0,0.9814814814814815,0.9814814814814815,0.7592592592592593,0.7592592592592593
msmarco-passage-trec-dl-2020,dibud,64,4096,54,1.0,43.44444444444444,43.44444444444444,18.962962962962962,18.962962962962962,39.5,15.0,0.0,0.0,0.9814814814814815,0.9814814814814815,0.7962962962962963,0.7962962962962963
msmarco-passage-trec-dl-2020,dibud,64,8192,54,0.3333333333333333,46.48148148148148,81.9074074074074,19.22222222222222,19.72222222222222,43.5,15.600000000000001,0.0,0.0,1.0,1.0,0.8518518518518519,0.9444444444444444
msmarco-passage-trec-dl-2020,dibud,64,10000,54,0.14814814814814814,46.648148148148145,93.03703703703704,19.22222222222222,19.814814814814813,44.0,15.600000000000001,0.0,0.0,1.0,1.0,0.8518518518518519,0.9629629629629629
nfcorpus,balanced,1,128,323,1.0,24.54798761609907,24.54798761609907,11.492260061919504,11.492260061919504,11.0,3.0,0.02476780185758514,0.02476780185758514,0.56656346749226,0.56656346749226,0.2476780185758514,0.2476780185758514
nfcorpus,balanced,1,256,323,1.0,29.70278637770898,29.70278637770898,14.38390092879257,14.38390092879257,17.0,5.0,0.018575851393188854,0.018575851393188854,0.7492260061919505,0.7492260061919505,0.4241486068111455,0.4241486068111455
nfcorpus,balanced,1,512,323,1.0,36.92879256965944,36.92879256965944,16.554179566563466,16.554179566563466,24.0,7.200000000000003,0.009287925696594427,0.009287925696594427,0.8699690402476781,0.8699690402476781,0.6160990712074303,0.6160990712074303
nfcorpus,balanced,1,1024,323,1.0,46.61300309597523,46.61300309597523,18.055727554179565,18.055727554179565,37.0,12.200000000000003,0.0030959752321981426,0.0030959752321981426,0.9195046439628483,0.9195046439628483,0.7647058823529411,0.7647058823529411
nfcorpus,balanced,1,2048,323,1.0,62.06191950464396,62.06191950464396,19.235294117647058,19.235294117647058,57.0,19.0,0.0,0.0,0.9721362229102167,0.9721362229102167,0.8947368421052632,0.8947368421052632
nfcorpus,balanced,1,4096,323,1.0,92.91640866873065,92.91640866873065,19.978328173374614,19.978328173374614,100.0,66.0,0.0,0.0,1.0,1.0,0.9938080495356038,0.9938080495356038
nfcorpus,balanced,1,8192,323,1.0,100.0,100.0,20.0,20.0,100.0,100.0,0.0,0.0,1.0,1.0,1.0,1.0
nfcorpus,balanced,1,10000,323,1.0,100.0,100.0,20.0,20.0,100.0,100.0,0.0,0.0,1.0,1.0,1.0,1.0
nfcorpus,balanced,64,128,323,1.0,24.54798761609907,24.54798761609907,11.492260061919504,11.492260061919504,11.0,3.0,0.02476780185758514,0.02476780185758514,0.56656346749226,0.56656346749226,0.2476780185758514,0.2476780185758514
nfcorpus,balanced,64,256,323,1.0,29.70278637770898,29.70278637770898,14.38390092879257,14.38390092879257,17.0,5.0,0.018575851393188854,0.018575851393188854,0.7492260061919505,0.7492260061919505,0.4241486068111455,0.4241486068111455
nfcorpus,balanced,64,512,323,1.0,36.92879256965944,36.92879256965944,16.554179566563466,16.554179566563466,24.0,7.200000000000003,0.009287925696594427,0.009287925696594427,0.8699690402476781,0.8699690402476781,0.6160990712074303,0.6160990712074303
nfcorpus,balanced,64,1024,323,1.0,46.61300309597523,46.61300309597523,18.055727554179565,18.055727554179565,37.0,12.200000000000003,0.0030959752321981426,0.0030959752321981426,0.9195046439628483,0.9195046439628483,0.7647058823529411,0.7647058823529411
nfcorpus,balanced,64,2048,323,1.0,62.06191950464396,62.06191950464396,19.235294117647058,19.235294117647058,57.0,19.0,0.0,0.0,0.9721362229102167,0.9721362229102167,0.8947368421052632,0.8947368421052632
nfcorpus,balanced,64,4096,323,1.0,92.91640866873065,92.91640866873065,19.978328173374614,19.978328173374614,100.0,66.0,0.0,0.0,1.0,1.0,0.9938080495356038,0.9938080495356038
nfcorpus,balanced,64,8192,323,1.0,100.0,100.0,20.0,20.0,100.0,100.0,0.0,0.0,1.0,1.0,1.0,1.0
nfcorpus,balanced,64,10000,323,1.0,100.0,100.0,20.0,20.0,100.0,100.0,0.0,0.0,1.0,1.0,1.0,1.0
nfcorpus,dibud,1,128,323,1.0,24.86996904024768,24.86996904024768,11.724458204334365,11.724458204334365,11.0,3.0,0.02476780185758514,0.02476780185758514,0.5851393188854489,0.5851393188854489,0.2786377708978328,0.2786377708978328
nfcorpus,dibud,1,256,323,1.0,30.21362229102167,30.21362229102167,14.569659442724458,14.569659442724458,17.0,5.0,0.018575851393188854,0.018575851393188854,0.7554179566563467,0.7554179566563467,0.4520123839009288,0.4520123839009288
nfcorpus,dibud,1,512,323,1.0,37.73684210526316,37.73684210526316,16.681114551083592,16.681114551083592,25.0,8.0,0.009287925696594427,0.009287925696594427,0.8792569659442725,0.8792569659442725,0.6346749226006192,0.6346749226006192
nfcorpus,dibud,1,1024,323,1.0,47.43653250773994,47.43653250773994,18.13003095975232,18.13003095975232,38.0,13.0,0.0030959752321981426,0.0030959752321981426,0.9195046439628483,0.9195046439628483,0.7739938080495357,0.7739938080495357
nfcorpus,dibud,1,2048,323,1.0,63.71207430340557,63.71207430340557,19.28173374613003,19.28173374613003,61.0,20.0,0.0,0.0,0.9721362229102167,0.9721362229102167,0.9009287925696594,0.9009287925696594
nfcorpus,dibud,1,4096,323,1.0,94.19195046439629,94.19195046439629,19.987616099071207,19.987616099071207,100.0,76.0,0.0,0.0,1.0,1.0,0.9969040247678018,0.9969040247678018
nfcorpus,dibud,1,8192,323,1.0,100.0,100.0,20.0,20.0,100.0,100.0,0.0,0.0,1.0,1.0,1.0,1.0
nfcorpus,dibud,1,10000,323,1.0,100.0,100.0,20.0,20.0,100.0,100.0,0.0,0.0,1.0,1.0,1.0,1.0
nfcorpus,dibud,64,128,323,1.0,24.54798761609907,24.54798761609907,11.492260061919504,11.492260061919504,11.0,3.0,0.02476780185758514,0.02476780185758514,0.56656346749226,0.56656346749226,0.2476780185758514,0.2476780185758514
nfcorpus,dibud,64,256,323,1.0,29.708978328173373,29.708978328173373,14.38390092879257,14.38390092879257,17.0,5.0,0.018575851393188854,0.018575851393188854,0.7492260061919505,0.7492260061919505,0.4241486068111455,0.4241486068111455
nfcorpus,dibud,64,512,323,1.0,37.27554179566563,37.27554179566563,16.60061919504644,16.60061919504644,25.0,7.200000000000003,0.009287925696594427,0.009287925696594427,0.8730650154798761,0.8730650154798761,0.631578947368421,0.631578947368421
nfcorpus,dibud,64,1024,323,1.0,47.303405572755416,47.303405572755416,18.120743034055728,18.120743034055728,38.0,13.0,0.0030959752321981426,0.0030959752321981426,0.9195046439628483,0.9195046439628483,0.7739938080495357,0.7739938080495357
nfcorpus,dibud,64,2048,323,1.0,63.578947368421055,63.578947368421055,19.275541795665635,19.275541795665635,60.0,20.0,0.0,0.0,0.9721362229102167,0.9721362229102167,0.9009287925696594,0.9009287925696594
nfcorpus,dibud,64,4096,323,1.0,94.17956656346749,94.17956656346749,19.987616099071207,19.987616099071207,100.0,76.0,0.0,0.0,1.0,1.0,0.9969040247678018,0.9969040247678018
nfcorpus,dibud,64,8192,323,1.0,100.0,100.0,20.0,20.0,100.0,100.0,0.0,0.0,1.0,1.0,1.0,1.0
nfcorpus,dibud,64,10000,323,1.0,100.0,100.0,20.0,20.0,100.0,100.0,0.0,0.0,1.0,1.0,1.0,1.0
scifact,balanced,1,128,300,1.0,11.236666666666666,11.236666666666666,10.866666666666667,10.866666666666667,10.0,5.0,0.0033333333333333335,0.0033333333333333335,0.5466666666666666,0.5466666666666666,0.08666666666666667,0.08666666666666667
scifact,balanced,1,256,300,1.0,17.536666666666665,17.536666666666665,15.053333333333333,15.053333333333333,16.0,7.0,0.0,0.0,0.8333333333333334,0.8333333333333334,0.38,0.38
scifact,balanced,1,512,300,1.0,25.26,25.26,17.663333333333334,17.663333333333334,23.0,11.0,0.0,0.0,0.93,0.93,0.65,0.65
scifact,balanced,1,1024,300,1.0,33.763333333333335,33.763333333333335,18.81,18.81,31.0,14.0,0.0,0.0,0.9766666666666667,0.9766666666666667,0.81,0.81
scifact,balanced,1,2048,300,1.0,43.55,43.55,19.436666666666667,19.436666666666667,39.0,18.0,0.0,0.0,1.0,1.0,0.8733333333333333,0.8733333333333333
scifact,balanced,1,4096,300,1.0,59.09,59.09,19.803333333333335,19.803333333333335,54.0,22.0,0.0,0.0,1.0,1.0,0.95,0.95
scifact,balanced,1,8192,300,0.9733333333333334,98.04,98.46,20.0,20.0,100.0,100.0,0.0,0.0,1.0,1.0,1.0,1.0
scifact,balanced,1,10000,300,0.9633333333333334,99.21333333333334,100.0,20.0,20.0,100.0,100.0,0.0,0.0,1.0,1.0,1.0,1.0
scifact,balanced,64,128,300,1.0,11.236666666666666,11.236666666666666,10.866666666666667,10.866666666666667,10.0,5.0,0.0033333333333333335,0.0033333333333333335,0.5466666666666666,0.5466666666666666,0.08666666666666667,0.08666666666666667
scifact,balanced,64,256,300,1.0,17.536666666666665,17.536666666666665,15.053333333333333,15.053333333333333,16.0,7.0,0.0,0.0,0.8333333333333334,0.8333333333333334,0.38,0.38
scifact,balanced,64,512,300,1.0,25.26,25.26,17.663333333333334,17.663333333333334,23.0,11.0,0.0,0.0,0.93,0.93,0.65,0.65
scifact,balanced,64,1024,300,1.0,33.763333333333335,33.763333333333335,18.81,18.81,31.0,14.0,0.0,0.0,0.9766666666666667,0.9766666666666667,0.81,0.81
scifact,balanced,64,2048,300,1.0,43.55,43.55,19.436666666666667,19.436666666666667,39.0,18.0,0.0,0.0,1.0,1.0,0.8733333333333333,0.8733333333333333
scifact,balanced,64,4096,300,1.0,59.09,59.09,19.803333333333335,19.803333333333335,54.0,22.0,0.0,0.0,1.0,1.0,0.95,0.95
scifact,balanced,64,8192,300,0.9733333333333334,98.04,98.46,20.0,20.0,100.0,100.0,0.0,0.0,1.0,1.0,1.0,1.0
scifact,balanced,64,10000,300,0.9633333333333334,99.21333333333334,100.0,20.0,20.0,100.0,100.0,0.0,0.0,1.0,1.0,1.0,1.0
scifact,dibud,1,128,300,1.0,11.743333333333334,11.743333333333334,11.24,11.24,11.0,5.0,0.0033333333333333335,0.0033333333333333335,0.57,0.57,0.11333333333333333,0.11333333333333333
scifact,dibud,1,256,300,1.0,18.266666666666666,18.266666666666666,15.283333333333333,15.283333333333333,17.0,8.0,0.0,0.0,0.8433333333333334,0.8433333333333334,0.4,0.4
scifact,dibud,1,512,300,1.0,26.483333333333334,26.483333333333334,17.836666666666666,17.836666666666666,25.0,11.0,0.0,0.0,0.9366666666666666,0.9366666666666666,0.68,0.68
scifact,dibud,1,1024,300,1.0,35.79,35.79,18.903333333333332,18.903333333333332,33.0,14.0,0.0,0.0,0.98,0.98,0.8233333333333334,0.8233333333333334
scifact,dibud,1,2048,300,1.0,47.26,47.26,19.573333333333334,19.573333333333334,40.5,19.900000000000002,0.0,0.0,1.0,1.0,0.9,0.9
scifact,dibud,1,4096,300,1.0,65.41,65.41,19.843333333333334,19.843333333333334,66.0,26.900000000000002,0.0,0.0,1.0,1.0,0.9566666666666667,0.9566666666666667
scifact,dibud,1,8192,300,0.97,98.75666666666666,99.19333333333333,20.0,20.0,100.0,100.0,0.0,0.0,1.0,1.0,1.0,1.0
scifact,dibud,1,10000,300,0.9633333333333334,99.21333333333334,100.0,20.0,20.0,100.0,100.0,0.0,0.0,1.0,1.0,1.0,1.0
scifact,dibud,64,128,300,1.0,11.236666666666666,11.236666666666666,10.866666666666667,10.866666666666667,10.0,5.0,0.0033333333333333335,0.0033333333333333335,0.5466666666666666,0.5466666666666666,0.08666666666666667,0.08666666666666667
scifact,dibud,64,256,300,1.0,17.536666666666665,17.536666666666665,15.053333333333333,15.053333333333333,16.0,7.0,0.0,0.0,0.8333333333333334,0.8333333333333334,0.38,0.38
scifact,dibud,64,512,300,1.0,25.743333333333332,25.743333333333332,17.703333333333333,17.703333333333333,24.0,11.0,0.0,0.0,0.93,0.93,0.6633333333333333,0.6633333333333333
scifact,dibud,64,1024,300,1.0,35.44,35.44,18.873333333333335,18.873333333333335,32.5,14.0,0.0,0.0,0.98,0.98,0.8233333333333334,0.8233333333333334
scifact,dibud,64,2048,300,1.0,47.14,47.14,19.57,19.57,40.5,19.0,0.0,0.0,1.0,1.0,0.8966666666666666,0.8966666666666666
scifact,dibud,64,4096,300,1.0,65.32666666666667,65.32666666666667,19.843333333333334,19.843333333333334,65.0,26.900000000000002,0.0,0.0,1.0,1.0,0.9566666666666667,0.9566666666666667
scifact,dibud,64,8192,300,0.97,98.75666666666666,99.19333333333333,20.0,20.0,100.0,100.0,0.0,0.0,1.0,1.0,1.0,1.0
scifact,dibud,64,10000,300,0.9633333333333334,99.21333333333334,100.0,20.0,20.0,100.0,100.0,0.0,0.0,1.0,1.0,1.0,1.0
trec-covid,balanced,1,128,50,1.0,5.66,5.66,5.66,5.66,5.0,1.0,0.06,0.06,0.24,0.24,0.0,0.0
trec-covid,balanced,1,256,50,1.0,9.84,9.84,9.52,9.52,8.0,3.0,0.0,0.0,0.42,0.42,0.08,0.08
trec-covid,balanced,1,512,50,1.0,14.28,14.28,12.32,12.32,12.0,3.9000000000000004,0.0,0.0,0.62,0.62,0.28,0.28
trec-covid,balanced,1,1024,50,1.0,20.54,20.54,14.44,14.44,15.5,7.0,0.0,0.0,0.76,0.76,0.42,0.42
trec-covid,balanced,1,2048,50,1.0,26.48,26.48,15.58,15.58,18.0,7.9,0.0,0.0,0.82,0.82,0.46,0.46
trec-covid,balanced,1,4096,50,1.0,33.88,33.88,16.58,16.58,20.0,9.0,0.0,0.0,0.88,0.88,0.52,0.52
trec-covid,balanced,1,8192,50,1.0,38.54,38.54,17.6,17.6,26.0,12.700000000000001,0.0,0.0,0.92,0.92,0.64,0.64
trec-covid,balanced,1,10000,50,1.0,40.96,40.96,17.84,17.84,27.5,13.9,0.0,0.0,0.94,0.94,0.66,0.66
trec-covid,balanced,64,128,50,1.0,5.66,5.66,5.66,5.66,5.0,1.0,0.06,0.06,0.24,0.24,0.0,0.0
trec-covid,balanced,64,256,50,1.0,9.84,9.84,9.52,9.52,8.0,3.0,0.0,0.0,0.42,0.42,0.08,0.08
trec-covid,balanced,64,512,50,1.0,14.28,14.28,12.32,12.32,12.0,3.9000000000000004,0.0,0.0,0.62,0.62,0.28,0.28
trec-covid,balanced,64,1024,50,1.0,20.54,20.54,14.44,14.44,15.5,7.0,0.0,0.0,0.76,0.76,0.42,0.42
trec-covid,balanced,64,2048,50,1.0,26.48,26.48,15.58,15.58,18.0,7.9,0.0,0.0,0.82,0.82,0.46,0.46
trec-covid,balanced,64,4096,50,1.0,33.88,33.88,16.58,16.58,20.0,9.0,0.0,0.0,0.88,0.88,0.52,0.52
trec-covid,balanced,64,8192,50,1.0,38.54,38.54,17.6,17.6,26.0,12.700000000000001,0.0,0.0,0.92,0.92,0.64,0.64
trec-covid,balanced,64,10000,50,1.0,40.96,40.96,17.84,17.84,27.5,13.9,0.0,0.0,0.94,0.94,0.66,0.66
trec-covid,dibud,1,128,50,1.0,5.84,5.84,5.84,5.84,5.0,1.0,0.06,0.06,0.24,0.24,0.0,0.0
trec-covid,dibud,1,256,50,1.0,10.28,10.28,9.84,9.84,8.5,3.0,0.0,0.0,0.46,0.46,0.12,0.12
trec-covid,dibud,1,512,50,1.0,15.02,15.02,12.56,12.56,12.0,3.9000000000000004,0.0,0.0,0.62,0.62,0.3,0.3
trec-covid,dibud,1,1024,50,1.0,22.28,22.28,14.7,14.7,16.5,7.0,0.0,0.0,0.76,0.76,0.42,0.42
trec-covid,dibud,1,2048,50,1.0,29.8,29.8,15.78,15.78,18.5,7.9,0.0,0.0,0.82,0.82,0.46,0.46
trec-covid,dibud,1,4096,50,1.0,35.86,35.86,16.88,16.88,23.5,9.9,0.0,0.0,0.9,0.9,0.54,0.54
trec-covid,dibud,1,8192,50,0.42,40.52,81.24,17.82,19.28,26.5,13.9,0.0,0.0,0.94,0.98,0.66,0.9
trec-covid,dibud,1,10000,50,0.22,40.96,94.98,17.84,19.76,27.5,13.9,0.0,0.0,0.94,1.0,0.66,0.96
trec-covid,dibud,64,128,50,1.0,5.66,5.66,5.66,5.66,5.0,1.0,0.06,0.06,0.24,0.24,0.0,0.0
trec-covid,dibud,64,256,50,1.0,9.84,9.84,9.52,9.52,8.0,3.0,0.0,0.0,0.42,0.42,0.08,0.08
trec-covid,dibud,64,512,50,1.0,14.64,14.64,12.36,12.36,12.0,3.9000000000000004,0.0,0.0,0.62,0.62,0.28,0.28
trec-covid,dibud,64,1024,50,1.0,21.94,21.94,14.66,14.66,16.5,7.0,0.0,0.0,0.76,0.76,0.42,0.42
trec-covid,dibud,64,2048,50,1.0,29.76,29.76,15.78,15.78,18.5,7.9,0.0,0.0,0.82,0.82,0.46,0.46
trec-covid,dibud,64,4096,50,1.0,35.84,35.84,16.88,16.88,23.5,9.9,0.0,0.0,0.9,0.9,0.54,0.54
trec-covid,dibud,64,8192,50,0.42,40.48,81.2,17.8,19.26,26.5,13.9,0.0,0.0,0.94,0.98,0.66,0.9
trec-covid,dibud,64,10000,50,0.22,40.96,94.98,17.84,19.76,27.5,13.9,0.0,0.0,0.94,1.0,0.66,0.96
trec-covid-chrono-r1,balanced,1,128,30,1.0,6.833333333333333,6.833333333333333,6.833333333333333,6.833333333333333,5.0,2.0,0.0,0.0,0.26666666666666666,0.26666666666666666,0.0,0.0
trec-covid-chrono-r1,balanced,1,256,30,1.0,11.933333333333334,11.933333333333334,11.2,11.2,12.0,3.9000000000000004,0.0,0.0,0.6,0.6,0.1,0.1
trec-covid-chrono-r1,balanced,1,512,30,1.0,16.866666666666667,16.866666666666667,14.566666666666666,14.566666666666666,15.5,6.9,0.0,0.0,0.8,0.8,0.36666666666666664,0.36666666666666664
trec-covid-chrono-r1,balanced,1,1024,30,1.0,22.233333333333334,22.233333333333334,16.3,16.3,19.5,10.700000000000001,0.0,0.0,0.9,0.9,0.5,0.5
trec-covid-chrono-r1,balanced,1,2048,30,1.0,26.933333333333334,26.933333333333334,17.7,17.7,24.0,13.700000000000001,0.0,0.0,0.9333333333333333,0.9333333333333333,0.6,0.6
trec-covid-chrono-r1,balanced,1,4096,30,1.0,34.5,34.5,18.733333333333334,18.733333333333334,31.5,17.400000000000002,0.0,0.0,0.9333333333333333,0.9333333333333333,0.8,0.8
trec-covid-chrono-r1,balanced,1,8192,30,1.0,56.166666666666664,56.166666666666664,18.966666666666665,18.966666666666665,58.5,17.400000000000002,0.0,0.0,0.9666666666666667,0.9666666666666667,0.8666666666666667,0.8666666666666667
trec-covid-chrono-r1,balanced,1,10000,30,1.0,58.8,58.8,18.966666666666665,18.966666666666665,61.0,17.400000000000002,0.0,0.0,0.9666666666666667,0.9666666666666667,0.8666666666666667,0.8666666666666667
trec-covid-chrono-r1,balanced,64,128,30,1.0,6.833333333333333,6.833333333333333,6.833333333333333,6.833333333333333,5.0,2.0,0.0,0.0,0.26666666666666666,0.26666666666666666,0.0,0.0
trec-covid-chrono-r1,balanced,64,256,30,1.0,11.933333333333334,11.933333333333334,11.2,11.2,12.0,3.9000000000000004,0.0,0.0,0.6,0.6,0.1,0.1
trec-covid-chrono-r1,balanced,64,512,30,1.0,16.866666666666667,16.866666666666667,14.566666666666666,14.566666666666666,15.5,6.9,0.0,0.0,0.8,0.8,0.36666666666666664,0.36666666666666664
trec-covid-chrono-r1,balanced,64,1024,30,1.0,22.233333333333334,22.233333333333334,16.3,16.3,19.5,10.700000000000001,0.0,0.0,0.9,0.9,0.5,0.5
trec-covid-chrono-r1,balanced,64,2048,30,1.0,26.933333333333334,26.933333333333334,17.7,17.7,24.0,13.700000000000001,0.0,0.0,0.9333333333333333,0.9333333333333333,0.6,0.6
trec-covid-chrono-r1,balanced,64,4096,30,1.0,34.5,34.5,18.733333333333334,18.733333333333334,31.5,17.400000000000002,0.0,0.0,0.9333333333333333,0.9333333333333333,0.8,0.8
trec-covid-chrono-r1,balanced,64,8192,30,1.0,56.166666666666664,56.166666666666664,18.966666666666665,18.966666666666665,58.5,17.400000000000002,0.0,0.0,0.9666666666666667,0.9666666666666667,0.8666666666666667,0.8666666666666667
trec-covid-chrono-r1,balanced,64,10000,30,1.0,58.8,58.8,18.966666666666665,18.966666666666665,61.0,17.400000000000002,0.0,0.0,0.9666666666666667,0.9666666666666667,0.8666666666666667,0.8666666666666667
trec-covid-chrono-r1,dibud,1,128,30,1.0,7.233333333333333,7.233333333333333,7.233333333333333,7.233333333333333,5.0,2.0,0.0,0.0,0.36666666666666664,0.36666666666666664,0.0,0.0
trec-covid-chrono-r1,dibud,1,256,30,1.0,12.366666666666667,12.366666666666667,11.566666666666666,11.566666666666666,12.0,3.9000000000000004,0.0,0.0,0.6,0.6,0.13333333333333333,0.13333333333333333
trec-covid-chrono-r1,dibud,1,512,30,1.0,17.766666666666666,17.766666666666666,14.833333333333334,14.833333333333334,15.5,7.9,0.0,0.0,0.8666666666666667,0.8666666666666667,0.4,0.4
trec-covid-chrono-r1,dibud,1,1024,30,1.0,23.633333333333333,23.633333333333333,16.666666666666668,16.666666666666668,21.0,11.600000000000001,0.0,0.0,0.9,0.9,0.5333333333333333,0.5333333333333333
trec-covid-chrono-r1,dibud,1,2048,30,1.0,29.233333333333334,29.233333333333334,18.0,18.0,25.0,13.700000000000001,0.0,0.0,0.9333333333333333,0.9333333333333333,0.6333333333333333,0.6333333333333333
trec-covid-chrono-r1,dibud,1,4096,30,1.0,38.63333333333333,38.63333333333333,18.733333333333334,18.733333333333334,33.5,17.400000000000002,0.0,0.0,0.9333333333333333,0.9333333333333333,0.8,0.8
trec-covid-chrono-r1,dibud,1,8192,30,0.5,58.766666666666666,86.23333333333333,18.966666666666665,19.633333333333333,61.0,17.400000000000002,0.0,0.0,0.9666666666666667,0.9666666666666667,0.8666666666666667,0.9666666666666667
trec-covid-chrono-r1,dibud,1,10000,30,0.23333333333333334,58.8,96.96666666666667,18.966666666666665,19.633333333333333,61.0,17.400000000000002,0.0,0.0,0.9666666666666667,0.9666666666666667,0.8666666666666667,0.9666666666666667
trec-covid-chrono-r1,dibud,64,128,30,1.0,6.833333333333333,6.833333333333333,6.833333333333333,6.833333333333333,5.0,2.0,0.0,0.0,0.26666666666666666,0.26666666666666666,0.0,0.0
trec-covid-chrono-r1,dibud,64,256,30,1.0,11.933333333333334,11.933333333333334,11.2,11.2,12.0,3.9000000000000004,0.0,0.0,0.6,0.6,0.1,0.1
trec-covid-chrono-r1,dibud,64,512,30,1.0,17.366666666666667,17.366666666666667,14.666666666666666,14.666666666666666,15.5,6.9,0.0,0.0,0.8,0.8,0.4,0.4
trec-covid-chrono-r1,dibud,64,1024,30,1.0,23.4,23.4,16.566666666666666,16.566666666666666,21.0,11.600000000000001,0.0,0.0,0.9,0.9,0.5333333333333333,0.5333333333333333
trec-covid-chrono-r1,dibud,64,2048,30,1.0,29.133333333333333,29.133333333333333,17.933333333333334,17.933333333333334,25.0,13.700000000000001,0.0,0.0,0.9333333333333333,0.9333333333333333,0.6333333333333333,0.6333333333333333
trec-covid-chrono-r1,dibud,64,4096,30,1.0,38.6,38.6,18.733333333333334,18.733333333333334,33.5,17.400000000000002,0.0,0.0,0.9333333333333333,0.9333333333333333,0.8,0.8
trec-covid-chrono-r1,dibud,64,8192,30,0.5,58.766666666666666,86.23333333333333,18.966666666666665,19.633333333333333,61.0,17.400000000000002,0.0,0.0,0.9666666666666667,0.9666666666666667,0.8666666666666667,0.9666666666666667
trec-covid-chrono-r1,dibud,64,10000,30,0.23333333333333334,58.8,96.96666666666667,18.966666666666665,19.633333333333333,61.0,17.400000000000002,0.0,0.0,0.9666666666666667,0.9666666666666667,0.8666666666666667,0.9666666666666667
trec-covid-chrono-r2,balanced,1,128,30,1.0,6.1,6.1,6.1,6.1,6.0,1.9000000000000004,0.0,0.0,0.2,0.2,0.0,0.0
trec-covid-chrono-r2,balanced,1,256,30,1.0,10.333333333333334,10.333333333333334,9.933333333333334,9.933333333333334,9.0,3.0,0.0,0.0,0.4,0.4,0.1,0.1
trec-covid-chrono-r2,balanced,1,512,30,1.0,15.833333333333334,15.833333333333334,13.3,13.3,13.5,4.9,0.0,0.0,0.7333333333333333,0.7333333333333333,0.3,0.3
trec-covid-chrono-r2,balanced,1,1024,30,1.0,21.633333333333333,21.633333333333333,15.566666666666666,15.566666666666666,17.5,6.9,0.0,0.0,0.8333333333333334,0.8333333333333334,0.4666666666666667,0.4666666666666667
trec-covid-chrono-r2,balanced,1,2048,30,1.0,27.933333333333334,27.933333333333334,17.2,17.2,21.5,9.9,0.0,0.0,0.9,0.9,0.6,0.6
trec-covid-chrono-r2,balanced,1,4096,30,1.0,33.43333333333333,33.43333333333333,18.166666666666668,18.166666666666668,25.5,10.8,0.0,0.0,0.9,0.9,0.7666666666666667,0.7666666666666667
trec-covid-chrono-r2,balanced,1,8192,30,1.0,40.43333333333333,40.43333333333333,18.666666666666668,18.666666666666668,33.5,13.9,0.0,0.0,0.9666666666666667,0.9666666666666667,0.8333333333333334,0.8333333333333334
trec-covid-chrono-r2,balanced,1,10000,30,1.0,45.63333333333333,45.63333333333333,18.9,18.9,34.5,16.700000000000003,0.0,0.0,0.9666666666666667,0.9666666666666667,0.8666666666666667,0.8666666666666667
trec-covid-chrono-r2,balanced,64,128,30,1.0,6.1,6.1,6.1,6.1,6.0,1.9000000000000004,0.0,0.0,0.2,0.2,0.0,0.0
trec-covid-chrono-r2,balanced,64,256,30,1.0,10.333333333333334,10.333333333333334,9.933333333333334,9.933333333333334,9.0,3.0,0.0,0.0,0.4,0.4,0.1,0.1
trec-covid-chrono-r2,balanced,64,512,30,1.0,15.833333333333334,15.833333333333334,13.3,13.3,13.5,4.9,0.0,0.0,0.7333333333333333,0.7333333333333333,0.3,0.3
trec-covid-chrono-r2,balanced,64,1024,30,1.0,21.633333333333333,21.633333333333333,15.566666666666666,15.566666666666666,17.5,6.9,0.0,0.0,0.8333333333333334,0.8333333333333334,0.4666666666666667,0.4666666666666667
trec-covid-chrono-r2,balanced,64,2048,30,1.0,27.933333333333334,27.933333333333334,17.2,17.2,21.5,9.9,0.0,0.0,0.9,0.9,0.6,0.6
trec-covid-chrono-r2,balanced,64,4096,30,1.0,33.43333333333333,33.43333333333333,18.166666666666668,18.166666666666668,25.5,10.8,0.0,0.0,0.9,0.9,0.7666666666666667,0.7666666666666667
trec-covid-chrono-r2,balanced,64,8192,30,1.0,40.43333333333333,40.43333333333333,18.666666666666668,18.666666666666668,33.5,13.9,0.0,0.0,0.9666666666666667,0.9666666666666667,0.8333333333333334,0.8333333333333334
trec-covid-chrono-r2,balanced,64,10000,30,1.0,45.63333333333333,45.63333333333333,18.9,18.9,34.5,16.700000000000003,0.0,0.0,0.9666666666666667,0.9666666666666667,0.8666666666666667,0.8666666666666667
trec-covid-chrono-r2,dibud,1,128,30,1.0,6.266666666666667,6.266666666666667,6.266666666666667,6.266666666666667,6.0,1.9000000000000004,0.0,0.0,0.2,0.2,0.0,0.0
trec-covid-chrono-r2,dibud,1,256,30,1.0,10.933333333333334,10.933333333333334,10.3,10.3,9.5,3.0,0.0,0.0,0.5,0.5,0.16666666666666666,0.16666666666666666
trec-covid-chrono-r2,dibud,1,512,30,1.0,16.533333333333335,16.533333333333335,13.533333333333333,13.533333333333333,13.5,5.0,0.0,0.0,0.7333333333333333,0.7333333333333333,0.3,0.3
trec-covid-chrono-r2,dibud,1,1024,30,1.0,22.866666666666667,22.866666666666667,15.8,15.8,18.0,7.0,0.0,0.0,0.8666666666666667,0.8666666666666667,0.4666666666666667,0.4666666666666667
trec-covid-chrono-r2,dibud,1,2048,30,1.0,30.233333333333334,30.233333333333334,17.566666666666666,17.566666666666666,22.5,10.8,0.0,0.0,0.9,0.9,0.6666666666666666,0.6666666666666666
trec-covid-chrono-r2,dibud,1,4096,30,1.0,36.96666666666667,36.96666666666667,18.366666666666667,18.366666666666667,29.5,11.0,0.0,0.0,0.9333333333333333,0.9333333333333333,0.8333333333333334,0.8333333333333334
trec-covid-chrono-r2,dibud,1,8192,30,0.3333333333333333,43.53333333333333,84.53333333333333,18.866666666666667,19.666666666666668,34.5,15.8,0.0,0.0,0.9666666666666667,1.0,0.8666666666666667,0.9333333333333333
trec-covid-chrono-r2,dibud,1,10000,30,0.06666666666666667,44.1,100.0,18.9,20.0,34.5,16.700000000000003,0.0,0.0,0.9666666666666667,1.0,0.8666666666666667,1.0
trec-covid-chrono-r2,dibud,64,128,30,1.0,6.1,6.1,6.1,6.1,6.0,1.9000000000000004,0.0,0.0,0.2,0.2,0.0,0.0
trec-covid-chrono-r2,dibud,64,256,30,1.0,10.333333333333334,10.333333333333334,9.933333333333334,9.933333333333334,9.0,3.0,0.0,0.0,0.4,0.4,0.1,0.1
trec-covid-chrono-r2,dibud,64,512,30,1.0,16.033333333333335,16.033333333333335,13.3,13.3,13.5,4.9,0.0,0.0,0.7333333333333333,0.7333333333333333,0.3,0.3
trec-covid-chrono-r2,dibud,64,1024,30,1.0,22.733333333333334,22.733333333333334,15.766666666666667,15.766666666666667,18.0,7.0,0.0,0.0,0.8666666666666667,0.8666666666666667,0.4666666666666667,0.4666666666666667
trec-covid-chrono-r2,dibud,64,2048,30,1.0,30.1,30.1,17.533333333333335,17.533333333333335,22.5,10.8,0.0,0.0,0.9,0.9,0.6333333333333333,0.6333333333333333
trec-covid-chrono-r2,dibud,64,4096,30,1.0,36.96666666666667,36.96666666666667,18.366666666666667,18.366666666666667,29.5,11.0,0.0,0.0,0.9333333333333333,0.9333333333333333,0.8333333333333334,0.8333333333333334
trec-covid-chrono-r2,dibud,64,8192,30,0.3333333333333333,43.53333333333333,84.53333333333333,18.866666666666667,19.666666666666668,34.5,15.8,0.0,0.0,0.9666666666666667,1.0,0.8666666666666667,0.9333333333333333
trec-covid-chrono-r2,dibud,64,10000,30,0.06666666666666667,44.1,100.0,18.9,20.0,34.5,16.700000000000003,0.0,0.0,0.9666666666666667,1.0,0.8666666666666667,1.0
trec-covid-chrono-r3,balanced,1,128,30,1.0,5.3,5.3,5.3,5.3,4.5,1.9000000000000004,0.03333333333333333,0.03333333333333333,0.16666666666666666,0.16666666666666666,0.0,0.0
trec-covid-chrono-r3,balanced,1,256,30,1.0,9.733333333333333,9.733333333333333,9.233333333333333,9.233333333333333,9.0,2.9000000000000004,0.0,0.0,0.43333333333333335,0.43333333333333335,0.1,0.1
trec-covid-chrono-r3,balanced,1,512,30,1.0,14.133333333333333,14.133333333333333,12.066666666666666,12.066666666666666,14.0,4.9,0.0,0.0,0.6,0.6,0.16666666666666666,0.16666666666666666
trec-covid-chrono-r3,balanced,1,1024,30,1.0,18.533333333333335,18.533333333333335,14.5,14.5,16.5,6.0,0.0,0.0,0.7666666666666667,0.7666666666666667,0.3,0.3
trec-covid-chrono-r3,balanced,1,2048,30,1.0,24.166666666666668,24.166666666666668,16.033333333333335,16.033333333333335,19.5,9.8,0.0,0.0,0.9,0.9,0.5,0.5
trec-covid-chrono-r3,balanced,1,4096,30,1.0,30.433333333333334,30.433333333333334,17.166666666666668,17.166666666666668,21.0,13.0,0.0,0.0,0.9333333333333333,0.9333333333333333,0.6,0.6
trec-covid-chrono-r3,balanced,1,8192,30,1.0,40.96666666666667,40.96666666666667,17.9,17.9,27.5,13.9,0.0,0.0,0.9333333333333333,0.9333333333333333,0.6666666666666666,0.6666666666666666
trec-covid-chrono-r3,balanced,1,10000,30,1.0,42.733333333333334,42.733333333333334,18.066666666666666,18.066666666666666,27.5,13.9,0.0,0.0,0.9333333333333333,0.9333333333333333,0.6666666666666666,0.6666666666666666
trec-covid-chrono-r3,balanced,64,128,30,1.0,5.3,5.3,5.3,5.3,4.5,1.9000000000000004,0.03333333333333333,0.03333333333333333,0.16666666666666666,0.16666666666666666,0.0,0.0
trec-covid-chrono-r3,balanced,64,256,30,1.0,9.733333333333333,9.733333333333333,9.233333333333333,9.233333333333333,9.0,2.9000000000000004,0.0,0.0,0.43333333333333335,0.43333333333333335,0.1,0.1
trec-covid-chrono-r3,balanced,64,512,30,1.0,14.133333333333333,14.133333333333333,12.066666666666666,12.066666666666666,14.0,4.9,0.0,0.0,0.6,0.6,0.16666666666666666,0.16666666666666666
trec-covid-chrono-r3,balanced,64,1024,30,1.0,18.533333333333335,18.533333333333335,14.5,14.5,16.5,6.0,0.0,0.0,0.7666666666666667,0.7666666666666667,0.3,0.3
trec-covid-chrono-r3,balanced,64,2048,30,1.0,24.166666666666668,24.166666666666668,16.033333333333335,16.033333333333335,19.5,9.8,0.0,0.0,0.9,0.9,0.5,0.5
trec-covid-chrono-r3,balanced,64,4096,30,1.0,30.433333333333334,30.433333333333334,17.166666666666668,17.166666666666668,21.0,13.0,0.0,0.0,0.9333333333333333,0.9333333333333333,0.6,0.6
trec-covid-chrono-r3,balanced,64,8192,30,1.0,40.96666666666667,40.96666666666667,17.9,17.9,27.5,13.9,0.0,0.0,0.9333333333333333,0.9333333333333333,0.6666666666666666,0.6666666666666666
trec-covid-chrono-r3,balanced,64,10000,30,1.0,42.733333333333334,42.733333333333334,18.066666666666666,18.066666666666666,27.5,13.9,0.0,0.0,0.9333333333333333,0.9333333333333333,0.6666666666666666,0.6666666666666666
trec-covid-chrono-r3,dibud,1,128,30,1.0,5.633333333333334,5.633333333333334,5.633333333333334,5.633333333333334,5.0,1.9000000000000004,0.03333333333333333,0.03333333333333333,0.16666666666666666,0.16666666666666666,0.0,0.0
trec-covid-chrono-r3,dibud,1,256,30,1.0,10.133333333333333,10.133333333333333,9.333333333333334,9.333333333333334,9.0,2.9000000000000004,0.0,0.0,0.43333333333333335,0.43333333333333335,0.1,0.1
trec-covid-chrono-r3,dibud,1,512,30,1.0,14.666666666666666,14.666666666666666,12.233333333333333,12.233333333333333,14.0,4.9,0.0,0.0,0.6,0.6,0.2,0.2
trec-covid-chrono-r3,dibud,1,1024,30,1.0,19.3,19.3,14.8,14.8,17.0,6.9,0.0,0.0,0.7666666666666667,0.7666666666666667,0.3,0.3
trec-covid-chrono-r3,dibud,1,2048,30,1.0,25.766666666666666,25.766666666666666,16.4,16.4,20.5,10.9,0.0,0.0,0.9333333333333333,0.9333333333333333,0.5333333333333333,0.5333333333333333
trec-covid-chrono-r3,dibud,1,4096,30,1.0,36.03333333333333,36.03333333333333,17.366666666666667,17.366666666666667,24.0,13.0,0.0,0.0,0.9333333333333333,0.9333333333333333,0.6333333333333333,0.6333333333333333
trec-covid-chrono-r3,dibud,1,8192,30,0.43333333333333335,41.8,77.0,18.0,18.933333333333334,27.5,13.9,0.0,0.0,0.9333333333333333,0.9333333333333333,0.6666666666666666,0.8666666666666667
trec-covid-chrono-r3,dibud,1,10000,30,0.16666666666666666,42.733333333333334,97.53333333333333,18.066666666666666,20.0,27.5,13.9,0.0,0.0,0.9333333333333333,1.0,0.6666666666666666,1.0
trec-covid-chrono-r3,dibud,64,128,30,1.0,5.3,5.3,5.3,5.3,4.5,1.9000000000000004,0.03333333333333333,0.03333333333333333,0.16666666666666666,0.16666666666666666,0.0,0.0
trec-covid-chrono-r3,dibud,64,256,30,1.0,9.733333333333333,9.733333333333333,9.233333333333333,9.233333333333333,9.0,2.9000000000000004,0.0,0.0,0.43333333333333335,0.43333333333333335,0.1,0.1
trec-covid-chrono-r3,dibud,64,512,30,1.0,14.4,14.4,12.166666666666666,12.166666666666666,14.0,4.9,0.0,0.0,0.6,0.6,0.2,0.2
trec-covid-chrono-r3,dibud,64,1024,30,1.0,19.133333333333333,19.133333333333333,14.7,14.7,16.5,6.0,0.0,0.0,0.7666666666666667,0.7666666666666667,0.3,0.3
trec-covid-chrono-r3,dibud,64,2048,30,1.0,25.633333333333333,25.633333333333333,16.366666666666667,16.366666666666667,20.0,10.0,0.0,0.0,0.9333333333333333,0.9333333333333333,0.5333333333333333,0.5333333333333333
trec-covid-chrono-r3,dibud,64,4096,30,1.0,36.0,36.0,17.366666666666667,17.366666666666667,24.0,13.0,0.0,0.0,0.9333333333333333,0.9333333333333333,0.6333333333333333,0.6333333333333333
trec-covid-chrono-r3,dibud,64,8192,30,0.43333333333333335,41.766666666666666,76.96666666666667,18.0,18.933333333333334,27.5,13.9,0.0,0.0,0.9333333333333333,0.9333333333333333,0.6666666666666666,0.8666666666666667
trec-covid-chrono-r3,dibud,64,10000,30,0.16666666666666666,42.733333333333334,97.53333333333333,18.066666666666666,20.0,27.5,13.9,0.0,0.0,0.9333333333333333,1.0,0.6666666666666666,1.0
trec-covid-chrono-r4,balanced,1,128,30,1.0,5.2,5.2,5.2,5.2,5.0,0.0,0.13333333333333333,0.13333333333333333,0.26666666666666666,0.26666666666666666,0.0,0.0
trec-covid-chrono-r4,balanced,1,256,30,1.0,8.733333333333333,8.733333333333333,8.733333333333333,8.733333333333333,7.5,2.0,0.0,0.0,0.4,0.4,0.0,0.0
trec-covid-chrono-r4,balanced,1,512,30,1.0,13.4,13.4,12.166666666666666,12.166666666666666,11.5,3.9000000000000004,0.0,0.0,0.5666666666666667,0.5666666666666667,0.2,0.2
trec-covid-chrono-r4,balanced,1,1024,30,1.0,20.033333333333335,20.033333333333335,14.166666666666666,14.166666666666666,15.5,5.9,0.0,0.0,0.7333333333333333,0.7333333333333333,0.4,0.4
trec-covid-chrono-r4,balanced,1,2048,30,1.0,23.766666666666666,23.766666666666666,15.3,15.3,20.0,7.9,0.0,0.0,0.7666666666666667,0.7666666666666667,0.5,0.5
trec-covid-chrono-r4,balanced,1,4096,30,1.0,30.8,30.8,16.3,16.3,21.5,9.9,0.0,0.0,0.9,0.9,0.5,0.5
trec-covid-chrono-r4,balanced,1,8192,30,1.0,35.63333333333333,35.63333333333333,17.6,17.6,26.0,13.600000000000001,0.0,0.0,0.9333333333333333,0.9333333333333333,0.6,0.6
trec-covid-chrono-r4,balanced,1,10000,30,1.0,38.2,38.2,17.966666666666665,17.966666666666665,31.0,14.500000000000002,0.0,0.0,0.9333333333333333,0.9333333333333333,0.6666666666666666,0.6666666666666666
trec-covid-chrono-r4,balanced,64,128,30,1.0,5.2,5.2,5.2,5.2,5.0,0.0,0.13333333333333333,0.13333333333333333,0.26666666666666666,0.26666666666666666,0.0,0.0
trec-covid-chrono-r4,balanced,64,256,30,1.0,8.733333333333333,8.733333333333333,8.733333333333333,8.733333333333333,7.5,2.0,0.0,0.0,0.4,0.4,0.0,0.0
trec-covid-chrono-r4,balanced,64,512,30,1.0,13.4,13.4,12.166666666666666,12.166666666666666,11.5,3.9000000000000004,0.0,0.0,0.5666666666666667,0.5666666666666667,0.2,0.2
trec-covid-chrono-r4,balanced,64,1024,30,1.0,20.033333333333335,20.033333333333335,14.166666666666666,14.166666666666666,15.5,5.9,0.0,0.0,0.7333333333333333,0.7333333333333333,0.4,0.4
trec-covid-chrono-r4,balanced,64,2048,30,1.0,23.766666666666666,23.766666666666666,15.3,15.3,20.0,7.9,0.0,0.0,0.7666666666666667,0.7666666666666667,0.5,0.5
trec-covid-chrono-r4,balanced,64,4096,30,1.0,30.8,30.8,16.3,16.3,21.5,9.9,0.0,0.0,0.9,0.9,0.5,0.5
trec-covid-chrono-r4,balanced,64,8192,30,1.0,35.63333333333333,35.63333333333333,17.6,17.6,26.0,13.600000000000001,0.0,0.0,0.9333333333333333,0.9333333333333333,0.6,0.6
trec-covid-chrono-r4,balanced,64,10000,30,1.0,38.2,38.2,17.966666666666665,17.966666666666665,31.0,14.500000000000002,0.0,0.0,0.9333333333333333,0.9333333333333333,0.6666666666666666,0.6666666666666666
trec-covid-chrono-r4,dibud,1,128,30,1.0,5.3,5.3,5.3,5.3,5.0,0.0,0.13333333333333333,0.13333333333333333,0.26666666666666666,0.26666666666666666,0.0,0.0
trec-covid-chrono-r4,dibud,1,256,30,1.0,9.2,9.2,9.066666666666666,9.066666666666666,7.5,2.0,0.0,0.0,0.4,0.4,0.06666666666666667,0.06666666666666667
trec-covid-chrono-r4,dibud,1,512,30,1.0,15.066666666666666,15.066666666666666,12.366666666666667,12.366666666666667,11.5,3.9000000000000004,0.0,0.0,0.6,0.6,0.23333333333333334,0.23333333333333334
trec-covid-chrono-r4,dibud,1,1024,30,1.0,20.866666666666667,20.866666666666667,14.366666666666667,14.366666666666667,15.5,5.9,0.0,0.0,0.7666666666666667,0.7666666666666667,0.4,0.4
trec-covid-chrono-r4,dibud,1,2048,30,1.0,25.933333333333334,25.933333333333334,15.766666666666667,15.766666666666667,21.0,8.0,0.0,0.0,0.8333333333333334,0.8333333333333334,0.5,0.5
trec-covid-chrono-r4,dibud,1,4096,30,1.0,33.166666666666664,33.166666666666664,16.966666666666665,16.966666666666665,25.5,10.9,0.0,0.0,0.9333333333333333,0.9333333333333333,0.5666666666666667,0.5666666666666667
trec-covid-chrono-r4,dibud,1,8192,30,0.43333333333333335,37.733333333333334,76.03333333333333,17.866666666666667,18.866666666666667,30.0,14.500000000000002,0.0,0.0,0.9333333333333333,0.9666666666666667,0.6666666666666666,0.8333333333333334
trec-covid-chrono-r4,dibud,1,10000,30,0.1,38.166666666666664,97.26666666666667,17.966666666666665,19.933333333333334,31.0,14.500000000000002,0.0,0.0,0.9333333333333333,1.0,0.6666666666666666,0.9666666666666667
trec-covid-chrono-r4,dibud,64,128,30,1.0,5.2,5.2,5.2,5.2,5.0,0.0,0.13333333333333333,0.13333333333333333,0.26666666666666666,0.26666666666666666,0.0,0.0
trec-covid-chrono-r4,dibud,64,256,30,1.0,8.733333333333333,8.733333333333333,8.733333333333333,8.733333333333333,7.5,2.0,0.0,0.0,0.4,0.4,0.0,0.0
trec-covid-chrono-r4,dibud,64,512,30,1.0,14.733333333333333,14.733333333333333,12.2,12.2,11.5,3.9000000000000004,0.0,0.0,0.5666666666666667,0.5666666666666667,0.2,0.2
trec-covid-chrono-r4,dibud,64,1024,30,1.0,20.7,20.7,14.3,14.3,15.5,5.9,0.0,0.0,0.7666666666666667,0.7666666666666667,0.4,0.4
trec-covid-chrono-r4,dibud,64,2048,30,1.0,25.733333333333334,25.733333333333334,15.633333333333333,15.633333333333333,20.5,7.9,0.0,0.0,0.8333333333333334,0.8333333333333334,0.5,0.5
trec-covid-chrono-r4,dibud,64,4096,30,1.0,33.1,33.1,16.966666666666665,16.966666666666665,24.5,10.9,0.0,0.0,0.9333333333333333,0.9333333333333333,0.5666666666666667,0.5666666666666667
trec-covid-chrono-r4,dibud,64,8192,30,0.43333333333333335,37.766666666666666,76.06666666666666,17.866666666666667,18.866666666666667,30.0,14.500000000000002,0.0,0.0,0.9333333333333333,0.9666666666666667,0.6666666666666666,0.8333333333333334
trec-covid-chrono-r4,dibud,64,10000,30,0.1,38.2,97.26666666666667,17.966666666666665,19.933333333333334,31.0,14.500000000000002,0.0,0.0,0.9333333333333333,1.0,0.6666666666666666,0.9666666666666667
trec-covid-chrono-r5,balanced,1,128,30,1.0,5.033333333333333,5.033333333333333,5.033333333333333,5.033333333333333,4.0,0.0,0.16666666666666666,0.16666666666666666,0.2,0.2,0.0,0.0
trec-covid-chrono-r5,balanced,1,256,30,1.0,7.833333333333333,7.833333333333333,7.833333333333333,7.833333333333333,7.0,1.9000000000000004,0.03333333333333333,0.03333333333333333,0.4,0.4,0.0,0.0
trec-covid-chrono-r5,balanced,1,512,30,1.0,11.933333333333334,11.933333333333334,11.133333333333333,11.133333333333333,10.0,2.9000000000000004,0.0,0.0,0.5,0.5,0.23333333333333334,0.23333333333333334
trec-covid-chrono-r5,balanced,1,1024,30,1.0,18.166666666666668,18.166666666666668,13.866666666666667,13.866666666666667,15.0,5.0,0.0,0.0,0.6666666666666666,0.6666666666666666,0.4666666666666667,0.4666666666666667
trec-covid-chrono-r5,balanced,1,2048,30,1.0,21.666666666666668,21.666666666666668,14.833333333333334,14.833333333333334,16.5,6.0,0.0,0.0,0.7666666666666667,0.7666666666666667,0.4666666666666667,0.4666666666666667
trec-covid-chrono-r5,balanced,1,4096,30,1.0,27.633333333333333,27.633333333333333,16.2,16.2,18.5,8.8,0.0,0.0,0.8333333333333334,0.8333333333333334,0.4666666666666667,0.4666666666666667
trec-covid-chrono-r5,balanced,1,8192,30,1.0,33.96666666666667,33.96666666666667,17.4,17.4,22.5,9.8,0.0,0.0,0.9,0.9,0.6,0.6
trec-covid-chrono-r5,balanced,1,10000,30,1.0,36.266666666666666,36.266666666666666,18.066666666666666,18.066666666666666,25.5,13.600000000000001,0.0,0.0,0.9333333333333333,0.9333333333333333,0.7,0.7
trec-covid-chrono-r5,balanced,64,128,30,1.0,5.033333333333333,5.033333333333333,5.033333333333333,5.033333333333333,4.0,0.0,0.16666666666666666,0.16666666666666666,0.2,0.2,0.0,0.0
trec-covid-chrono-r5,balanced,64,256,30,1.0,7.833333333333333,7.833333333333333,7.833333333333333,7.833333333333333,7.0,1.9000000000000004,0.03333333333333333,0.03333333333333333,0.4,0.4,0.0,0.0
trec-covid-chrono-r5,balanced,64,512,30,1.0,11.933333333333334,11.933333333333334,11.133333333333333,11.133333333333333,10.0,2.9000000000000004,0.0,0.0,0.5,0.5,0.23333333333333334,0.23333333333333334
trec-covid-chrono-r5,balanced,64,1024,30,1.0,18.166666666666668,18.166666666666668,13.866666666666667,13.866666666666667,15.0,5.0,0.0,0.0,0.6666666666666666,0.6666666666666666,0.4666666666666667,0.4666666666666667
trec-covid-chrono-r5,balanced,64,2048,30,1.0,21.666666666666668,21.666666666666668,14.833333333333334,14.833333333333334,16.5,6.0,0.0,0.0,0.7666666666666667,0.7666666666666667,0.4666666666666667,0.4666666666666667
trec-covid-chrono-r5,balanced,64,4096,30,1.0,27.633333333333333,27.633333333333333,16.2,16.2,18.5,8.8,0.0,0.0,0.8333333333333334,0.8333333333333334,0.4666666666666667,0.4666666666666667
trec-covid-chrono-r5,balanced,64,8192,30,1.0,33.96666666666667,33.96666666666667,17.4,17.4,22.5,9.8,0.0,0.0,0.9,0.9,0.6,0.6
trec-covid-chrono-r5,balanced,64,10000,30,1.0,36.266666666666666,36.266666666666666,18.066666666666666,18.066666666666666,25.5,13.600000000000001,0.0,0.0,0.9333333333333333,0.9333333333333333,0.7,0.7
trec-covid-chrono-r5,dibud,1,128,30,1.0,5.166666666666667,5.166666666666667,5.166666666666667,5.166666666666667,4.0,0.0,0.16666666666666666,0.16666666666666666,0.2,0.2,0.0,0.0
trec-covid-chrono-r5,dibud,1,256,30,1.0,8.1,8.1,8.1,8.1,7.5,1.9000000000000004,0.03333333333333333,0.03333333333333333,0.4,0.4,0.0,0.0
trec-covid-chrono-r5,dibud,1,512,30,1.0,12.766666666666667,12.766666666666667,11.5,11.5,10.5,2.9000000000000004,0.0,0.0,0.5,0.5,0.23333333333333334,0.23333333333333334
trec-covid-chrono-r5,dibud,1,1024,30,1.0,19.0,19.0,14.066666666666666,14.066666666666666,15.0,5.9,0.0,0.0,0.7,0.7,0.4666666666666667,0.4666666666666667
trec-covid-chrono-r5,dibud,1,2048,30,1.0,23.166666666666668,23.166666666666668,15.1,15.1,17.0,6.9,0.0,0.0,0.7666666666666667,0.7666666666666667,0.4666666666666667,0.4666666666666667
trec-covid-chrono-r5,dibud,1,4096,30,1.0,30.733333333333334,30.733333333333334,16.366666666666667,16.366666666666667,20.0,8.8,0.0,0.0,0.8333333333333334,0.8333333333333334,0.5,0.5
trec-covid-chrono-r5,dibud,1,8192,30,0.3333333333333333,35.833333333333336,84.06666666666666,18.0,19.5,25.5,13.600000000000001,0.0,0.0,0.9333333333333333,1.0,0.6666666666666666,0.8666666666666667
trec-covid-chrono-r5,dibud,1,10000,30,0.16666666666666666,36.2,97.33333333333333,18.066666666666666,20.0,25.5,13.600000000000001,0.0,0.0,0.9333333333333333,1.0,0.7,1.0
trec-covid-chrono-r5,dibud,64,128,30,1.0,5.033333333333333,5.033333333333333,5.033333333333333,5.033333333333333,4.0,0.0,0.16666666666666666,0.16666666666666666,0.2,0.2,0.0,0.0
trec-covid-chrono-r5,dibud,64,256,30,1.0,7.833333333333333,7.833333333333333,7.833333333333333,7.833333333333333,7.0,1.9000000000000004,0.03333333333333333,0.03333333333333333,0.4,0.4,0.0,0.0
trec-covid-chrono-r5,dibud,64,512,30,1.0,12.2,12.2,11.2,11.2,10.0,2.9000000000000004,0.0,0.0,0.5,0.5,0.23333333333333334,0.23333333333333334
trec-covid-chrono-r5,dibud,64,1024,30,1.0,18.766666666666666,18.766666666666666,14.033333333333333,14.033333333333333,15.0,5.9,0.0,0.0,0.7,0.7,0.4666666666666667,0.4666666666666667
trec-covid-chrono-r5,dibud,64,2048,30,1.0,23.1,23.1,15.1,15.1,17.0,6.9,0.0,0.0,0.7666666666666667,0.7666666666666667,0.4666666666666667,0.4666666666666667
trec-covid-chrono-r5,dibud,64,4096,30,1.0,30.0,30.0,16.366666666666667,16.366666666666667,20.0,8.8,0.0,0.0,0.8333333333333334,0.8333333333333334,0.5,0.5
trec-covid-chrono-r5,dibud,64,8192,30,0.36666666666666664,35.833333333333336,81.5,18.0,19.5,25.5,13.600000000000001,0.0,0.0,0.9333333333333333,1.0,0.6666666666666666,0.8666666666666667
trec-covid-chrono-r5,dibud,64,10000,30,0.16666666666666666,36.2,97.33333333333333,18.066666666666666,20.0,25.5,13.600000000000001,0.0,0.0,0.9333333333333333,1.0,0.7,1.0
