dataset,n,budget,quality_lower,quality_upper,cost_saving_lower,baseline20_completion,completed_subset_n,completed_subset_saving,at20,zero_upper
msmarco-passage-trec-dl-2019,43,128,0.7464603034081497,0.7464603034081497,0.9375195795189529,0.813953488372093,35,0.7840447657720115,0.11627906976744186,0.0
msmarco-passage-trec-dl-2019,43,256,0.8766974111313856,0.8766974111313856,0.8939283186559458,0.813953488372093,35,0.6487075368921462,0.46511627906976744,0.0
msmarco-passage-trec-dl-2019,43,512,0.9393174415778514,0.9393174415778514,0.8361585854015107,0.813953488372093,35,0.5035654154699416,0.6046511627906976,0.0
msmarco-passage-trec-dl-2019,43,1024,0.9570182837478911,0.9570182837478911,0.740842586468957,0.813953488372093,35,0.2995939387937011,0.6744186046511628,0.0
msmarco-passage-trec-dl-2019,43,2048,0.9644432871304324,0.9644432871304324,0.6140137143652755,0.813953488372093,35,0.16395959195800736,0.7906976744186046,0.0
msmarco-passage-trec-dl-2019,43,4096,0.9738864462284565,0.9738864462284565,0.40015315534825435,0.813953488372093,35,0.06254332970189169,0.7906976744186046,0.0
msmarco-passage-trec-dl-2019,43,8192,0.9766875826659461,0.9832891764307354,0.005302423799412925,0.813953488372093,35,0.0,0.813953488372093,0.0
msmarco-passage-trec-dl-2019,43,10000,0.9794893804873677,0.9934584014024181,0.0,0.813953488372093,35,0.0,0.813953488372093,0.0
msmarco-passage-trec-dl-2020,54,128,0.7826710996545466,0.7826710996545466,0.9363022066122013,0.8518518518518519,46,0.8654729874520822,0.1111111111111111,0.0
msmarco-passage-trec-dl-2020,54,256,0.8708510286264899,0.8708510286264899,0.8874933190807055,0.8518518518518519,46,0.7680897164218196,0.35185185185185186,0.0
msmarco-passage-trec-dl-2020,54,512,0.9319873613474533,0.9319873613474533,0.8152630373367947,0.8518518518518519,46,0.6366580156670396,0.5370370370370371,0.0
msmarco-passage-trec-dl-2020,54,1024,0.9588650104355823,0.9588650104355823,0.70963770329083,0.8518518518518519,46,0.47067787328269717,0.6851851851851852,0.0
msmarco-passage-trec-dl-2020,54,2048,0.9723918348877156,0.9723918348877156,0.5724975185156906,0.8518518518518519,46,0.3236029429272126,0.7592592592592593,0.0
msmarco-passage-trec-dl-2020,54,4096,0.978695018483547,0.978695018483547,0.3386653432083683,0.8518518518518519,46,0.13036024667253987,0.7962962962962963,0.0
msmarco-passage-trec-dl-2020,54,8192,0.9861893677501224,0.9978148667643466,0.0,0.8518518518518519,46,0.0,0.8518518518518519,0.0
msmarco-passage-trec-dl-2020,54,10000,0.9861893677501224,0.9986432899485468,0.0,0.8518518518518519,46,0.0,0.8518518518518519,0.0
nfcorpus,323,128,0.9050889020392837,0.9050889020392837,0.8402911698400195,1.0,323,0.8402911698400195,0.2786377708978328,0.02476780185758514
nfcorpus,323,256,0.9496844111717927,0.9496844111717927,0.7231758879503127,1.0,323,0.7231758879503127,0.4520123839009288,0.018575851393188854
nfcorpus,323,512,0.9721128633413187,0.9721128633413187,0.5570343410199998,1.0,323,0.5570343410199998,0.6346749226006192,0.009287925696594427
nfcorpus,323,1024,0.9853221974510261,0.9853221974510261,0.34849390227340626,1.0,323,0.34849390227340626,0.7739938080495357,0.0030959752321981426
nfcorpus,323,2048,0.9986603971278326,0.9986603971278326,0.10855039791400711,1.0,323,0.10855039791400711,0.9009287925696594,0.0
nfcorpus,323,4096,1.0,1.0,0.004250753727897405,1.0,323,0.004250753727897405,0.9969040247678018,0.0
nfcorpus,323,8192,1.0,1.0,0.0,1.0,323,0.0,1.0,0.0
nfcorpus,323,10000,1.0,1.0,0.0,1.0,323,0.0,1.0,0.0
scifact,300,128,0.9767628626655708,0.9767628626655708,0.8341262049268119,1.0,300,0.8341262049268119,0.11333333333333333,0.0033333333333333335
scifact,300,256,0.9865047662070738,0.9865047662070738,0.7077427704391288,1.0,300,0.7077427704391288,0.4,0.0
scifact,300,512,0.9954925800146831,0.9954925800146831,0.5576401285255266,1.0,300,0.5576401285255266,0.68,0.0
scifact,300,1024,0.9989600347329285,0.9989600347329285,0.3988263120314174,1.0,300,0.3988263120314174,0.8233333333333334,0.0
scifact,300,2048,1.0,1.0,0.20575687254551944,1.0,300,0.20575687254551944,0.9,0.0
scifact,300,4096,1.0,1.0,0.03156015708675475,1.0,300,0.03156015708675475,0.9566666666666667,0.0
scifact,300,8192,1.0,1.0,0.0,1.0,300,0.0,1.0,0.0
scifact,300,10000,1.0,1.0,0.0,1.0,300,0.0,1.0,0.0
trec-covid,50,128,0.5005677312449675,0.5005677312449675,0.9651184338176784,0.66,33,0.9257109692396982,0.0,0.06
trec-covid,50,256,0.6909396645933843,0.6909396645933843,0.9320626996152127,0.66,33,0.857313705833729,0.12,0.0
trec-covid,50,512,0.7959834932211096,0.7959834932211096,0.8767154645243571,0.66,33,0.7552542253644982,0.3,0.0
trec-covid,50,1024,0.8747149386087789,0.8747149386087789,0.7883124952310359,0.66,33,0.6230675882446051,0.42,0.0
trec-covid,50,2048,0.9086591430187775,0.9086591430187775,0.6361852647183859,0.66,33,0.4383299037971121,0.46,0.0
trec-covid,50,4096,0.9377478797360335,0.9377478797360335,0.3648775330012317,0.66,33,0.17517015775866618,0.54,0.0
trec-covid,50,8192,0.9623794901662984,0.9903980142603198,0.0,0.66,33,0.0,0.66,0.0
trec-covid,50,10000,0.9623794901662984,0.9990844897648196,0.0,0.66,33,0.0,0.66,0.0
trec-covid-chrono-r1,30,128,0.6292198097623922,0.6292198097623922,0.9388826993474455,0.8666666666666667,26,0.9002398081534773,0.0,0.0
trec-covid-chrono-r1,30,256,0.8012038760604566,0.8012038760604566,0.882572019735795,0.8666666666666667,26,0.8095323741007194,0.13333333333333333,0.0
trec-covid-chrono-r1,30,512,0.8949666880292053,0.8949666880292053,0.7929014801846251,0.8666666666666667,26,0.6713429256594724,0.4,0.0
trec-covid-chrono-r1,30,1024,0.9344274003435683,0.9344274003435683,0.6677224255928697,0.8666666666666667,26,0.49697242206235015,0.5333333333333333,0.0
trec-covid-chrono-r1,30,2048,0.9665372282350356,0.9665372282350356,0.47364316409358587,0.8666666666666667,26,0.25422661870503593,0.6333333333333333,0.0
trec-covid-chrono-r1,30,4096,0.9818039675868838,0.9818039675868838,0.2338214228871558,0.8666666666666667,26,0.048111510791366885,0.8,0.0
trec-covid-chrono-r1,30,8192,0.9847850953939297,0.9950625514657686,0.0,0.8666666666666667,26,0.0,0.8666666666666667,0.0
trec-covid-chrono-r1,30,10000,0.9847850953939297,0.9950625514657686,0.0,0.8666666666666667,26,0.0,0.8666666666666667,0.0
trec-covid-chrono-r2,30,128,0.5423840095244999,0.5423840095244999,0.9438760596316866,0.8666666666666667,26,0.9086768014927831,0.0,0.0
trec-covid-chrono-r2,30,256,0.7149916509776216,0.7149916509776216,0.8915960245542239,0.8666666666666667,26,0.8245705504637506,0.16666666666666666,0.0
trec-covid-chrono-r2,30,512,0.8411027404138011,0.8411027404138011,0.8081116632563579,0.8666666666666667,26,0.6959277756434883,0.3,0.0
trec-covid-chrono-r2,30,1024,0.9137942332757304,0.9137942332757304,0.6802981584332066,0.8666666666666667,26,0.5121563031666758,0.4666666666666667,0.0
trec-covid-chrono-r2,30,2048,0.9643074118914775,0.9643074118914775,0.48205203156971643,0.8666666666666667,26,0.2523461939520334,0.6666666666666666,0.0
trec-covid-chrono-r2,30,4096,0.9824313617275862,0.9824313617275862,0.26506869336451333,0.8666666666666667,26,0.06975467866747165,0.8333333333333334,0.0
trec-covid-chrono-r2,30,8192,0.9860845391619467,0.9965650398309264,0.0,0.8666666666666667,26,0.0,0.8666666666666667,0.0
trec-covid-chrono-r2,30,10000,0.9860845391619467,1.0,0.0,0.8666666666666667,26,0.0,0.8666666666666667,0.0
trec-covid-chrono-r3,30,128,0.49521774304528515,0.49521774304528515,0.9621618958466769,0.6666666666666666,20,0.9081943697328313,0.0,0.03333333333333333
trec-covid-chrono-r3,30,256,0.6714414698848749,0.6714414698848749,0.9265211607626743,0.6666666666666666,20,0.8243858705397167,0.1,0.0
trec-covid-chrono-r3,30,512,0.7820268918336103,0.7820268918336103,0.8622653594127211,0.6666666666666666,20,0.682338174645867,0.2,0.0
trec-covid-chrono-r3,30,1024,0.8558734529139285,0.8558734529139285,0.7527713455190422,0.6666666666666666,20,0.4674556213017751,0.3,0.0
trec-covid-chrono-r3,30,2048,0.9049813629286787,0.9049813629286787,0.5858993939991132,0.6666666666666666,20,0.22736238120853502,0.5333333333333333,0.0
trec-covid-chrono-r3,30,4096,0.9428232836919057,0.9428232836919057,0.3402571808641671,0.6666666666666666,20,0.06781423704500622,0.6333333333333333,0.0
trec-covid-chrono-r3,30,8192,0.9555138533464248,0.9753193772447578,0.0,0.6666666666666666,20,0.0,0.6666666666666666,0.0
trec-covid-chrono-r3,30,10000,0.9575229024149687,1.0,0.0,0.6666666666666666,20,0.0,0.6666666666666666,0.0
trec-covid-chrono-r4,30,128,0.4681678879026352,0.4681678879026352,0.965450226732887,0.6666666666666666,20,0.9202790234180369,0.0,0.13333333333333333
trec-covid-chrono-r4,30,256,0.6632106262032892,0.6632106262032892,0.9312603469373065,0.6666666666666666,20,0.841803687095167,0.06666666666666667,0.0
trec-covid-chrono-r4,30,512,0.7981486237197795,0.7981486237197795,0.8731015619376664,0.6666666666666666,20,0.7202291978076731,0.23333333333333334,0.0
trec-covid-chrono-r4,30,1024,0.8546145976056269,0.8546145976056269,0.7867451234434607,0.6666666666666666,20,0.5807797708021923,0.4,0.0
trec-covid-chrono-r4,30,2048,0.9051451223262337,0.9051451223262337,0.6462607068307781,0.6666666666666666,20,0.41342800199302443,0.5,0.0
trec-covid-chrono-r4,30,4096,0.9375102349154767,0.9375102349154767,0.3784189879795581,0.6666666666666666,20,0.12415919282511212,0.5666666666666667,0.0
trec-covid-chrono-r4,30,8192,0.9580724059542469,0.9822273417696104,0.0,0.6666666666666666,20,0.0,0.6666666666666666,0.0
trec-covid-chrono-r4,30,10000,0.9604092166724761,1.0,0.0,0.6666666666666666,20,0.0,0.6666666666666666,0.0
trec-covid-chrono-r5,30,128,0.45723245997643663,0.45723245997643663,0.9673327718653497,0.7,21,0.9475153763545836,0.0,0.16666666666666666
trec-covid-chrono-r5,30,256,0.6218283263404722,0.6218283263404722,0.9346655437306995,0.7,21,0.8950307527091672,0.0,0.03333333333333333
trec-covid-chrono-r5,30,512,0.7731578910229877,0.7731578910229877,0.8796076529787578,0.7,21,0.8136483452113639,0.23333333333333334,0.0
trec-covid-chrono-r5,30,1024,0.8684471691679838,0.8684471691679838,0.7927757786114726,0.7,21,0.7043249048130431,0.4666666666666667,0.0
trec-covid-chrono-r5,30,2048,0.8978011350496756,0.8978011350496756,0.6533956052369649,0.7,21,0.564365908425266,0.4666666666666667,0.0
trec-covid-chrono-r5,30,4096,0.928079479932814,0.928079479932814,0.3790844669031638,0.7,21,0.2946597676461974,0.5,0.0
trec-covid-chrono-r5,30,8192,0.9605675075846752,0.9962016917573719,0.0,0.7,21,0.009567509518695672,0.6666666666666666,0.0
trec-covid-chrono-r5,30,10000,0.9620406273621006,1.0,0.0,0.7,21,0.0,0.7,0.0
